game_name,jumlah_pembelian,rata_rating,rata_playtime,skor_populer
Atari Anniversary Edition,231,3.9177489177489178,103.05974025974025,21.32396100000023
Fighting Force 2,196,3.933673469387755,99.53112244897959,20.758872486997998
40 Winks,212,3.839622641509434,104.63962264150943,20.599894733736942
Hoard,207,3.8405797101449277,100.25893719806763,20.513675120861404
Brainpipe,155,4.025806451612903,107.14451612903227,20.2567061066097
Labyrinth,200,3.805,106.96,20.208398127419557
Drums Challenge,157,4.0,101.86433121019108,20.19054292136173
Boom Beats,154,3.987012987012987,105.98311688311688,20.05394062107431
Wizorb,162,3.9012345679012346,103.04814814814814,19.860332619031535
Awesome Summer Minis Bundle,149,3.953020134228188,96.15637583892617,19.76874590783803
Tomb Raider Chronicles,133,4.052631578947368,102.59172932330827,19.75325593108945
Speedball 2 Evolution,159,3.8679245283018866,100.93836477987422,19.6346951460746
Everybody’S Golf 2,133,4.022556390977444,102.5609022556391,19.6223591252347
Constructor,155,3.8645161290322583,109.47032258064517,19.521305584325884
Cérébral Challenge [Psp],126,4.0396825396825395,96.05555555555556,19.476820464989043
Judge Dredd,163,3.803680981595092,104.64171779141104,19.432894089051445
Jet Set Radio,123,4.048780487804878,106.68617886178862,19.41735526211134
Patapon 3 [Psp],144,3.9027777777777777,101.50694444444444,19.40970562028804
Backgammon Blitz,144,3.9027777777777777,99.37916666666666,19.40970562028804
Riff: Everyday Shooter [Psp],131,3.984732824427481,101.67251908396946,19.39720313226808
Doki-Doki Universe,139,3.906474820143885,103.39136690647481,19.28873264988947
Fear Effect,143,3.874125874125874,95.65104895104895,19.255103590943044
Hotel Mogul,119,4.042016806722689,96.61008403361345,19.25397072673186
Solitaire,123,4.008130081300813,106.66829268292683,19.24479592471854
Motor Toon Grand Prix 2,127,3.968503937007874,106.8755905511811,19.20370964648843
Feisty Feet,134,3.91044776119403,99.11567164179104,19.163594688647823
Harvest Moon: Back To Nature,116,4.043103448275862,99.52155172413794,19.154488832241142
Flower,137,3.883211678832117,99.28029197080292,19.130176727383205
Hohokum,133,3.9022556390977443,107.26015037593986,19.098771901815702
Patapon [Psp],112,4.053571428571429,102.04107142857143,19.054576702497357
Velocity,105,4.114285714285714,96.2104761904762,19.035021841465532
Gensan,147,3.795918367346939,102.83673469387755,19.010210093052475
Shakedown: Hawaii,125,3.936,98.8312,19.001952936493062
Cool Boarders 2,121,3.9421487603305785,99.46776859504132,18.900189386088986
Farm Frenzy 3,152,3.7434210526315788,99.32105263157894,18.89739232204797
Wwe All Stars,142,3.795774647887324,96.82816901408451,18.88012102247588
Reel Fishing,137,3.8248175182481754,100.52992700729928,18.873666267766566
The Terminator,118,3.957627118644068,99.96779661016949,18.866210936315216
Gang Wars,119,3.9411764705882355,104.4689075630252,18.830518304990743
Bloons,121,3.925619834710744,96.32148760330578,18.83039913535135
A Space Shooter For 2 Bucks!,119,3.9327731092436973,111.62773109243697,18.795230603178982
Brick Breaker,120,3.9166666666666665,98.515,18.76023051062538
Sid Meier'S Pirates!,157,3.6815286624203822,103.94267515923566,18.73301214411854
Bloons Td,118,3.9152542372881354,108.41525423728814,18.688772969329204
Vibes,129,3.8217054263565893,103.1062015503876,18.63300854988102
Tetraminos,133,3.781954887218045,104.08721804511279,18.57518467839671
Farm Frenzy,138,3.746376811594203,101.1304347826087,18.555796882042394
Metal Gear Solid - Digital Graphic Novel,109,3.9541284403669725,94.56972477064221,18.538127659953563
Elementalmonster Td Portable [Psp],108,3.962962962962963,102.64074074074075,18.537628472733253
Carnivores: Dinosaur Hunter,117,3.8803418803418803,98.37777777777778,18.509818793377782
All-Star Boxing,117,3.8803418803418803,100.31623931623932,18.509818793377782
Quantum Conundrum,109,3.944954128440367,100.36422018348624,18.50072437695863
Final Fantasy Vii,101,4.01980198019802,109.44158415841585,18.49782025266256
Beat Hazard Ultra,110,3.9272727272727272,102.22363636363637,18.464367313793904
Missile Command,102,3.9901960784313726,108.53823529411764,18.41969150710219
Jellycar 2,107,3.9345794392523366,102.27850467289718,18.38579184283135
Flow [Psp],106,3.9339622641509435,111.11226415094339,18.34647482271471
Prehistoric Isle,92,4.076086956521739,106.14891304347827,18.336748534260877
Pandemonium 2,115,3.8521739130434782,100.5,18.326516109406484
Beaterator,126,3.7698412698412698,104.46587301587302,18.322393754946326
Resident Evil 3: Nemesis,117,3.8290598290598292,101.46153846153847,18.295679108429134
Jelly Pops,93,4.053763440860215,114.28387096774193,18.295276885300794
Urbanix,110,3.881818181818182,100.55909090909091,18.27847008208587
Beats [Psp],104,3.9326923076923075,102.36826923076923,18.26670098209462
Le Package Big Head,118,3.8135593220338984,103.50593220338983,18.262921848562772
Final Fantasy Viii,101,3.9603960396039604,111.97029702970298,18.261993150236787
Everybody'S Golf 2 [Psp],84,4.154761904761905,98.79523809523809,18.25371766043928
Heracles Chariot Racing,113,3.849557522123894,105.09115044247787,18.24889540447187
Floating Cloud God Saves The Pilgrims,112,3.857142857142857,98.88214285714285,18.246289452867668
Ozma Wars,97,3.9896907216494846,109.0360824742268,18.21673753637857
A-Men,76,4.2631578947368425,99.2328947368421,18.216479885614717
Kaleidoscope,88,4.090909090909091,102.75681818181819,18.209587420342494
Tales From Space: Mutant Blobs Attack,107,3.878504672897196,109.14485981308411,18.1586330501188
Farm Frenzy 2,133,3.6842105263157894,94.92857142857143,18.149770059368777
Best Of Solitaire,95,3.9894736842105263,98.20631578947369,18.13261876482972
Doodle Pool,86,4.093023255813954,93.2453488372093,18.122326027975863
Numba,126,3.7222222222222223,102.31904761904762,18.118671394350553
Vt Tennis,90,4.033333333333333,100.04222222222221,18.083497711203048
Vib-Ribbon,78,4.1923076923076925,99.77179487179487,18.07536650631314
Dissidia Final Fantasy,106,3.858490566037736,93.6254716981132,18.041734047484464
N20,98,3.9285714285714284,101.35204081632654,18.01771576694609
Zombie Tycoon (Français),106,3.849056603773585,89.54528301886792,18.00364145058068
Vagrant Story,90,4.011111111111111,103.93666666666665,17.998921946021525
Everybody'S Golf [Psp],100,3.9,102.18700000000001,17.983714282776134
Time Soldiers,98,3.9183673469387754,105.88877551020408,17.97764330370767
101-In-1 Megamix [Psp],120,3.716666666666667,96.79416666666665,17.918065056440014
Re-Loaded,109,3.7981651376146788,101.42844036697248,17.90227184903972
Deathspank: Thongs Of Virtue,99,3.888888888888889,94.22020202020201,17.901015073345988
Touchdown Fever,84,4.059523809523809,104.44642857142857,17.90067189081636
Stellar Attack,108,3.8055555555555554,104.90277777777777,17.89791766397601
Monochrome Racing,113,3.7610619469026547,108.14513274336282,17.883646010894555
Alien Zombie Death,91,3.967032967032967,101.61978021978021,17.87495828696836
T.N.K. Iii,96,3.90625,100.940625,17.850075385620514
Arcade Air Hockey & Bowling,81,4.074074074074074,100.43580246913581,17.80497297789822
Tom Clancy'S Rainbow Six,106,3.792452830188679,106.89905660377357,17.775085869157994
Hatsune Miku:Project Diva F 2Nd,84,4.023809523809524,106.87261904761904,17.768279727207762
Hardcore 4X4,79,4.0886075949367084,90.89113924050632,17.754710278612887
Omg-Z!,87,3.9770114942528734,108.6977011494253,17.73431863349364
Zombie Tycoon (Anglais),87,3.9655172413793105,100.73908045977011,17.6911303870558
Victory Road,94,3.882978723404255,103.12127659574467,17.678413430445023
Twisted Metal,105,3.7714285714285714,95.84190476190476,17.655195703856943
Divekick,81,4.012345679012346,106.13703703703705,17.579381320494743
Tokyo Twilight Ghost Hunters: Daybreak Special Gigs,80,4.025,101.6625,17.575401377325356
Movement,86,3.941860465116279,105.64999999999999,17.55685746356285
Journey - Édition Collector,75,4.093333333333334,97.85466666666667,17.556656653009046
Dynogems,91,3.879120879120879,103.310989010989,17.53898521497173
M.O.Z.O.X. Space Salvager,100,3.78,108.875,17.509030800008244
Kurushi Final,98,3.795918367346939,102.08877551020409,17.49677374484664
Caterpillar,82,3.975609756097561,101.28414634146341,17.493867055276038
International Track & Field,80,4.0,110.76875,17.48448512090305
Lemmings,80,4.0,96.775,17.48448512090305
Gold Medalist,78,4.0256410256410255,99.30512820512821,17.475359481849114
Castlestorm,83,3.9518072289156625,104.84939759036145,17.454196309290335
Alpha Mission,88,3.8863636363636362,102.9909090909091,17.437682838533085
Geronimo Stilton 2 Le Jeu Vidéo,78,4.012820512820513,108.6423076923077,17.429205095351882
Ea Sports Fight Night Round 3 [Psp],84,3.9285714285714284,101.93452380952381,17.415233957584842
Bigs 2 [Psp],62,4.290322580645161,117.86129032258064,17.412396909808418
Gta: Liberty City Stories,72,4.097222222222222,107.59444444444445,17.40122160654594
Reef Aquarium,74,4.054054054054054,89.54324324324324,17.36267836689328
Patapon 2 [Psp],110,3.6545454545454548,91.11818181818182,17.348983923545717
Alien Havoc,107,3.6728971962616823,91.82429906542056,17.32571747683947
Trailblazer,101,3.722772277227723,97.38217821782179,17.31868474053369
Metal Gear Solid,77,3.987012987012987,97.31168831168831,17.284851220730737
F1 2011,76,4.0,94.00657894736842,17.27900429464687
Bermuda Triangle,80,3.9375,102.46,17.257194479847282
Space Invaders Extreme,82,3.902439024390244,100.26585365853657,17.225163565838585
Bubble Trubble,81,3.9135802469135803,94.30617283950617,17.218434668649184
Fifty Words By Powgi,71,4.056338028169014,101.58309859154929,17.201656661357397
Choplifter Hd,68,4.102941176470588,105.23970588235295,17.183826133967134
Breakquest: Extra Evolution,88,3.8181818181818183,106.1465909090909,17.180381311263282
Sasuke Vs Commander,89,3.797752808988764,90.32921348314606,17.145324892758524
Fieldrunners,69,4.072463768115942,96.88985507246376,17.14014169346223
Tom Clancy'S Endwar,91,3.769230769230769,115.36043956043956,17.119018874975946
Lord Of Arcana,65,4.138461538461539,93.47076923076924,17.11501338635392
Syndicate Wars,84,3.8452380952380953,113.10595238095237,17.10631890916479
Fear Effect 2: Retro Helix,94,3.734042553191489,107.17446808510638,17.102339285042085
Sound Shapes,95,3.7157894736842105,105.58,17.069909220896367
Exit 2,72,4.0,111.3763888888889,17.062514857725894
James Pond 2 : Codename Robocod,70,4.0285714285714285,95.59571428571428,17.048128013349967
Tiny Hawk,74,3.9594594594594597,97.22297297297297,17.029356104466952
Warhawk (Ps One),59,4.237288135593221,109.41525423728814,17.023819768155075
Final Fantasy Ix,72,3.986111111111111,91.44861111111112,17.014128179323034
Generation Of Chaos: P.R.,80,3.8625,109.72999999999999,16.984445710580367
Disgaea 4: A Promise Revisited,78,3.8846153846153846,99.51538461538462,16.96766123037955
Vanguard Ii,88,3.7613636363636362,98.89886363636364,16.965963371871776
Let'S Golf!,82,3.8292682926829267,97.4,16.956460076401136
Bowling 3D,69,4.0144927536231885,94.58985507246376,16.94177669943688
Tactics Ogre: Let Us Cling Together,80,3.85,90.47,16.93898758236921
Marvin'S Maze,97,3.649484536082474,99.01134020618557,16.885660045986572
International Athletics,67,4.029850746268656,100.73134328358209,16.875373595333873
Energy Balance,72,3.9444444444444446,101.78888888888889,16.868968144114444
Resident Evil 2,71,3.9577464788732395,100.44788732394366,16.860187818653426
L.A. Gridlock,65,4.061538461538461,102.72307692307692,16.858515203895514
Hal 21,63,4.095238095238095,110.62063492063493,16.841586582585016
Ronnie O'Sullivan'S Snooker,82,3.792682926829268,110.03536585365853,16.822108331682408
Gunship,82,3.792682926829268,113.51951219512196,16.822108331682408
Cool Boarders,68,3.985294117647059,100.19852941176471,16.78377006563182
Bia D-Day + Prince Of Persia Rev.,62,4.096774193548387,97.22741935483872,16.780422189180463
Lemmings [Psp],72,3.9166666666666665,93.70138888888889,16.772194787308717
This Is Football Management,85,3.7411764705882353,112.70470588235294,16.763599827776904
Final Fantasy V,65,4.030769230769231,90.57076923076923,16.755915930912156
Tiny Troopers Joint Ops,79,3.810126582278481,95.15443037974683,16.74703470462875
Hatsune Miku: Project Diva F,82,3.768292682926829,91.88658536585366,16.732540501869927
Everhood: Eternity Edition,55,4.236363636363636,101.85454545454546,16.716261056198253
Legacy Of Kain: Soul Reaver,91,3.659340659340659,93.78131868131868,16.69905253498016
Buzz!: The Ultimate Music Quiz,74,3.864864864864865,96.13783783783784,16.696033842040624
Demon'S Tier+,64,4.03125,96.8796875,16.694822507366524
Extreme Exorcism,69,3.9420289855072466,103.73768115942029,16.69382045690519
Amplitude,58,4.155172413793103,105.39827586206897,16.68952318697885
Overlord Ii,82,3.7560975609756095,100.66219512195121,16.687756586963683
Beat Sketcher,82,3.7560975609756095,99.62439024390244,16.687756586963683
The Legend Of Tianding,63,4.0476190476190474,103.76349206349207,16.684982989604393
Crazy Taxi: Fare Wars,62,4.064516129032258,97.17258064516129,16.675093069075803
Robin Hood: The Return Of Richard,62,4.064516129032258,115.08870967741936,16.675093069075803
Tom Clancy Ghost Recon Predator,66,3.984848484848485,96.01060606060605,16.66350753659119
Core Blaster,75,3.84,118.94933333333334,16.65904894623054
Mix Superstar,79,3.7848101265822787,101.86962025316456,16.655427834266558
Persona 3 Portable,60,4.1,115.65166666666667,16.655140602779056
The 3Rd Birthday,83,3.7349397590361444,98.03012048192771,16.654010768021053
Need For Speed Shift,65,4.0,98.61384615384615,16.653316657928794
Brütal Legend,74,3.8513513513513513,103.81756756756756,16.648416375979718
Gold Fever,69,3.927536231884058,105.95652173913044,16.64422920839885
Phantom Brave: The Hermuda Triangle,69,3.927536231884058,108.0376811594203,16.64422920839885
Monster Hunter Freedom Unite,53,4.264150943396227,98.88490566037736,16.639981618984677
Cladun: This Is An Rpg!,58,4.137931034482759,107.11379310344829,16.634915939781127
Parasite Eve Ii,62,4.048387096774194,105.16451612903225,16.62242850902347
Touch Racing Nitro,66,3.9696969696969697,107.29090909090908,16.61264653133572
Strider,69,3.9130434782608696,94.9159420289855,16.594637959892513
Pic-A-Pix Pieces,77,3.792207792207792,93.77792207792207,16.58718441430508
Grandia,81,3.740740740740741,89.54691358024692,16.586778027919454
Valkyria Chronicles Ii,52,4.269230769230769,110.32692307692308,16.571922319356077
Tomb Raider,60,4.066666666666666,97.05333333333333,16.547905443587524
Barnanza,69,3.898550724637681,114.30289855072463,16.545046711386174
Tom Clancy'S Rainbow Six Vegas,84,3.6904761904761907,104.18095238095239,16.532619533527544
Hello Flowerz,76,3.789473684210526,105.05,16.529023821872595
Dead Nation,74,3.810810810810811,96.74324324324324,16.505563977797006
Limbo,69,3.8840579710144927,109.60144927536231,16.495455462879836
Jet Rider 2,69,3.8840579710144927,94.5623188405797,16.495455462879836
Ghost Recon Advanced Warfighter 2 [Psp],73,3.8219178082191783,107.91369863013698,16.493749238428467
Doodle Kingdom,68,3.8970588235294117,108.70735294117648,16.483728014380333
I Must Run!,68,3.8970588235294117,114.85000000000001,16.483728014380333
Persona 2: Innocent Sin,49,4.326530612244898,97.58979591836734,16.4789428752134
Robin Hood + Monochrome Racing,66,3.9242424242424243,101.6560606060606,16.46006351556932
Ys Seven,70,3.857142857142857,108.04285714285714,16.45793528209669
5 En 1 Solitaire,85,3.6588235294117646,111.7764705882353,16.456917907963774
Tennis In The Face,61,4.016393442622951,101.20819672131147,16.452601101056988
.Detuned,64,3.953125,96.265625,16.436091025823604
Final Exam,63,3.9682539682539684,101.47777777777779,16.423977001303356
Wild Arms,71,3.8309859154929575,99.01267605633802,16.421156449462604
Supermarket Mania,62,3.9838709677419355,107.16612903225807,16.411770268814152
Sar - Search And Rescue,62,3.9838709677419355,90.19032258064516,16.411770268814152
I Kill Zombies,53,4.188679245283019,94.95849056603774,16.41096086068372
Tekken 6,66,3.909090909090909,107.39545454545454,16.40920251031385
Breakquest,66,3.909090909090909,101.05,16.40920251031385
Everybody'S Tennis [Psp],91,3.5824175824175826,101.78461538461538,16.405076096983112
Syphon Filter,61,4.0,96.7327868852459,16.399464491369947
Ms. Germinator,65,3.923076923076923,103.32615384615384,16.396818475470393
Atv Racers,68,3.8676470588235294,114.79558823529412,16.383713997296503
Future Fight,59,4.033898305084746,101.31186440677965,16.37452725106592
Might & Magic Clash Of Heroes,71,3.816901408450704,98.90422535211268,16.37237518621918
Nova-111,71,3.816901408450704,100.71126760563381,16.37237518621918
Nba 2K12,67,3.8805970149253732,95.33432835820896,16.37107163488971
The Last Of Us,58,4.051724137931035,98.02586206896552,16.361879703792496
Vempire,57,4.0701754385964914,97.30175438596491,16.34910078500973
Wwe '13,57,4.0701754385964914,90.96140350877194,16.34910078500973
4X4 Jam,72,3.7916666666666665,92.75833333333334,16.33671468168295
Centipede,60,4.0,76.00666666666666,16.33343512520447
Dead Space Extraction,60,4.0,101.56666666666666,16.33343512520447
Ridge Racer Unbounded,66,3.878787878787879,106.69848484848485,16.307480499802917
Psych Yourself,62,3.9516129032258065,94.12741935483871,16.306441148709492
High Velocity Bowling,65,3.8923076923076922,105.37230769230769,16.294219202487035
Mahjong Gold,48,4.291666666666667,93.06041666666665,16.2862635774872
Sanctum 2,68,3.838235294117647,93.00294117647059,16.283699980212674
Coconut Dodge,52,4.173076923076923,106.19615384615385,16.2828385289322
Dissidia 012[Duodecim] Final Fantasy,56,4.071428571428571,105.86607142857143,16.28054470426549
Neogeo Heroes -Ultimate Shooting-,60,3.9833333333333334,103.91499999999999,16.279817545608708
Everyone Sing,63,3.9206349206349205,101.97777777777779,16.267373408322733
Pipe Madness,59,4.0,101.75254237288135,16.266311831551064
Final Fantasy Vi,66,3.8636363636363638,109.32878787878788,16.25661949454745
Golf Mania,72,3.763888888888889,111.5625,16.239941324877222
Dragoneer'S Aria [Psp],57,4.035087719298246,104.10526315789474,16.23886789288019
Fish Tank,64,3.890625,102.6609375,16.229105840589266
Grand Theft Auto: Chinatown Wars,56,4.053571428571429,107.87142857142858,16.224909136589993
Umjammer Lammy,63,3.9047619047619047,100.94761904761904,16.215172210662526
Machinarium,63,3.9047619047619047,113.43015873015874,16.215172210662526
Planète D-Cube,55,4.072727272727272,92.49272727272728,16.21077713146277
Retro/Grade,55,4.072727272727272,99.12545454545455,16.21077713146277
Cubixx / Vibes Bundle Pack,54,4.092592592592593,97.71296296296296,16.196458887557938
Blazblue Chronophantasma Extend,65,3.8615384615384616,92.58923076923077,16.191619929503673
Castlevania: Symphony Of The Night,68,3.8088235294117645,96.04264705882352,16.183685963128845
R.U.S.E,60,3.95,112.11833333333334,16.17258238641718
Fighting Force,60,3.95,102.70833333333333,16.17258238641718
Gori: Cuddly Carnage,60,3.95,108.89666666666668,16.17258238641718
Pool Nation,67,3.8208955223880596,90.79701492537313,16.169350850712043
Orbit,56,4.035714285714286,95.16785714285713,16.16927356891449
Aabs Animals,70,3.7714285714285714,112.33285714285715,16.162838916470054
Modnation Racers [Psp],55,4.054545454545455,96.65636363636364,16.15461225093661
Loaded,47,4.276595744680851,100.17021276595744,16.15040886240538
The Unfinished Swan,62,3.903225806451613,91.03064516129032,16.148447468552504
Edge,54,4.074074074074074,92.2574074074074,16.13975422729901
Echoes,75,3.6933333333333334,99.90666666666667,16.139381326516673
Psycho Soldier,46,4.304347826086956,92.81521739130434,16.13457333869946
Beat Saber,57,4.0,108.61929824561403,16.128635000750652
Aedis Eclipse: Generation Of Chaos,60,3.933333333333333,103.42166666666667,16.118964806821413
Asura’S Wrath,60,3.933333333333333,104.66000000000001,16.118964806821413
Blue Toad Murder Files Episode 1,55,4.036363636363636,99.15272727272726,16.098447370410444
Babel The King Of The Blocks,55,4.036363636363636,97.19636363636364,16.098447370410444
Bratz Rythme & Style,51,4.137254901960785,105.48823529411764,16.09384656586537
Ice Road Truckers,65,3.830769230769231,96.61692307692309,16.089020656520315
Get Up And Dance,54,4.055555555555555,101.11851851851851,16.08304956704008
Pic-A-Pix Color,64,3.84375,106.9640625,16.07386695166351
Jet Rider,64,3.84375,99.8546875,16.07386695166351
Car Jack Streets,60,3.9166666666666665,101.735,16.06534722722565
Ikari Warriors,70,3.742857142857143,107.90571428571428,16.064473461261173
Guilty Gear,63,3.857142857142857,107.54603174603174,16.058568617681903
Piyotama,55,4.0181818181818185,106.04727272727273,16.04228248988428
Galcon Labs,68,3.764705882352941,111.77352941176471,16.0336649375031
Buzz!: Master Quiz [Psp],57,3.9649122807017543,113.77543859649123,16.018402108621114
Ratchet & Clank 3,82,3.573170731707317,117.66463414634147,16.015997863370057
One Eyed Kutkh,76,3.6447368421052633,99.34342105263157,16.013412246840282
Rugby League Challenge,60,3.9,99.71666666666667,16.011729647629885
Flyhunter Origins,56,3.982142857142857,100.60357142857143,16.00236686588799
Sports Champions,59,3.9152542372881354,106.18135593220339,15.995773282763917
Worms: Battle Islands,52,4.076923076923077,98.57692307692308,15.993754738508319
A Bug'S Life,52,4.076923076923077,91.58076923076922,15.993754738508319
Flying Hamster,55,4.0,92.75818181818181,15.986117609358114
Ikari Iii: The Rescue,58,3.9310344827586206,117.99310344827587,15.979628973408415
Pinball Dreams,61,3.8688524590163933,115.3672131147541,15.97437161387364
Déflecteur,54,4.018518518518518,102.36666666666667,15.96964024652223
Resident Evil Director'S Cut,54,4.018518518518518,100.9148148148148,15.96964024652223
Awesomenauts,63,3.8253968253968256,104.73015873015873,15.954166222361488
Widget'S Odyssey,49,4.142857142857143,102.9673469387755,15.9428066380648
Revoltin' Youth,49,4.142857142857143,105.15102040816326,15.9428066380648
Arctic Adventures: Polar'S Puzzles,62,3.838709677419355,106.33709677419354,15.937789228343185
Street Skater 2,62,3.838709677419355,111.56612903225808,15.937789228343185
Dustforce,52,4.0576923076923075,98.93076923076923,15.935937980423542
"Monstres & Cie L,Île De L,Épouvante",65,3.7846153846153845,103.5123076923077,15.935121747045272
Rez Infinite,45,4.266666666666667,95.00666666666667,15.932118962816398
Airplane Flight Simulator : Combat Zone,48,4.166666666666667,117.85833333333333,15.925186922743546
Final FantasyIv: Complete Collection,61,3.8524590163934427,124.51803278688526,15.921235004186602
Yu-Gi-Oh! Millennium Duels,60,3.8666666666666667,120.61666666666666,15.904494488438358
Mecho Wars,60,3.8666666666666667,116.44666666666667,15.904494488438358
Joe Danger 2: The Movie,60,3.8666666666666667,101.03666666666666,15.904494488438358
Rally Cross,66,3.757575757575758,93.07424242424241,15.900592457759178
Cladun X2,69,3.710144927536232,87.9144927536232,15.90036048080378
Sniper: Ghost Warrior,59,3.8813559322033897,99.61525423728814,15.887557863249059
The Cube,49,4.122448979591836,104.70816326530611,15.883235945048284
Tigre En Difficulté,55,3.963636363636364,91.07272727272728,15.873787848305785
Alien Havoc & Bubble Trubble Bundle,58,3.896551724137931,113.52931034482758,15.870414479012965
Démo The Eye Of Judgment Legends,64,3.78125,111.5375,15.866881766429174
Démo Multijoueur Patapon 3,67,3.7313432835820897,101.42985074626866,15.866769674445543
Rocks N' Rockets,54,3.9814814814814814,99.77222222222223,15.856230926004375
Energy Cycle,54,3.9814814814814814,103.42777777777779,15.856230926004375
Arcade Essentials,60,3.85,94.885,15.850876908842595
North,44,4.2727272727272725,116.3840909090909,15.850778590306808
Smackdown Vs Raw 2009 [Psp],50,4.08,103.60799999999999,15.842143520247841
Hard Corps: Uprising,53,4.0,97.33207547169812,15.838408964931327
High Velocity Bowling Complete,53,4.0,113.39811320754718,15.838408964931327
Rumble Trucks,53,4.0,103.35849056603773,15.838408964931327
3D Twist & Match,71,3.6619718309859155,97.08309859154929,15.835781290541512
Dynogems + Tehra Dark Warrior,56,3.9285714285714284,101.77499999999999,15.835460162861489
Zombie Racers,62,3.806451612903226,104.08548387096775,15.832460108238525
Enigmo,49,4.1020408163265305,87.60612244897959,15.823665252031777
Epyx'S Impossible Mission,55,3.9454545454545453,109.42727272727272,15.81762296777962
L'Entraîneur 2010 – Express,55,3.9454545454545453,103.27454545454546,15.81762296777962
Marvel Puzzle Quest: Dark Reign,61,3.819672131147541,103.17049180327868,15.814961784812523
Disney Presente Hercule,45,4.222222222222222,115.67555555555555,15.807954048144772
Front Mission 3,51,4.03921568627451,98.93921568627451,15.80189825548188
Mots Croisés,51,4.03921568627451,98.41176470588235,15.80189825548188
Metal Gear Solid Portable Ops +,51,4.03921568627451,99.56470588235294,15.80189825548188
Blazblue Continuum Shift 2,51,4.03921568627451,116.43725490196078,15.80189825548188
Ratchet & Clank: A Crack In Time,54,3.962962962962963,111.61296296296297,15.799526265745447
Russian Subway Dogs,66,3.727272727272727,106.2560606060606,15.79887044724824
Shapo,47,4.148936170212766,98.32340425531915,15.785604236001914
Ultratron,53,3.981132075471698,100.54528301886792,15.781153775356088
Myst [Psp],56,3.9107142857142856,89.00178571428572,15.779824595185989
White Knight Chronicles: Origins [Psp],56,3.9107142857142856,99.05535714285715,15.779824595185989
Dragon'S Lair,62,3.7903225806451615,99.58387096774193,15.779795548186195
Hatsune Miku: Project Diva X,52,4.0,101.96346153846154,15.762487706169216
Corpse Party: Book Of Shadows,61,3.80327868852459,105.34754098360655,15.761825175125486
Ctr: Crash Team Racing,55,3.9272727272727272,118.9109090909091,15.761458087253457
Tehra Dark Warrior,48,4.104166666666667,99.64791666666667,15.744648595371721
Telegraph Sudoku & Kakuro,60,3.816666666666667,96.24166666666666,15.743641749651067
Vector Td,51,4.019607843137255,104.70784313725491,15.743508593405185
Bugriders: The Race Of Kings,54,3.9444444444444446,95.93333333333332,15.742821605486522
Motorstorm Rc,54,3.9444444444444446,100.08333333333333,15.742821605486522
Need For Speed Undercover,54,3.9444444444444446,109.47962962962963,15.742821605486522
Singes En Délire [Psp],71,3.6338028169014085,100.32394366197182,15.738218764054665
Ninja Gaiden Sigma Plus,53,3.9622641509433962,113.49056603773585,15.72389858578085
Hannah Montana - Rock Out The Show,58,3.8448275862068964,107.1103448275862,15.706592737419786
Visco Collection,52,3.980769230769231,101.51730769230768,15.704670948084441
Star Wars: Battlefront Ii,63,3.746031746031746,106.15714285714286,15.69316023406045
Alpha Protocol,60,3.8,105.25333333333333,15.6900241700553
Apprends Avec Les Pooyoos - Episode 1,51,4.0,103.4764705882353,15.685118931328487
Wired Arcade Bundle,65,3.707692307692308,98.34923076923077,15.678623564586871
Mahjongg Artifacts,59,3.8135593220338984,103.36440677966101,15.671127024219343
Batman: Arkham Asylum,70,3.6285714285714286,99.47428571428571,15.67101164042566
Il-2 Sturmovik: Birds Of Prey,53,3.943396226415094,112.16603773584906,15.666643396205608
Motogp 09/10,53,3.943396226415094,106.20377358490566,15.666643396205608
Krinkle Krusher,50,4.02,99.17,15.66522090765542
Left To Die In Zombhai,47,4.1063829787234045,112.14893617021276,15.664002693867427
The Saboteur,44,4.204545454545454,106.25227272727274,15.662548193201065
Ratchet & Clank 2,61,3.7704918032786887,103.42950819672132,15.655551955751406
The Metronomicon: Slay The Dance Floor,61,3.7704918032786887,97.96065573770493,15.655551955751406
Street Fighter Alpha 2,55,3.890909090909091,106.77818181818182,15.649128326201128
Skylanders Imaginators,49,4.040816326530612,94.5142857142857,15.644953172982243
Age Of Hammer Wars,63,3.7301587301587302,103.24285714285715,15.640959036400243
Crimsonland,54,3.9074074074074074,102.25555555555556,15.629412284968668
Les Gardiens Du Joyau : L'Île De L'Es,51,3.980392156862745,104.1313725490196,15.626729269251792
Va-11 Hall-A: Cyberpunk Bartender Action,45,4.155555555555556,90.55333333333334,15.62170667613734
Duael Invaders,89,3.393258426966292,99.66404494382023,15.612318866396526
Final Fantasy Tactics: War Of Lions,64,3.703125,101.6796875,15.608150284886253
Road Trip Adventure,58,3.810344827586207,75.77931034482758,15.597378243024338
Cohort Chess,58,3.810344827586207,106.48793103448276,15.597378243024338
Crystal Defenders [Psp],49,4.020408163265306,112.3204081632653,15.58538247996573
Xblaze Code : Embryo,57,3.824561403508772,93.1140350877193,15.577470540102961
Cat Quest Iii,43,4.209302325581396,91.66744186046512,15.57734540958649
Fling To The Finish,54,3.888888888888889,102.02037037037037,15.572707624709738
Who'S That Flying?!,51,3.9607843137254903,119.38627450980391,15.568339607175094
Skydrift,51,3.9607843137254903,111.83333333333333,15.568339607175094
Aero Racer,51,3.9607843137254903,107.41764705882353,15.568339607175094
Metal: Hellsinger (Ps5),59,3.7796610169491527,98.32033898305085,15.562911604704487
Castle Of Illusion Starring Mickey Mouse,56,3.8392857142857144,96.41428571428571,15.557282324483989
Motogp 10/11,56,3.8392857142857144,105.18214285714285,15.557282324483989
Dungeon Defenders,74,3.5405405405405403,107.83243243243244,15.553214656578923
Riff: Everyday Shooter,58,3.793103448275862,100.63620689655171,15.542770995826611
The Wolf Among Us - Episode 1: Faith,58,3.793103448275862,101.92931034482758,15.542770995826611
Tales Of Monkey Island Chapter 2: The Siege Of Spinner Cay,55,3.8545454545454545,101.95454545454545,15.5367985651488
Sam & Max' The Devil'S Playhouse,57,3.807017543859649,106.69298245614036,15.522354094038194
Uncharted: Drake’S Fortune,46,4.086956521739131,113.73695652173912,15.520223327750317
The Warriors,54,3.8703703703703702,113.2425925925926,15.516002964450811
Apprends Avec Les Pooyoos - Episode 2,54,3.8703703703703702,93.66851851851852,15.516002964450811
Elminage Original,48,4.020833333333333,108.74166666666667,15.503930825542614
Thank Goodness You'Re Here!,48,4.020833333333333,89.11874999999999,15.503930825542614
Vanguard,61,3.721311475409836,86.6639344262295,15.496142126690291
VelocityUltra,53,3.8867924528301887,106.13773584905661,15.494877827479893
Motorbike,53,3.8867924528301887,103.47358490566039,15.494877827479893
Shin Megami Tensei: Persona Full Game [Psp],50,3.96,106.764,15.488298295063004
Minutes,50,3.96,102.00200000000001,15.488298295063004
Persona 5: Dancing In Starlight,50,3.96,96.976,15.488298295063004
Yummy Yummy Cookie Jam,50,3.96,88.476,15.488298295063004
Tiny Token Empires,63,3.6825396825396823,113.93333333333334,15.484355443419618
Gex 3D: Enter The Gecko,55,3.8363636363636364,112.0109090909091,15.480633684622633
Pêche D’Une Chiquenaude,82,3.426829268292683,107.15731707317073,15.478590884495157
Commander Europe At War,65,3.646153846153846,99.35384615384615,15.47342501862015
Guess The Flag!,52,3.9038461538461537,108.41538461538462,15.473403915745337
Hive Sweeper,57,3.789473684210526,112.45964912280701,15.467237647973425
Dyad,46,4.065217391304348,113.35652173913043,15.458788326655403
Twin Breaker: A Sacred Symbols Adventure,43,4.162790697674419,110.49302325581395,15.45050870666695
Final Fantasy Ii,43,4.162790697674419,109.27441860465116,15.45050870666695
The Undergarden,48,4.0,104.425,15.443751383085338
Nubla,40,4.275,100.99249999999999,15.440600649049504
G-Police,53,3.8679245283018866,89.4622641509434,15.437622637904651
Monster Prom 2: Monster Camp Xxl Ps4 & Ps5,50,3.94,112.07600000000001,15.429324090865531
Motorhead,55,3.8181818181818183,94.89818181818181,15.424468804096472
Medievil,60,3.716666666666667,99.69166666666666,15.421936272076483
Knight Fortix 2,52,3.8846153846153846,102.5596153846154,15.415587157660562
Nom Nation,52,3.8846153846153846,106.58846153846154,15.415587157660562
Key Of Heaven [Psp],39,4.3076923076923075,91.41794871794872,15.414656502624267
Operation Flashpoint: Dragon Rising,46,4.043478260869565,114.38478260869564,15.397353325560488
Legends Of War: Patton'S Campaign,46,4.043478260869565,90.30869565217391,15.397353325560488
Scarygirl,51,3.9019607843137254,102.28039215686275,15.393170620945002
Energy Invasion,63,3.6507936507936507,95.0031746031746,15.379953048099205
Star Hammer Tactics,70,3.5428571428571427,100.58285714285715,15.37591527479902
Cozy Grove,42,4.166666666666667,93.73333333333333,15.361959753108653
Kiborg,52,3.8653846153846154,117.48653846153846,15.357770399575786
Stick Man Rescue,57,3.754385964912281,109.69298245614036,15.357004755843887
Pinball Arcade,57,3.754385964912281,111.09122807017543,15.357004755843887
The Eye Of Judgment,44,4.090909090909091,107.6159090909091,15.348830864691498
Okami Hd,49,3.938775510204082,104.93265306122449,15.34709970789969
Ion Assault Hd,54,3.814814814814815,96.95,15.345888983674032
The Last Bounty Hunter,54,3.814814814814815,106.01851851851852,15.345888983674032
Syberia 2,46,4.021739130434782,99.36739130434782,15.33591832446557
Escape Plan,51,3.8823529411764706,100.18627450980392,15.334780958868304
Aeterna Noctis,43,4.116279069767442,115.13953488372093,15.323672003747413
Bomberman Ultra,50,3.9,95.544,15.311375682470587
Dancedancerevolution New Moves,45,4.044444444444444,91.61555555555555,15.31129438945828
Zeno Clash 2,62,3.6451612903225805,101.91129032258064,15.305814507715226
Locoroco-Midnight Carnival-,57,3.736842105263158,96.26491228070176,15.301888309779118
Spaceball: Revolution,52,3.8461538461538463,88.2173076923077,15.299953641491012
A Musical Story,52,3.8461538461538463,94.98653846153846,15.299953641491012
Lollipop Chainsaw,47,3.978723404255319,93.48297872340426,15.29919806746396
Guilty Gear Judgment,42,4.142857142857143,90.12380952380951,15.29785231603717
Table Ice Hockey,49,3.9183673469387754,101.64489795918368,15.287529014883177
Star Wars: The Force Unleashed,49,3.9183673469387754,109.87346938775511,15.287529014883177
The Walking Dead – Episode 1: A New Day,46,4.0,95.1891304347826,15.274483323370658
Silent Hill,46,4.0,94.72608695652173,15.274483323370658
Marvel Ultimate Alliance 2,58,3.706896551724138,107.78103448275863,15.269734759837982
Abyss Odyssey,48,3.9375,119.01875,15.263213055713514
Dead Island,48,3.9375,111.83125,15.263213055713514
Zombie Driver Hd,60,3.6666666666666665,90.695,15.26108353328919
Denki Blocks!,55,3.7636363636363637,99.72909090909091,15.255974162517976
Rainbow Skies [Cross-Buy],55,3.7636363636363637,91.65454545454546,15.255974162517976
Major League Baseball 2K9 [Psp],69,3.5217391304347827,105.13913043478261,15.255674250221384
Fate/Extra,50,3.88,112.57600000000001,15.252401478273114
Street Smart,57,3.719298245614035,96.93333333333334,15.24677186371435
Everybody'S Golf,57,3.719298245614035,105.64035087719299,15.24677186371435
Blast Off,52,3.826923076923077,114.5673076923077,15.242136883406236
Castlevania: Harmony Of Despair,52,3.826923076923077,108.73846153846154,15.242136883406236
Armored Core Silent Line Portable [Psp],47,3.9574468085106385,111.78085106382979,15.238397296396718
Angry Birds,54,3.7777777777777777,94.92592592592592,15.232479663156175
Tomb Raider Iii,49,3.8979591836734695,108.2795918367347,15.227958321866666
Matchbox Aventures En Voitures,44,4.045454545454546,109.59545454545454,15.223343933287673
Uncharted 2: Among Thieves,58,3.689655172413793,108.4793103448276,15.215127512640256
Syphon Filter: Logan'S Shadow,46,3.9782608695652173,99.25652173913043,15.213048322275743
Rock Of Ages,46,3.9782608695652173,91.98695652173912,15.213048322275743
Trivial Pursuit,60,3.65,109.79333333333334,15.207465953693426
The Marbians,48,3.9166666666666665,97.06666666666666,15.203033613256235
Armored Core Last Raven Portable [Psp],48,3.9166666666666665,91.78958333333333,15.203033613256235
Stand O 'Food,48,3.9166666666666665,98.39583333333333,15.203033613256235
"Egypte, Les Bâtisseurs D'Empires",62,3.6129032258064515,86.6758064516129,15.200485387610566
After Burner: Black Falcon,55,3.7454545454545456,113.0,15.199809281991815
Flow,55,3.7454545454545456,98.94181818181819,15.199809281991815
Growlanser Wayfarer Of Time,45,4.0,104.57111111111111,15.187129474786655
Trine 2,38,4.2631578947368425,97.65263157894736,15.186811363141627
Kahoots,52,3.8076923076923075,114.61346153846154,15.184320125321461
Sly Raccoon,59,3.6610169491525424,107.57288135593221,15.184157636402484
Rainbow Moon,40,4.175,96.6875,15.178482779861524
Far Cry 4,47,3.9361702127659575,95.94255319148937,15.177596525329474
Habroxia 2,47,3.9361702127659575,88.14255319148936,15.177596525329474
Beach Buzzin’ Chopper,47,3.9361702127659575,89.82340425531915,15.177596525329474
Capes,47,3.9361702127659575,93.87234042553192,15.177596525329474
P.O.W. - Prisoners Of War,54,3.759259259259259,99.60740740740741,15.175775002897247
Ethan: Meteor Hunter,42,4.095238095238095,110.32142857142857,15.169637441894208
Polar Panic,42,4.095238095238095,114.76904761904763,15.169637441894208
Prince Of Persia: Revelations,44,4.0227272727272725,105.98863636363636,15.160600467585756
N.O.V.A. Near Orbit Vanguard Alliance,51,3.823529411764706,101.3843137254902,15.159611972638215
The Fancy Pants Adventures,51,3.823529411764706,110.94705882352942,15.159611972638215
Tomb Raider Ii Starring Lara Croft,46,3.9565217391304346,109.55217391304349,15.151613321180829
Lone Survivor: The Director'S Cut,46,3.9565217391304346,108.26304347826088,15.151613321180829
The Raven - Legacy Of A Master Thief,41,4.121951219512195,114.7439024390244,15.141696623158927
Hop Up,50,3.84,101.236,15.13445306987817
Syphon Filter: Dark Mirror [Psp],43,4.046511627906977,100.78372093023255,15.133416949368103
Lilo & Stitch : Ouragan Sur Hawaï,43,4.046511627906977,100.3813953488372,15.133416949368103
Letter Quest Remastered,52,3.7884615384615383,116.25576923076923,15.126503367236685
Rock Band 2,45,3.977777777777778,95.34222222222222,15.125047017450843
Crazy Strike Bowling,45,3.977777777777778,96.13777777777777,15.125047017450843
Motogp14,45,3.977777777777778,96.72888888888889,15.125047017450843
The Persistence,45,3.977777777777778,97.40888888888888,15.125047017450843
Elefunk,38,4.2368421052631575,105.93684210526315,15.119799398571615
Silent Hill: Origins,47,3.9148936170212765,103.61489361702127,15.116795754262228
Resogun,51,3.803921568627451,99.66274509803922,15.101222310561516
Overlord: Raising Hell,51,3.803921568627451,115.9843137254902,15.101222310561516
Ssx,51,3.803921568627451,94.80196078431372,15.101222310561516
Final Fantasy,44,4.0,103.05,15.097857001883844
Street Food Restaurant Owner,44,4.0,96.34772727272728,15.097857001883844
Child Of Eden,44,4.0,102.68181818181819,15.097857001883844
Tour De France 2022,44,4.0,103.61590909090908,15.097857001883844
Ratchet & Clank,44,4.0,88.19318181818181,15.097857001883844
Sky Force Anniversary,53,3.7547169811320753,122.33396226415094,15.094091500453217
Mahjongg Artifacts: Chapter 2,46,3.9347826086956523,102.78478260869566,15.090178320085915
Top Darts,66,3.515151515151515,103.86060606060606,15.086816373671695
Squares,39,4.17948717948718,116.3025641025641,15.083341422051758
Lunar: Silver Star Harmony,48,3.875,97.68958333333335,15.082674728341685
Keylocker | Turn Based Cyberpunk Action,41,4.097560975609756,90.91951219512195,15.076885583599756
Lego Marvel'S Avengers,50,3.82,99.516,15.075478865680696
Splash Cars Ps4 & Ps5,43,4.023255813953488,82.71860465116279,15.069998597908333
Ibb & Obb,45,3.9555555555555557,107.09333333333333,15.062964560115033
Arcana Heart 3,45,3.9555555555555557,98.29555555555557,15.062964560115033
Astrea: Six-Sided Oracles,47,3.893617021276596,102.77872340425533,15.055994983194987
Mana Khemia: Student Alliance,40,4.125,113.55499999999999,15.047423845267536
Bowling In A Skate Park,40,4.125,104.63499999999999,15.047423845267536
Death End Re,51,3.784313725490196,90.60196078431372,15.04283264848482
Tomb Raider: Legend [Psp],42,4.0476190476190474,100.16904761904763,15.041422567751248
Pallurikio,44,3.977272727272727,124.22727272727273,15.035113536181926
Ace Armstrong Vs. The Alien Scumbags!,55,3.690909090909091,114.11818181818182,15.03131464041332
Unit 13,55,3.690909090909091,107.86727272727272,15.03131464041332
The Longest Road On Earth,46,3.9130434782608696,96.7804347826087,15.028743318991
A Bug'S Life And Monster'S Inc,48,3.8541666666666665,112.66458333333333,15.02249528588441
Death Elevator,41,4.073170731707317,94.17073170731707,15.012074544040589
Pack Vert [Psp],41,4.073170731707317,106.19268292682926,15.012074544040589
Soul Searching,43,4.0,88.34186046511627,15.006580246448562
Lego Harry Potter: Années 5-7,54,3.7037037037037037,109.58703703703704,15.005661022120465
Impulsivité Criminelle,45,3.933333333333333,104.50666666666667,15.000882102779219
Pistol Whip Ps4 & Ps5,45,3.933333333333333,110.96222222222222,15.000882102779219
Arcade Essentials Evolution,58,3.6206896551724137,113.57413793103449,14.996698523849352
Super Slammin' Dodgeball,51,3.764705882352941,103.53725490196078,14.984442986408121
Deep Ones,42,4.023809523809524,110.91190476190476,14.977315130679766
Disney Atlantide : L'Empire Perdu,42,4.023809523809524,111.96904761904761,14.977315130679766
Blazerush,44,3.9545454545454546,109.17045454545455,14.972370070480014
Widget'S Odyssey 1 And 2,46,3.891304347826087,95.80652173913045,14.967308317896086
Canabalt,46,3.891304347826087,95.1391304347826,14.967308317896086
Metal Slug Xx,48,3.8333333333333335,103.625,14.962315843427135
Gungnir,48,3.8333333333333335,100.55624999999999,14.962315843427135
Wonder Boy In Monster World,37,4.216216216216216,98.59189189189189,14.953432822449377
"3,2,1...Supercrash!",52,3.730769230769231,103.53461538461539,14.953053092982358
For The Warp,39,4.128205128205129,106.00256410256411,14.950815389822756
The Jackbox Party Pack 2,39,4.128205128205129,98.31794871794872,14.950815389822756
Shank 2,56,3.642857142857143,100.84464285714286,14.945291080053481
The Night Of The Rabbit,43,3.9767441860465116,89.38604651162791,14.943161894988792
Fuga: Melodies Of Steel 3,47,3.851063829787234,108.1531914893617,14.934393441060497
It'S Spring Again,49,3.795918367346939,96.41836734693878,14.93010485678411
Claire: Extended Cut,49,3.795918367346939,99.23469387755102,14.93010485678411
20Q,51,3.7450980392156863,106.4843137254902,14.926053324331425
Dead Rising 2 Off The Record,36,4.25,106.96388888888889,14.91995866897426
Numblast [Psp],40,4.075,107.5,14.916364910673542
1-2-Whopping Word Search!,32,4.46875,114.028125,14.916174477792289
Cat Needs Ps4 & Ps5,44,3.9318181818181817,84.77272727272727,14.9096266047781
Pixeljunk Shooter Ultimate,46,3.869565217391304,99.98913043478261,14.90587331680117
Exit Station 7,46,3.869565217391304,82.7891304347826,14.90587331680117
Proteus,50,3.76,102.88,14.898556253088278
Under Night In-Birth Exe:Late[St],50,3.76,110.044,14.898556253088278
Dynasty Warriors [Psp],52,3.7115384615384617,108.26923076923077,14.895236334897584
Uncharted: Drake'S Fortune,37,4.1891891891891895,89.81351351351351,14.885656254227404
Inside My Radio,35,4.285714285714286,104.13428571428571,14.88525027398988
Breakquest: Extra Evolution Pro Edition,41,4.024390243902439,94.80731707317074,14.882452464922252
Game & Console Supermarket: Business Simulator,41,4.024390243902439,86.8048780487805,14.882452464922252
Super Motherload,49,3.7755102040816326,106.5265306122449,14.8705341637676
Hatsune Miku: Project Diva F - Démo Du Jeu,49,3.7755102040816326,106.00204081632654,14.8705341637676
Hysteria Project,49,3.7755102040816326,84.18979591836735,14.8705341637676
Stranded: A Mars Adventure,38,4.131578947368421,77.61052631578947,14.851751540291572
Conscript,36,4.222222222222222,108.74166666666666,14.85140161628643
Suikoden,36,4.222222222222222,110.90833333333333,14.85140161628643
"The Walking Dead: Season 2 - Ep.1, All That Remains",36,4.222222222222222,106.46111111111111,14.85140161628643
Super Stardust Portable [Psp],40,4.05,93.715,14.85083544337655
Gods Eater Burst,34,4.323529411764706,84.6029411764706,14.8491923801387
Ufc Undisputed 2010 [Psp],42,3.9761904761904763,96.21666666666667,14.849100256536804
Spirit Of The Island,42,3.9761904761904763,97.41666666666667,14.849100256536804
Metal Gear Solid Portable Ops,44,3.909090909090909,108.5,14.846883139076189
Guerrilla War,44,3.909090909090909,88.60227272727273,14.846883139076189
Wicked Monsters Blast! Hd,44,3.909090909090909,107.91363636363636,14.846883139076189
Volley Pals,44,3.909090909090909,106.72272727272728,14.846883139076189
Minefield,46,3.847826086956522,100.80434782608695,14.844438315706258
Spectral Souls: Rotee,46,3.847826086956522,105.74782608695651,14.844438315706258
Streak: Hover Board Racing,48,3.7916666666666665,99.73333333333333,14.841956958512581
Mediatonic Combo!,50,3.74,106.084,14.839582048890808
Idiot Squad,52,3.6923076923076925,91.9346153846154,14.837419576812808
Link-A-Pix Deluxe,52,3.6923076923076925,115.06153846153846,14.837419576812808
Dragon Age: Origins,52,3.6923076923076925,106.42692307692307,14.837419576812808
Glyphs Of Gitzan Ps4 & Ps5,37,4.162162162162162,87.2054054054054,14.81787968600543
Spiderman 3,35,4.257142857142857,113.41428571428571,14.815896668757638
Just Cause 2,35,4.257142857142857,102.99714285714286,14.815896668757638
Gravity Crash [Psp],35,4.257142857142857,91.27714285714285,14.815896668757638
Jak & Daxter: The Lost Frontier [Psp],35,4.257142857142857,100.89428571428572,14.815896668757638
Namco Heritage Bundle,45,3.8666666666666667,114.74444444444444,14.814634730771784
Crash Bandicoot2: Cortex Strikes Back,45,3.8666666666666667,116.26666666666667,14.814634730771784
Critter Crunch,47,3.8085106382978724,106.50212765957447,14.81279189892601
Rock Band,47,3.8085106382978724,106.1404255319149,14.81279189892601
Guilty Gear Xx Accent Core Plus,51,3.7058823529411766,101.53725490196078,14.809274000178032
Parchési,40,4.025,102.48499999999999,14.785305976079556
Defenders Of The Mystic Garden,40,4.025,93.38250000000001,14.785305976079556
Tcg Card Market Simulator,42,3.9523809523809526,101.22380952380952,14.784992819465323
Portal 2,42,3.9523809523809526,88.56428571428572,14.784992819465323
Thexder Neo,42,3.9523809523809526,113.63809523809525,14.784992819465323
Goosebumps: The Game,38,4.105263157894737,119.03421052631579,14.784739575721561
Stealth Inc 2: A Game Of Clones,38,4.105263157894737,111.53421052631579,14.784739575721561
All-In-One Sports Collection,44,3.8863636363636362,91.73863636363636,14.784139673374272
Swapquest,44,3.8863636363636362,100.11136363636363,14.784139673374272
Tori Emaki,48,3.7708333333333335,105.20833333333333,14.781777516055307
Critical Depth,48,3.7708333333333335,100.75416666666666,14.781777516055307
Inferno Pool,48,3.7708333333333335,98.51041666666667,14.781777516055307
Rugby Challenge 3,50,3.72,100.124,14.780607844693334
Cabernet,50,3.72,99.932,14.780607844693334
Phantom Spark,41,3.975609756097561,105.36585365853658,14.752830385803916
Disgaea Infinite,45,3.8444444444444446,104.11555555555555,14.752552273435974
Tv Superstars,39,4.051282051282051,105.07692307692308,14.75202634147925
Brothers: A Tale Of Two Sons,59,3.5254237288135593,106.32203389830508,14.75129595834305
Gamelion Xmas Minis Bundle 2011,51,3.6862745098039214,103.74313725490197,14.750884338101333
Destruction Derby,55,3.6,101.86181818181818,14.750490237782497
Casual Challenge Players' Club Ps4 & Ps5,33,4.333333333333333,119.42727272727272,14.740659944489638
Tales Of Monkey Island Chapter 3: Lair Of The Leviathan,48,3.75,117.60833333333333,14.721598073598031
Foosball 2012,44,3.8636363636363638,116.60454545454546,14.72139620767236
Snake Warriors: Training,42,3.9285714285714284,91.00952380952381,14.720885382393842
Savage Moon: The Hera Campaign [Psp],42,3.9285714285714284,96.61190476190477,14.720885382393842
Pj Masks Power Heroes : Une Puissante Alliance,36,4.166666666666667,106.05000000000001,14.714287510910776
Blood Omen: Legacy Of Kain,36,4.166666666666667,97.275,14.714287510910776
Go! Puzzle [Psp],34,4.264705882352941,111.3970588235294,14.70885965100467
F.E.A.R. 3,34,4.264705882352941,96.08235294117648,14.70885965100467
Disney·Pixar Cars Quatre Roues [Psp],34,4.264705882352941,105.51470588235294,14.70885965100467
Carnivores: Ice Age,51,3.6666666666666665,109.01176470588236,14.692494676024637
Art Of Rally,49,3.7142857142857144,110.52448979591837,14.691822084718066
Crash Bandicoot 3 Warped,45,3.8222222222222224,106.98444444444445,14.690469816100162
Rayman,43,3.883720930232558,111.12790697674419,14.689488489149712
Wroom Wroom Bundle!,43,3.883720930232558,123.95813953488371,14.689488489149712
Malicious,43,3.883720930232558,99.10232558139533,14.689488489149712
Yakuza 4,41,3.951219512195122,89.71219512195121,14.688019346244745
Knightica,41,3.951219512195122,104.89024390243902,14.688019346244745
Spiral Splatter,41,3.951219512195122,99.25853658536585,14.688019346244745
Braid,39,4.0256410256410255,105.35897435897436,14.685763325364745
Littlebigplanet Playstation Vita,35,4.2,115.47428571428571,14.67718945829315
Hidden Cat Outlaws,35,4.2,99.14857142857143,14.67718945829315
Nubla 2,50,3.68,103.54799999999999,14.662659436298389
Lego Batman 2: Dc Super Heroes,48,3.7291666666666665,106.60416666666667,14.661418631140753
Mr.Hat And The Magic Cube,44,3.840909090909091,103.91818181818181,14.658652741970442
Brandish: The Dark Revenant,36,4.138888888888889,94.76666666666667,14.645730458222946
Nexoria: Dungeon Rogue Heroes,29,4.551724137931035,93.7103448275862,14.643486229028861
The Red Star,34,4.235294117647059,103.99411764705883,14.63869328643765
Neon Noodles Ps4 & Ps5,49,3.693877551020408,87.53877551020408,14.632251391701553
Rogue Legacy,47,3.74468085106383,92.26595744680851,14.630389585724274
Motorstorm Arctic Edge [Psp],45,3.8,99.68,14.62838735876435
Breakquest: Extra Evolution - 500 Balls Bundle,43,3.86046511627907,98.12325581395349,14.626070137689943
Shift Extended – Le Jeu,43,3.86046511627907,105.47674418604652,14.626070137689943
The Last Blade 2,39,4.0,89.35128205128204,14.619500309250244
Steamworld Heist,39,4.0,90.58717948717948,14.619500309250244
Castle Rustle [Psp],37,4.081081081081081,92.28918918918919,14.614549981339504
Sackboy’S Prehistoric Moves,37,4.081081081081081,108.94324324324324,14.614549981339504
Resistance: Retribution [Psp],37,4.081081081081081,110.72162162162162,14.614549981339504
Fairy Fencer F: Refrain Chord,37,4.081081081081081,99.15945945945946,14.614549981339504
Insomnis,35,4.171428571428572,99.95428571428572,14.607835853060907
Star Wars The Clone Wars: Hr,52,3.6153846153846154,96.89230769230768,14.606152544473705
Dungeon Siege Iii,48,3.7083333333333335,108.40833333333332,14.601239188683477
Sparkle 2,46,3.760869565217391,99.14565217391304,14.598698311326597
Wipeout Pulse [Psp],44,3.8181818181818183,107.20227272727271,14.59590927626853
Mad Blocker Alpha: Rotf,42,3.880952380952381,109.79761904761905,14.59267050825088
Jetpack Joyride + 150K Coins,42,3.880952380952381,91.77857142857142,14.59267050825088
F1 Manager 2023,40,3.95,105.905,14.588717574188568
Forest Puzzle,38,4.026315789473684,85.94210526315788,14.583703682011524
Little Adventure On The Prairie,36,4.111111111111111,108.32499999999999,14.577173405535117
Secret Paws - Cozy Offices Ps4 & Ps5,36,4.111111111111111,99.58888888888889,14.577173405535117
Roguebook,36,4.111111111111111,101.65555555555555,14.577173405535117
Yoostar 2,34,4.205882352941177,101.04411764705883,14.568526921870632
Patapon 3 Déblocage En Ligne [Psp],45,3.7777777777777777,105.97555555555554,14.566304901428538
Space Channel 5 Part 2,39,3.9743589743589745,94.63846153846154,14.553237293135743
Handball 16,39,3.9743589743589745,101.23076923076923,14.553237293135743
Cubixx,46,3.739130434782609,91.90217391304348,14.537263310231683
World Of Outlaws: Dirt Racing 24,44,3.7954545454545454,93.14318181818182,14.533165810566617
Premier Manager 2012,42,3.857142857142857,101.78095238095239,14.528563071179398
Liar'S Pub,33,4.242424242424242,110.4090909090909,14.527673719079823
Street Fighter Alpha Warriors' Dreams,53,3.5660377358490565,96.31886792452829,14.521539604700823
Sky Force,49,3.6530612244897958,100.59795918367347,14.513110005668532
Risk,36,4.083333333333333,107.55555555555556,14.508616352847291
The Ratchet & Clank Trilogy,34,4.176470588235294,101.55,14.498360557303617
Swords Of Destiny,41,3.8780487804878048,111.88292682926829,14.493586227567242
Hypercharge: Unboxed,41,3.8780487804878048,94.76341463414634,14.493586227567242
Ea Sports Fc 24 Ps5,41,3.8780487804878048,93.63170731707318,14.493586227567242
Red Matter,41,3.8780487804878048,97.16341463414633,14.493586227567242
Rock Boshers Dx: Director'S Cut,39,3.948717948717949,107.8974358974359,14.486974277021242
Hot Rod Mayhem,39,3.948717948717949,102.95641025641027,14.486974277021242
Blazblue Continuum Shift Extend,39,3.948717948717949,108.34615384615384,14.486974277021242
Bodycamera Shooter,39,3.948717948717949,118.76923076923077,14.486974277021242
Spot The Diff,48,3.6666666666666665,102.31458333333335,14.480880303768927
Quiz Thiz United Kingdom: Silver Edition,37,4.027027027027027,123.3108108108108,14.478996844895555
The Abandoned Planet,37,4.027027027027027,96.56756756756756,14.478996844895555
Mad Riders,46,3.717391304347826,92.67173913043477,14.47582830913677
Trouvez Les Différences !,44,3.772727272727273,94.13863636363637,14.470422344864705
Eyepet,35,4.114285714285714,102.34857142857142,14.469128642596418
Rayman 3 Hd,35,4.114285714285714,91.90857142857143,14.469128642596418
Tower Hover,30,4.4,110.12666666666668,14.46786953095942
Z.H.P.,42,3.8333333333333335,110.09285714285713,14.46445563410792
La Petite Sirène 2,42,3.8333333333333335,118.27380952380952,14.46445563410792
Ultra Street Fighter Iv,40,3.9,86.0375,14.457658639594579
Dungeon Twister,40,3.9,105.4025,14.457658639594579
Lego Batman 3: Au-Delà De Gotham,40,3.9,97.39,14.457658639594579
Infamous: Festival Of Blood – Jeu Complet,40,3.9,104.80499999999999,14.457658639594579
Lofi Chill Sessions: Relax Island,40,3.9,111.57249999999999,14.457658639594579
Perfect Ninja Painter 3,33,4.212121212121212,113.25454545454545,14.456678310609886
Atelier Rorona Plus: The Alchemist Of Arland,38,3.973684210526316,113.54473684210525,14.4496797528715
Lost In Play,38,3.973684210526316,100.62894736842105,14.4496797528715
Cars Race O Rama,47,3.6808510638297873,108.2936170212766,14.447987272522543
Farming Simulator,45,3.7333333333333334,95.14,14.442139986756914
The Jackbox Party Pack 10,31,4.32258064516129,126.41935483870968,14.44073094766054
Fly Fu,36,4.055555555555555,110.32222222222222,14.440059300159461
Windjammers,36,4.055555555555555,103.8138888888889,14.440059300159461
Alice : Retour Au Pays De La Folie,36,4.055555555555555,98.96388888888889,14.440059300159461
Infamous,36,4.055555555555555,91.5638888888889,14.440059300159461
Rocksmith,43,3.7906976744186047,91.27906976744185,14.435815083310633
Psp Double Pack Pirates,41,3.8536585365853657,99.70243902439024,14.428775188008075
Random Heroes: Gold Edition,34,4.147058823529412,92.11470588235295,14.4281941927366
Super Fruitfall,39,3.923076923076923,103.0051282051282,14.420711260906737
Rough Justice: '84,39,3.923076923076923,115.34358974358973,14.420711260906737
Panda Craze,48,3.6458333333333335,108.31041666666665,14.420700861311653
International Snooker,48,3.6458333333333335,100.91041666666666,14.420700861311653
Tarot Readings Premium,37,4.0,102.47837837837838,14.411220276673578
Arcade Essentials + Arcade Evolution,44,3.75,101.81136363636364,14.407678879162788
Vandal Hearts Flames Of Judgment,44,3.75,94.55454545454545,14.407678879162788
Dynasty Warriors 7: Xtreme Legends,35,4.085714285714285,89.07428571428571,14.399775037364174
Backbreaker Vengeance,40,3.875,102.98499999999999,14.392129172297583
Legendary Hoplite,33,4.181818181818182,97.33030303030303,14.38568290213995
Rivenaar'S Grove Ps4 & Ps5,38,3.9473684210526314,103.43947368421053,14.38266778830149
Electronics Puzzle Lab 2 Ps4 & Ps5,38,3.9473684210526314,108.29473684210525,14.38266778830149
Pic-A-Block,38,3.9473684210526314,92.9421052631579,14.38266778830149
Shinobi,54,3.5,102.02222222222223,14.381909759272265
Wwe Smackdown Vs. Raw 2011,43,3.7674418604651163,91.83953488372093,14.372396731850863
Slay The Princess - The Pristine Cut,36,4.027777777777778,105.21666666666667,14.371502247471632
Temari Trials,28,4.5,112.375,14.369785233492717
No Heroes Allowed! [Psp],31,4.290322580645161,100.3483870967742,14.368028684810797
Yakuza: Dead Souls,41,3.8292682926829267,103.00975609756097,14.363964148448904
King Of Pool [Psp],41,3.8292682926829267,109.4560975609756,14.363964148448904
Thomas Was Alone,41,3.8292682926829267,96.71219512195123,14.363964148448904
Bouncy Chicken Ps4 & Ps5,39,3.8974358974358974,105.4948717948718,14.354448244792236
The Mystery Of The Crystal Portal,39,3.8974358974358974,115.25128205128206,14.354448244792236
Mud - Fim Motocross World Championship,39,3.8974358974358974,92.27179487179487,14.354448244792236
Sonic & All Stars Racing Transformed,46,3.6739130434782608,96.8195652173913,14.35295830694694
Joe Danger,37,3.972972972972973,113.12972972972973,14.343443708451602
Karimogi,51,3.549019607843137,106.63725490196079,14.342156703564454
Home Safety Hotline,35,4.057142857142857,107.32285714285715,14.330421432131931
Crash Bandicoot,40,3.85,108.0375,14.326599705000588
Spectral Vs. Generation [Psp],30,4.333333333333333,102.53333333333333,14.320709987697823
Valkyria Chronicles,30,4.333333333333333,106.45333333333333,14.320709987697823
Eufloria,45,3.688888888888889,93.56888888888889,14.31797507208529
The Wolf Among Us,38,3.9210526315789473,101.5578947368421,14.315655823731477
Children Of Silentown,38,3.9210526315789473,113.10526315789474,14.315655823731477
The Beatles: Rock Band,33,4.151515151515151,117.92121212121212,14.31468749367001
Rogue Raccoon,33,4.151515151515151,109.05454545454546,14.31468749367001
Aegis Of Earth: Protonovus Assault,43,3.744186046511628,90.39767441860465,14.308978380391094
Disgaea 3: Absence Of Detention,43,3.744186046511628,94.68604651162791,14.308978380391094
Démo Motorstorm Pacific Rift 2.0,43,3.744186046511628,92.7279069767442,14.308978380391094
Ys: The Oath In Felghana [Psp],36,4.0,99.57499999999999,14.302945194783804
Jetpack Joyride + 50K Coins,36,4.0,97.31944444444444,14.302945194783804
Skydive: Proximity Flight,31,4.258064516129032,90.26129032258065,14.295326421961052
Revhead,31,4.258064516129032,116.8741935483871,14.295326421961052
Actual Crimes: Jack The Ripper,46,3.652173913043478,111.11304347826086,14.291523305852024
Conflict: Desert Storm Ii,46,3.652173913043478,93.29782608695652,14.291523305852024
Feel For Two,39,3.871794871794872,114.08717948717948,14.288185228677735
Freekscape: Escape From Hell,39,3.871794871794872,85.36666666666667,14.288185228677735
Forest Legends: The Call Of Love,39,3.871794871794872,101.36153846153846,14.288185228677735
Racing Bros: Mafias Revenge,34,4.088235294117647,92.7235294117647,14.287861463602564
Burn Zombie Burn!,34,4.088235294117647,115.66764705882352,14.287861463602564
Warriors Waifus Mahjong Ps4 & Ps5,34,4.088235294117647,109.03529411764706,14.287861463602564
Steamworld Heist Ii,44,3.7045454545454546,98.86818181818181,14.282191947758962
Visualizer,44,3.7045454545454546,87.89090909090909,14.282191947758962
Kong: Survivor Instinct,37,3.945945945945946,95.84864864864865,14.275667140229627
Darkstalkers Chronicle,42,3.761904761904762,101.26428571428572,14.272133322893476
Formula Racing Gp: Apex Overtaking,42,3.761904761904762,103.23571428571428,14.272133322893476
Rhythm Sprout,32,4.1875,95.46875,14.269607829173525
Fuga: Melodies Of Steel,47,3.617021276595745,89.99787234042553,14.26558495932081
Doodle Fit,40,3.825,107.095,14.261070237703592
Adidas Micoach,40,3.825,101.58250000000001,14.261070237703592
Palm Reading Premium,35,4.0285714285714285,113.74285714285715,14.261067826899689
Kiki - A Vibrant 3D Platformer Ps4 & Ps5,35,4.0285714285714285,108.96,14.261067826899689
Gradius Collection,38,3.8947368421052633,103.40263157894738,14.248643859161465
Zoochosis,30,4.3,99.19666666666667,14.247130216067024
Darkness Rollercoaster - Psvr2 Enchanted Version,30,4.3,89.66333333333334,14.247130216067024
War Mongrels,43,3.7209302325581395,100.47209302325582,14.245560028931324
Shogun Showdown,33,4.121212121212121,91.66363636363637,14.243692085200077
Alien Breed,33,4.121212121212121,117.14242424242424,14.243692085200077
Chessarama,33,4.121212121212121,96.74242424242425,14.243692085200077
Cats And Seek : Kyoto,36,3.9722222222222223,100.11944444444445,14.234388142095975
Monster Prom 3: Monster Roadtrip Xxl Ps4 & Ps5,41,3.7804878048780486,97.0,14.234342069330568
Oddworld L'Exode D'Abe,41,3.7804878048780486,103.95853658536586,14.234342069330568
The Legend Of Heroes: Trails Of Cold Steel,34,4.0588235294117645,115.12352941176471,14.217695099035545
Motogp14 Compact,34,4.0588235294117645,94.23823529411764,14.217695099035545
Wheel Of Words: Crossword,37,3.918918918918919,106.97297297297297,14.207890572007654
Road 96: Mile 0,37,3.918918918918919,103.95135135135135,14.207890572007654
Thrillville : Le Parc En Folie [Psp],32,4.15625,105.75625,14.19776709043811
O.W.L Projekt Ps4 & Ps5,32,4.15625,112.146875,14.19776709043811
Zombfarm Ps4 & Ps5,26,4.576923076923077,97.75384615384615,14.183393304147927
Journey,30,4.266666666666667,112.22,14.173550444436225
Hunter'S Trophy 2 - Australia,41,3.7560975609756095,113.19756097560976,14.1695310297714
The Book Of Unwritten Tales 2,41,3.7560975609756095,97.72682926829269,14.1695310297714
Azura'S Crystals,36,3.9444444444444446,106.03888888888889,14.16583108940815
Demon Slayer -Kimetsu No Yaiba- Sweep The Board!,39,3.8205128205128207,99.53589743589744,14.155659196448733
Yomawari: Midnight Shadows,39,3.8205128205128207,114.40512820512821,14.155659196448733
Catherine,31,4.193548387096774,107.36774193548388,14.149921896261564
Crystal Defenders,34,4.029411764705882,105.89999999999999,14.147528734468528
Mushroom Wars,34,4.029411764705882,95.16176470588235,14.147528734468528
Please Fix The Road,34,4.029411764705882,112.48529411764706,14.147528734468528
Be A Bee,34,4.029411764705882,92.2235294117647,14.147528734468528
Chronicles Of The Wolf,42,3.7142857142857144,104.9452380952381,14.143918448750515
Syberia - The World Before,42,3.7142857142857144,98.25238095238096,14.143918448750515
Kickbeat,42,3.7142857142857144,113.43809523809523,14.143918448750515
Hungry Giraffe,45,3.6222222222222222,105.01777777777778,14.131727700077855
My Time At Sandrock,40,3.775,90.065,14.130011303109603
Resident Evil 6,40,3.775,92.28,14.130011303109603
Pixicharm - Bus Coinventure,32,4.125,105.2875,14.12592635170269
Ib,32,4.125,92.453125,14.12592635170269
Vampire: The Masquerade - Shadows Of New York,35,3.9714285714285715,104.51428571428572,14.122360616435204
Motogp13,35,3.9714285714285715,115.32857142857142,14.122360616435204
Motogp25,29,4.310344827586207,112.80344827586208,14.122175845897786
Dead Island Edition Game Of The Year Paquet,43,3.6744186046511627,117.73720930232558,14.118723326011784
Circle Of Nature,38,3.8421052631578947,108.74473684210527,14.114619930021442
Resident Evil 4,38,3.8421052631578947,101.27894736842104,14.114619930021442
Locoroco 2 (Esn) [Psp],38,3.8421052631578947,112.0,14.114619930021442
Nidhogg,46,3.5869565217391304,95.64999999999999,14.107218302567281
Jump Man,33,4.0606060606060606,107.53939393939395,14.1017012682602
Tales Of Monkey Island Chapter 5: Rise Of The Pirate God,33,4.0606060606060606,120.46363636363637,14.1017012682602
Still Time,33,4.0606060606060606,88.35151515151514,14.1017012682602
Spin Rhythm Xd,36,3.9166666666666665,76.62222222222222,14.09727403672032
Fat Princess: Fistful Of Cake (Esn),36,3.9166666666666665,101.83611111111111,14.09727403672032
Mxgp - The Official Motocross Videogame Compact,39,3.7948717948717947,102.55641025641025,14.089396180334228
Normaltanks,52,3.4423076923076925,95.08653846153847,14.085801721710725
Royal Defense,34,4.0,117.6470588235294,14.077362369901511
Demons Are Coming!,34,4.0,91.6470588235294,14.077362369901511
Nickelodeon Junior Party Adventure,34,4.0,109.79411764705883,14.077362369901511
Sugardew Island,34,4.0,102.41764705882353,14.077362369901511
Guess The Object,31,4.161290322580645,120.95806451612903,14.077219633411817
Kill It With Fire Vr,31,4.161290322580645,103.95806451612903,14.077219633411817
Ape Academy [Psp],37,3.864864864864865,89.57837837837837,14.072337435563702
Metal Gear Solid: Peace Walker,37,3.864864864864865,105.55405405405405,14.072337435563702
Wwe 2012,35,3.942857142857143,88.82571428571428,14.053007011202958
The Alpha Wolf,29,4.275862068965517,101.93448275862069,14.047702934021919
Darksiders Ii Deathinitive Edition,38,3.8157894736842106,117.14210526315789,14.047607965451432
Shoot Many Robots,41,3.707317073170732,99.33414634146341,14.039908950653064
The Button Be Mizzle,44,3.6136363636363638,110.81818181818181,14.031218084951306
Hidden Cats In Berlin,33,4.03030303030303,99.75757575757575,14.030705859790261
Master Reboot,33,4.03030303030303,100.73333333333333,14.030705859790261
Cybertd,33,4.03030303030303,102.9151515151515,14.030705859790261
Math Genius: Addition Edition,36,3.888888888888889,112.46944444444445,14.02871698403249
Super Jagger Bomb 2: Go East Ps4 & Ps5,30,4.2,102.16333333333334,14.026390901174628
Scramble Animal Words,39,3.769230769230769,100.91538461538461,14.023133164219727
Educational Games For Kids,42,3.6666666666666665,111.22380952380952,14.015703574607553
Astonishia Story [Psp],27,4.407407407407407,92.36666666666667,14.011531211144767
Outbreak: Contagious Memories,34,3.9705882352941178,86.7764705882353,14.007196005334494
Mystic Chronicles,37,3.8378378378378377,119.57567567567568,14.004560867341729
Reel Fishing: The Great Outdoors,31,4.129032258064516,109.4,14.004517370562075
1-2-Fantastic Word Search!,31,4.129032258064516,101.78709677419356,14.004517370562075
The Mystery Of Woolley Mountain,31,4.129032258064516,110.45161290322581,14.004517370562075
Ufo Builder,31,4.129032258064516,100.48387096774194,14.004517370562075
Toejam & Earl: Panic On Funkotron,40,3.725,100.545,13.998952368515612
Under Siege,40,3.725,116.88250000000001,13.998952368515612
Black Rock Shooter The Game,40,3.725,105.35999999999999,13.998952368515612
Rock Band 3,40,3.725,109.42,13.998952368515612
Loretta,28,4.321428571428571,110.125,13.992879469453486
Green Game: Timeswapper,28,4.321428571428571,103.57142857142857,13.992879469453486
Enchanted Cavern,43,3.627906976744186,107.3093023255814,13.991886623092244
Vostok Inc.,35,3.914285714285714,101.33714285714287,13.983653405970715
Atari 50: The Anniversary Celebration,35,3.914285714285714,104.01142857142857,13.983653405970715
Pixeljunk Monsters Deluxe,35,3.914285714285714,109.38285714285715,13.983653405970715
Make Way,32,4.0625,115.709375,13.982244874231853
Geojelly,32,4.0625,98.68124999999999,13.982244874231853
Mytran Wars [Psp],32,4.0625,92.1375,13.982244874231853
Prince Of Persia R.Swords + Sc Ess.,32,4.0625,106.975,13.982244874231853
Jet Car Stunts,32,4.0625,106.8,13.982244874231853
63 Days,32,4.0625,105.565625,13.982244874231853
Gem Legends,32,4.0625,105.48125,13.982244874231853
Cats And Seek : Dino Park,38,3.789473684210526,93.05526315789473,13.980596000881418
Twins Of The Sun,38,3.789473684210526,118.82894736842105,13.980596000881418
Manhunt,29,4.241379310344827,99.08620689655173,13.97323002214605
Soccer Goal Run,29,4.241379310344827,117.90344827586208,13.97323002214605
Snark Busters: High Society,29,4.241379310344827,112.46896551724137,13.97323002214605
Final Fantasy Xiii-2,29,4.241379310344827,93.31379310344828,13.97323002214605
Sky Diving,36,3.861111111111111,91.98333333333333,13.960159931344661
Apico,33,4.0,102.18181818181819,13.959710451320325
God Of War: Chains Of Olympus [Psp],33,4.0,116.47878787878788,13.959710451320325
Supermarket Anime Collector'S Simulator,33,4.0,111.10000000000001,13.959710451320325
Calling All Cars!,33,4.0,105.15454545454546,13.959710451320325
Antiquia Lost,33,4.0,92.2969696969697,13.959710451320325
Formula One Championship,39,3.7435897435897436,97.78461538461538,13.956870148105226
Star Wars Battlefront Elite Squadron,39,3.7435897435897436,96.96666666666667,13.956870148105226
Odin Sphere Leifthrasir,30,4.166666666666667,103.88000000000001,13.952811129543829
Semispheres,30,4.166666666666667,91.31666666666666,13.952811129543829
Doggy Up!,34,3.9411764705882355,100.34411764705882,13.937029640767477
Yakuza 3,34,3.9411764705882355,99.30294117647058,13.937029640767477
Umurangi Generation - Édition Spéciale,34,3.9411764705882355,101.80294117647058,13.937029640767477
The Cryptics [Psp],34,3.9411764705882355,97.80588235294118,13.937029640767477
Eiyuu Senki - The World Conquest,37,3.810810810810811,113.88918918918918,13.936784299119752
Police Shootout,37,3.810810810810811,108.4945945945946,13.936784299119752
Tibetan Quest: Beyond World'S End,37,3.810810810810811,118.52972972972974,13.936784299119752
Paddles,37,3.810810810810811,107.71351351351352,13.936784299119752
Wall World,31,4.096774193548387,111.50645161290322,13.931815107712328
Cute Puppy Academy,43,3.604651162790698,113.43720930232558,13.928468271632475
Anime Waifu Simulator: Sakura Garden,28,4.285714285714286,119.8,13.917498316645641
Oddworld L'Oddysée D'Abe Jeu,49,3.4489795918367347,110.75102040816327,13.91740307550342
Tin Can,35,3.8857142857142857,104.40571428571428,13.91429980073847
Wwi: Aces Of The Sky,35,3.8857142857142857,102.74000000000001,13.91429980073847
Motel Business Simulator,35,3.8857142857142857,101.34571428571428,13.91429980073847
Flashback,38,3.763157894736842,98.00526315789473,13.913584036311406
Tokyo Jungle,32,4.03125,116.378125,13.910404135496435
Version D'Évaluation De Dead Nation,32,4.03125,111.846875,13.910404135496435
Touhou Genso Wanderer Reloaded,32,4.03125,108.475,13.910404135496435
Lichtspeer: Double Speer Edition,32,4.03125,96.48125,13.910404135496435
Giana Sisters: Twisted Dreams,32,4.03125,97.45625,13.910404135496435
Supersonic Acrobatic Rocket-Powered Battle-Cars,41,3.658536585365854,110.5170731707317,13.910286871534728
"What Did I Do To Deserve This, My Lord!? 2 [Psp]",44,3.5681818181818183,110.50227272727274,13.90573115354748
Aquattack!,44,3.5681818181818183,106.66818181818181,13.90573115354748
Wonder Boy In Monster Land,29,4.206896551724138,115.89655172413794,13.898757110270182
Disgaea: Afternoon Of Darkness,36,3.8333333333333335,124.08888888888889,13.891602878656835
Petz Ma Famille Hamster [Psp],39,3.717948717948718,107.22564102564102,13.890607131990722
Weird Park: The Final Show,33,3.9696969696969697,94.79393939393938,13.888715042850388
Mimi The Cat: Meow Together,33,3.9696969696969697,95.89696969696969,13.888715042850388
Gigabash,33,3.9696969696969697,66.33939393939394,13.888715042850388
Car Mechanic Simulator 2021,33,3.9696969696969697,94.63939393939394,13.888715042850388
Kung Fu Rabbit,33,3.9696969696969697,97.74848484848485,13.888715042850388
Mordhau,45,3.533333333333333,105.74888888888889,13.883397870734605
Dead Space,30,4.133333333333334,98.97333333333333,13.87923135791303
Stonefly,30,4.133333333333334,109.71666666666667,13.87923135791303
Fit And Fry,30,4.133333333333334,92.13333333333334,13.87923135791303
Codename: Ocean Keeper,26,4.423076923076923,115.16538461538462,13.874434631037747
Worms Revolution,37,3.7837837837837838,104.64054054054054,13.869007730897776
"What Did I Do To Deserve This, My Lord!? [Psp]",40,3.675,93.62,13.867893433921623
Uncharted: Golden Abyss,34,3.911764705882353,110.53235294117647,13.86686327620046
The House Of Da Vinci 3,34,3.911764705882353,84.1735294117647,13.86686327620046
Dogfight 1942,34,3.911764705882353,91.14411764705882,13.86686327620046
Marble It Up! Ultra Ps4 & Ps5,27,4.333333333333333,117.03333333333333,13.858923721582618
Thumper Ps4 & Ps5,38,3.736842105263158,108.4421052631579,13.846572071741395
Outland,41,3.6341463414634148,109.83658536585367,13.845475831975557
For The King Ii,35,3.857142857142857,98.00285714285714,13.844946195506228
Wrc 5 Fia World Rally Championship,35,3.857142857142857,111.26285714285714,13.844946195506228
"Knowledge, Or Know Lady",35,3.857142857142857,93.09714285714286,13.844946195506228
Internet Cafe Simulator 2025,32,4.0,102.853125,13.838563396761018
Lego Star Wars Iii: The Clone Wars For Psp,32,4.0,85.65,13.838563396761018
Need For Speed Hot Pursuit,32,4.0,121.50625,13.838563396761018
Prince Of Persia Revelations+Driver76,32,4.0,101.2875,13.838563396761018
Deathspank,39,3.6923076923076925,105.64871794871796,13.82434411587622
Heroes Of Mount Dragon,29,4.172413793103448,93.39999999999999,13.824284198394315
Garten Of Banban 7,29,4.172413793103448,87.46206896551725,13.824284198394315
Zombie Derby 2,29,4.172413793103448,120.39310344827587,13.824284198394315
We Were Here,36,3.8055555555555554,92.36388888888888,13.823045825969006
Persona 4: Dancing All Night,36,3.8055555555555554,99.82499999999999,13.823045825969006
Paranormal Pursuit: The Gifted One Collector'S Edition,36,3.8055555555555554,102.44722222222222,13.823045825969006
Mushroom Colors,36,3.8055555555555554,116.10555555555555,13.823045825969006
Bear And Breakfast,33,3.9393939393939394,86.15757575757576,13.817719634380449
Crasho Cars,33,3.9393939393939394,100.02121212121212,13.817719634380449
The Swindle,33,3.9393939393939394,104.86666666666666,13.817719634380449
Pack Skylanders Superchargers Possesseur Portail,33,3.9393939393939394,105.5939393939394,13.817719634380449
Worms Armageddon [Ps1 Emulation],25,4.48,94.164,13.810142065103356
[Redacted],30,4.1,90.38333333333334,13.80565158628223
Topatoi : La Légende Du Grand Arbre,30,4.1,116.64,13.80565158628223
Sos Fantômes Le Jeu Vidéo [Psp],30,4.1,104.94333333333334,13.80565158628223
Pac-Man Championship Edition Dx＋,40,3.65,101.76,13.802363966624627
Anna – Extended Edition,37,3.7567567567567566,109.12162162162163,13.8012311626758
Medal Of Honor Heroes,37,3.7567567567567566,99.7054054054054,13.8012311626758
Dirt Bike Retro,37,3.7567567567567566,91.95135135135135,13.8012311626758
Kula World,37,3.7567567567567566,101.13243243243244,13.8012311626758
Nico Saves The State Ps4 & Ps5,26,4.384615384615385,100.3153846153846,13.797194962760203
Cats On Duty,34,3.8823529411764706,104.57058823529412,13.796696911633443
Fired Up [Psp],31,4.032258064516129,113.61612903225806,13.78641058201284
Anger Foot,31,4.032258064516129,96.53870967741935,13.78641058201284
Monster High Skulltimate Secrets,27,4.296296296296297,101.44444444444444,13.782619976801548
Conflict: Vietnam,41,3.6097560975609757,116.2560975609756,13.78066479241639
Wreckfest Version Playstation5,41,3.6097560975609757,85.41707317073171,13.78066479241639
Ratchet & Clank: Qforce,38,3.710526315789474,93.60000000000001,13.779560107171385
Prince Of Persia Les Sables Oubliés,35,3.8285714285714287,112.64857142857143,13.775592590273986
Littlebigplanet Karting,35,3.8285714285714287,116.28571428571429,13.775592590273986
Kit Piratage De Bentley,35,3.8285714285714287,94.05428571428571,13.775592590273986
Biped,28,4.214285714285714,90.77499999999999,13.766736011029954
Memory,28,4.214285714285714,101.17857142857143,13.766736011029954
"Run, Sandwich, Run!",32,3.96875,106.371875,13.7667226580256
Moorhuhn Crazy Chicken X,32,3.96875,87.621875,13.7667226580256
Killzone3,39,3.6666666666666665,99.25897435897436,13.75808109976172
Resident Evil 0,39,3.6666666666666665,96.41538461538461,13.75808109976172
Bombardino Crocodilo Vs Tung Tung Sahur,39,3.6666666666666665,93.01025641025642,13.75808109976172
Road Maintenance Simulator,39,3.6666666666666665,91.96153846153847,13.75808109976172
Wwe Smackdown Vs. Raw 2010,36,3.7777777777777777,109.17777777777778,13.754488773281176
Sparkle Unleashed,36,3.7777777777777777,105.14444444444445,13.754488773281176
Killzone: Liberation Pla,36,3.7777777777777777,101.33611111111111,13.754488773281176
Démo Lego Batman 3: Au-Delà De Gotham,29,4.137931034482759,98.7551724137931,13.749811286518447
"Uncharted 2: Among Thieves (Taille Du Fichier : 19,5 Go)",33,3.909090909090909,98.0030303030303,13.746724225910514
Spyro 2: Gateway To Glimmer,37,3.72972972972973,117.07027027027029,13.733454594453827
Hidden Cats In Santa'S Realm,37,3.72972972972973,106.23783783783784,13.733454594453827
Airplane Flight Simulator : Evo,37,3.72972972972973,90.43783783783783,13.733454594453827
Planet Of Lana,30,4.066666666666666,105.24666666666667,13.732071814651432
Mycelium Heaven,30,4.066666666666666,110.94,13.732071814651432
Hamster On Rails,30,4.066666666666666,93.44666666666667,13.732071814651432
Dj Max Fever [Psp],34,3.8529411764705883,99.34411764705882,13.726530547066426
Slime Heroes,26,4.346153846153846,95.65,13.719955294482654
Snowsquall Grip,31,4.0,111.88709677419355,13.713708319163096
Spell Disk,31,4.0,116.71935483870968,13.713708319163096
Arcade Pool & Snooker,38,3.6842105263157894,74.02368421052631,13.71254814260137
Malicious Rebirth,38,3.6842105263157894,116.66578947368421,13.71254814260137
Neon Chrome,38,3.6842105263157894,101.89999999999999,13.71254814260137
Shapeo,27,4.2592592592592595,96.74444444444444,13.706316232020473
The Legend Of Heroes: Trails Of Cold Steel Ii,35,3.8,89.92285714285715,13.70623898504174
Monument Valley 3,35,3.8,97.91714285714285,13.70623898504174
Tomb Raider: The Last Revelation,45,3.466666666666667,105.28888888888889,13.69715049872717
Metal Slug 3,42,3.5476190476190474,104.22380952380952,13.695166389250147
Moe Waifu H Fantasy Ps4 & Ps5,39,3.641025641025641,119.25128205128206,13.691818083647215
Rock Band 3 (Hmx),39,3.641025641025641,102.26410256410257,13.691818083647215
Darksiders Ii - Full Digital Download,28,4.178571428571429,88.53214285714286,13.691354858222109
Sixty Words By Powgi Ps4 & Ps5,36,3.75,101.85277777777777,13.685931720593349
Counterspy,36,3.75,107.30555555555556,13.685931720593349
Aqua Panic! [Psp],36,3.75,115.3722222222222,13.685931720593349
Kingdom Of Aurelia - Mystery Of The Poisoned Dagger,33,3.878787878787879,95.56060606060606,13.675728817440575
Break The Loop,33,3.878787878787879,91.06363636363636,13.675728817440575
Circus Of Timtim,33,3.878787878787879,89.93939393939394,13.675728817440575
Gottlieb Pinball Classics [Psp],33,3.878787878787879,95.32727272727273,13.675728817440575
Lego Star Wars Ii: The Original Trilogy,33,3.878787878787879,100.87878787878788,13.675728817440575
Rollercoaster Tycoon 3 Complete Edition,29,4.103448275862069,100.31379310344828,13.675338374642578
Affected: The Manor - Complete Edition Ps4 & Ps5,29,4.103448275862069,87.48275862068965,13.675338374642578
Geometry Genius: Shapes,29,4.103448275862069,100.23103448275862,13.675338374642578
Hue,29,4.103448275862069,106.2103448275862,13.675338374642578
The Evil Within,29,4.103448275862069,104.96551724137932,13.675338374642578
We Were Here Together,37,3.7027027027027026,103.51891891891891,13.665678026231852
The Boys Escape,24,4.5,85.7375,13.662789895332443
Ma Vie: Avec Les Chevaux 3,30,4.033333333333333,95.07333333333332,13.658492043020633
Job Simulator Ps4 & Ps5,34,3.823529411764706,90.60882352941177,13.65636418249941
Toy Story 3 [Psp],34,3.823529411764706,107.48529411764706,13.65636418249941
Warpips,44,3.477272727272727,106.85681818181818,13.654757290739822
Skeleton Rider,38,3.6578947368421053,105.22894736842105,13.64553617803136
Mesmerize(Distort),38,3.6578947368421053,107.38157894736842,13.64553617803136
Devil May Cry 4,26,4.3076923076923075,106.40384615384616,13.64271562620511
Quiz Thiz France: Gold Editon,31,3.967741935483871,102.73225806451613,13.641006056313351
Baseball Riot,31,3.967741935483871,98.01935483870967,13.641006056313351
The Bridge,31,3.967741935483871,87.66451612903225,13.641006056313351
Tom Clancy’S Rainbow Six Vegas 2,35,3.7714285714285714,106.64571428571428,13.636885379809497
Date Everything!,27,4.222222222222222,94.25555555555556,13.630012487239396
Trigger Witch Ps4 & Ps5,27,4.222222222222222,108.21851851851852,13.630012487239396
The Thing: Remastered,32,3.90625,106.81875,13.623041180554763
Rendering Ranger: R² [Rewind],32,3.90625,82.909375,13.623041180554763
F1 2009,36,3.7222222222222223,99.03888888888889,13.61737466790552
Mx World Tour,36,3.7222222222222223,97.01666666666667,13.61737466790552
Édition Game Of The Year,28,4.142857142857143,111.47500000000001,13.61597370541426
Move Street Cricket,28,4.142857142857143,97.07142857142857,13.61597370541426
Pixicharm - Fruboom,28,4.142857142857143,82.72142857142856,13.61597370541426
Pdc World Championship Darts 2008,28,4.142857142857143,85.40357142857144,13.61597370541426
Ravenswatch,40,3.575,113.72,13.60577556473364
Escape Backrooms: Darkness Horror,33,3.8484848484848486,86.14545454545456,13.604733408970638
Ultimate General: Gettysburg,33,3.8484848484848486,88.89696969696969,13.604733408970638
Nuclear Throne,33,3.8484848484848486,92.94242424242424,13.604733408970638
Cola Riders,33,3.8484848484848486,118.67878787878789,13.604733408970638
Can'T Drive This,33,3.8484848484848486,103.89999999999999,13.604733408970638
Little Nightmares Iii,33,3.8484848484848486,110.66363636363637,13.604733408970638
Adventure Of Samsara,29,4.068965517241379,95.53448275862068,13.60086546276671
Disney•Pixar Wall•E,29,4.068965517241379,103.63103448275862,13.60086546276671
Things Too Ugly,29,4.068965517241379,101.87241379310345,13.60086546276671
"Tanks, But No Tanks",29,4.068965517241379,110.06896551724138,13.60086546276671
Crosscode,29,4.068965517241379,101.2344827586207,13.60086546276671
Port Royale 4,37,3.675675675675676,109.55405405405405,13.597901458009877
Lost In Fantaland,37,3.675675675675676,115.95945945945945,13.597901458009877
Spacejacked,34,3.7941176470588234,94.87941176470588,13.58619781793239
Super Mega Baseball,34,3.7941176470588234,90.09705882352942,13.58619781793239
Spongebob'S Truth Or Square [Psp],30,4.0,100.83666666666666,13.584912271389834
Wrecked Revenge Revisited,30,4.0,80.5,13.584912271389834
The Beast Inside,30,4.0,98.19333333333334,13.584912271389834
Liberte,30,4.0,105.32666666666667,13.584912271389834
Only Sky Parkour: Island Up!,30,4.0,121.38333333333334,13.584912271389834
Pixeljunk Scrappers Deluxe,30,4.0,119.51333333333334,13.584912271389834
Williams Pinball Classics [Psp],38,3.6315789473684212,93.22631578947369,13.578524213461348
Puzzlepet: Feed Your Cat,31,3.935483870967742,99.62903225806451,13.568303793463608
Mawaskes Puzzle [Psp],31,3.935483870967742,109.04838709677419,13.568303793463608
Hand In Hand,31,3.935483870967742,89.20645161290322,13.568303793463608
Mumrik: La Mélodie De La Vallée Des Moomins,31,3.935483870967742,103.20322580645161,13.568303793463608
Shujinkou,31,3.935483870967742,98.16774193548386,13.568303793463608
Alive Paint Ps4 & Ps5,35,3.742857142857143,114.69714285714286,13.567531774577255
Entwined,35,3.742857142857143,99.1257142857143,13.567531774577255
Monster Train 2,35,3.742857142857143,108.51714285714286,13.567531774577255
Quell Memento,35,3.742857142857143,107.90857142857143,13.567531774577255
Bionic Commando Rearmed 2,26,4.269230769230769,93.65384615384616,13.565475957927566
Bunny Cubed Ps4 & Ps5,26,4.269230769230769,101.42307692307692,13.565475957927566
Paint The Town Red Vr,32,3.875,94.940625,13.551200441819345
Atlantis And Hercules,32,3.875,85.21875,13.551200441819345
Backrooms: Exit From Supermarket Horror,32,3.875,93.2375,13.551200441819345
Need For Speed Prostreet [Psp],32,3.875,93.590625,13.551200441819345
Pacific Warriors 2: Dogfight!,32,3.875,99.3125,13.551200441819345
Save The Ninja Clan,32,3.875,108.50625,13.551200441819345
Penny Arcade Adventures: Episode 1 And 2 Bundle,32,3.875,122.88125,13.551200441819345
Grand Theft Auto 3,43,3.4651162790697674,107.13953488372093,13.547958162873854
Schim,28,4.107142857142857,106.55714285714285,13.540592552606414
Wheelman,28,4.107142857142857,120.52499999999999,13.540592552606414
Star Wars: Battlefront Renegade Squadron,28,4.107142857142857,91.35000000000001,13.540592552606414
Metal: Hellsinger (Ps4),28,4.107142857142857,101.64999999999999,13.540592552606414
Voodoo Dice [Psp],33,3.8181818181818183,117.9969696969697,13.533738000500701
Psycho Dream Ps4 & Ps5,33,3.8181818181818183,114.5,13.533738000500701
Catlateral Damage: Remeowstered,33,3.8181818181818183,109.0848484848485,13.533738000500701
Claim The Forest,33,3.8181818181818183,93.63939393939394,13.533738000500701
Cubixx Hd,29,4.0344827586206895,102.69655172413792,13.526392550890844
Resident Evil,29,4.0344827586206895,98.62758620689655,13.526392550890844
Spyro The Dragon,34,3.764705882352941,86.9235294117647,13.516031453365374
Kerbal Space Program Enhanced Edition,34,3.764705882352941,107.24117647058823,13.516031453365374
Bus Driving Simulator : Evo,34,3.764705882352941,114.37647058823529,13.516031453365374
Xeno Crisis,38,3.6052631578947367,110.7578947368421,13.511512248891338
Relayer Ps4 & Ps5,30,3.966666666666667,110.25,13.511332499759035
Arkedo Series: 02 - Swap!,30,3.966666666666667,102.9,13.511332499759035
Dogs And Paws,30,3.966666666666667,109.86666666666666,13.511332499759035
Elden Ring Nightreign,30,3.966666666666667,103.83666666666666,13.511332499759035
Katana Kata,30,3.966666666666667,126.04666666666667,13.511332499759035
Ace Armstrong / Stellar Attack Bundle,45,3.4,103.18666666666665,13.510903126719734
Coral Island,24,4.416666666666667,87.27916666666665,13.504498520594835
Reel Fishing Ii,31,3.903225806451613,103.15161290322581,13.495601530613863
(Dis)Assemble,31,3.903225806451613,112.97741935483872,13.495601530613863
Welcome To Empyreum,31,3.903225806451613,112.69032258064516,13.495601530613863
Skate 2,31,3.903225806451613,105.69677419354838,13.495601530613863
Dragon Snack,31,3.903225806451613,101.13225806451612,13.495601530613863
The Eye Of Judgment Legends [Psp],31,3.903225806451613,105.41612903225807,13.495601530613863
Yam 2,26,4.230769230769231,92.90384615384616,13.488236289650018
Stealth Inc: A Clone In The Dark,32,3.84375,100.996875,13.479359703083928
I Am Alive,32,3.84375,97.821875,13.479359703083928
Freedom Finger,27,4.148148148148148,116.65185185185184,13.477404997677251
Disney Dreamlight Valley,27,4.148148148148148,107.97407407407408,13.477404997677251
Tri6: Infinite,27,4.148148148148148,122.40370370370371,13.477404997677251
Alien Rage,27,4.148148148148148,104.29629629629629,13.477404997677251
Ultra Foodmess 2,27,4.148148148148148,101.46296296296296,13.477404997677251
Vinebound: Tangled Together,27,4.148148148148148,91.4962962962963,13.477404997677251
Gray Dawn,27,4.148148148148148,95.13703703703703,13.477404997677251
Save Christmas With Santa,28,4.071428571428571,92.91785714285713,13.465211399798568
Qomp2,28,4.071428571428571,96.12857142857142,13.465211399798568
The Jumping Muffin: Turbo,28,4.071428571428571,117.61785714285713,13.465211399798568
The Fight,33,3.787878787878788,116.97575757575757,13.462742592030763
"Oh, Canada!",37,3.6216216216216215,90.47567567567567,13.462348321565926
Gigantosaurus: Dino Kart,29,4.0,108.76896551724138,13.451919639014974
Lego Jurassic World,29,4.0,87.23793103448276,13.451919639014974
Carnage Heart Exa,29,4.0,87.00344827586207,13.451919639014974
Syndicate,29,4.0,99.15862068965517,13.451919639014974
Tesla Vs Lovecraft,29,4.0,101.05862068965517,13.451919639014974
Darq Ultimate Edition,29,4.0,101.19310344827586,13.451919639014974
Steredenn: Binary Stars,29,4.0,110.60000000000001,13.451919639014974
Farmer Survivors,29,4.0,107.82413793103449,13.451919639014974
Life In Willowdale: Farm Adventures,29,4.0,102.43448275862069,13.451919639014974
Aqua Panic!,34,3.735294117647059,100.41176470588235,13.445865088798357
Hidden Cats In Tokyo,34,3.735294117647059,117.04117647058824,13.445865088798357
Across The Obelisk,38,3.5789473684210527,113.23684210526316,13.444500284321325
Spyro 3: Year Of The Dragon,38,3.5789473684210527,92.08947368421053,13.444500284321325
Siren Blood Curse,30,3.933333333333333,99.05666666666666,13.437752728128237
Patapon 3,30,3.933333333333333,107.6,13.437752728128237
Monopoly 2024,35,3.6857142857142855,107.76285714285714,13.428824564112766
Super Hang-On,24,4.375,98.95833333333333,13.425352833226029
Creepy Tale: Some Other Place,31,3.870967741935484,93.02580645161291,13.42289926776412
Ra Ra Boom,31,3.870967741935484,91.23225806451612,13.42289926776412
Sokopenguin Ps4 & Ps5,31,3.870967741935484,107.12903225806451,13.42289926776412
Donkey Xote [Psp],31,3.870967741935484,92.33548387096775,13.42289926776412
Planet Divers,36,3.638888888888889,108.3111111111111,13.411703509842035
Blind - The Unseen Truth,26,4.1923076923076925,87.50769230769232,13.410996621372473
Preserve,26,4.1923076923076925,114.94999999999999,13.410996621372473
Crazy Athletics - Summer Sports & Games,26,4.1923076923076925,110.37307692307692,13.410996621372473
Operation Flashpoint: Red River,40,3.5,101.645,13.409187162842656
Barbie Projet Amitié,32,3.8125,106.80625,13.40751896434851
Strength Of The Sword 3,27,4.111111111111111,110.1,13.401101252896176
The Jumping Sushi,27,4.111111111111111,112.65555555555555,13.401101252896176
Judgment,27,4.111111111111111,104.90370370370371,13.401101252896176
Burnout Dominator,27,4.111111111111111,81.72962962962963,13.401101252896176
Brainrot: Fighting,27,4.111111111111111,105.24074074074075,13.401101252896176
Uboat,27,4.111111111111111,96.73703703703704,13.401101252896176
The Next Space,37,3.5945945945945947,93.90810810810811,13.39457175334395
Digger Hd,37,3.5945945945945947,109.98648648648648,13.39457175334395
Rocksmith 2014 Edition,33,3.757575757575758,104.73030303030303,13.391747183560826
Hidden Cats In Spooky Town,33,3.757575757575758,98.05757575757576,13.391747183560826
Crazy Golf World Tour,33,3.757575757575758,114.55454545454546,13.391747183560826
Démo De Folklore,33,3.757575757575758,125.01818181818183,13.391747183560826
Carmen Sandiego,28,4.035714285714286,98.58571428571429,13.389830246990723
Dead Space 2,28,4.035714285714286,105.63928571428572,13.389830246990723
Rounds,38,3.5526315789473686,95.45,13.377488319751313
Farm Frenzy Pizza Party,38,3.5526315789473686,98.72631578947369,13.377488319751313
The Rogue Prince Of Persia,29,3.9655172413793105,112.92758620689655,13.377446727139107
Call Of Duty: Black Ops Cold War - Pack Cross-Gen Ps4 & Ps5,29,3.9655172413793105,101.4551724137931,13.377446727139107
Feel Ski,29,3.9655172413793105,109.60000000000001,13.377446727139107
Move Fitness,34,3.7058823529411766,93.59117647058824,13.375698724231341
The Treasures Of Montezuma,34,3.7058823529411766,104.97941176470589,13.375698724231341
Monopoly Plus,34,3.7058823529411766,113.65294117647058,13.375698724231341
Horror Night With Tung Tung Tung Sahur,30,3.9,103.94333333333334,13.364172956497438
Dungeons & Dragons: Chronicles Of Mystara,30,3.9,114.86999999999999,13.364172956497438
Potion Craft: Alchemist Simulator,30,3.9,101.34333333333333,13.364172956497438
3D Billiards - Pool & Snooker,30,3.9,131.56333333333333,13.364172956497438
Armored Core 3 Portable [Psp],30,3.9,95.58666666666666,13.364172956497438
Let'S Sing 2020 Hits Français Et Internationaux,30,3.9,117.42666666666668,13.364172956497438
Alien Breed 3: Descent,30,3.9,90.06333333333333,13.364172956497438
Fly Punch Boom!,30,3.9,123.70333333333333,13.364172956497438
Megaton,30,3.9,87.29333333333334,13.364172956497438
Dynasty Warriors Next,39,3.5128205128205128,100.33589743589744,13.360503003074706
Fast Striker [Cross-Buy],31,3.838709677419355,88.22258064516129,13.350197004914374
Golden Tee Arcade Classics,23,4.434782608695652,92.54782608695652,13.348888087589929
One Lonely Outpost,22,4.545454545454546,102.5,13.348532803544082
Let'S Journey,24,4.333333333333333,98.0,13.346207145857223
Entropy Survivors,36,3.611111111111111,105.04444444444444,13.343146457154205
Fade To Black,25,4.24,88.94,13.341016641162636
Ys Vs. Trails In The Sky: Alternative Saga,25,4.24,90.912,13.341016641162636
Akatsuki: Lord Of The Dawn Ps4 & Ps5,25,4.24,105.896,13.341016641162636
Defender'S Quest: Valley Of The Forgotten Dx,32,3.78125,99.109375,13.335678225613092
Robot Rescue Revolution,32,3.78125,113.08125,13.335678225613092
Mimi The Cat: New Friends,26,4.153846153846154,102.30384615384615,13.333756953094928
Parking Masters,26,4.153846153846154,92.85,13.333756953094928
Quiz Thiz Austria: Silver Edition,26,4.153846153846154,110.44615384615385,13.333756953094928
Blood Bowl 3,26,4.153846153846154,112.73076923076923,13.333756953094928
Volt Ps3,26,4.153846153846154,114.7576923076923,13.333756953094928
The Count Lucanor,26,4.153846153846154,112.91923076923078,13.333756953094928
Ys Viii: Lacrimosa Of Dana,26,4.153846153846154,104.30000000000001,13.333756953094928
Helldivers: Édition Ultime Super-Terre,37,3.5675675675675675,101.87027027027027,13.326795185121977
Pneumata,27,4.074074074074074,122.92962962962963,13.324797508115102
Tom Clancy'S Graw 2 + Sc Essentials,27,4.074074074074074,104.0925925925926,13.324797508115102
A Matter Of Principle,27,4.074074074074074,113.75925925925925,13.324797508115102
Bleak Faith: Forsaken,27,4.074074074074074,99.0074074074074,13.324797508115102
Super Rub'A'Dub,27,4.074074074074074,92.68148148148148,13.324797508115102
Xenotilt,27,4.074074074074074,93.81481481481481,13.324797508115102
Project 13 Nightwatch,27,4.074074074074074,112.41851851851852,13.324797508115102
Démo De Flower,33,3.727272727272727,105.60909090909091,13.320751775090887
God Of War: Ghost Of Sparta [Psp],33,3.727272727272727,102.95757575757575,13.320751775090887
Tilting Tiles: Fires Of Industry,33,3.727272727272727,102.45757575757575,13.320751775090887
Vacation Simulator Ps4 & Ps5,28,4.0,101.47142857142856,13.314449094182878
Le Coffret De Fête Jackbox Party Pack,28,4.0,110.85714285714286,13.314449094182878
Scourgebringer,28,4.0,107.22500000000001,13.314449094182878
Forklift 2024 - The Simulation,28,4.0,104.675,13.314449094182878
The Cub,34,3.676470588235294,102.04705882352941,13.305532359664323
End Of Serenity,29,3.9310344827586206,91.79310344827586,13.30297381526324
Super Chien : Mission Impossible,29,3.9310344827586206,124.1103448275862,13.30297381526324
Retro Geek Shop Simulator,39,3.4871794871794872,88.68974358974359,13.294239986960205
Reel Fishing: Days Of Summer,39,3.4871794871794872,112.27179487179488,13.294239986960205
Pdc World Championship Darts: Pro Tour,30,3.8666666666666667,117.77666666666667,13.290593184866639
Sokomonster,30,3.8666666666666667,100.90333333333334,13.290593184866639
Crow Country,30,3.8666666666666667,96.0,13.290593184866639
Dorfromantik,30,3.8666666666666667,84.55,13.290593184866639
Letterbox By Powgi Ps4 & Ps5,30,3.8666666666666667,109.63000000000001,13.290593184866639
Colorama Cubes,30,3.8666666666666667,100.94666666666667,13.290593184866639
Agent Intercept Ps4 & Ps5,30,3.8666666666666667,97.99,13.290593184866639
Prince Of Persia Rival Swords,30,3.8666666666666667,107.70333333333333,13.290593184866639
Borderlands,30,3.8666666666666667,100.84666666666666,13.290593184866639
Jetpack Joyride + 20K Coins,31,3.806451612903226,98.0741935483871,13.277494742064631
Nba Bounce,36,3.5833333333333335,98.20555555555556,13.27458940446638
Soldats Inconnus : Mémoires De La Grande Guerre,23,4.391304347826087,118.2695652173913,13.268776344260841
The Pedestrian,24,4.291666666666667,101.84583333333335,13.267061458488419
Glitch Hero,24,4.291666666666667,98.10416666666667,13.267061458488419
Grand Theft Auto Iv,32,3.75,130.478125,13.263837486877673
Find Room 96,32,3.75,92.31875,13.263837486877673
Pretty Girls Pop Match Ps4 & Ps5,25,4.2,112.66,13.26282907050585
Return To Monkey Island,25,4.2,111.404,13.26282907050585
The Jumping Churros: Turbo,25,4.2,103.36399999999999,13.26282907050585
Outlaws + Handful Of Missions: Remaster,26,4.115384615384615,93.26923076923077,13.256517284817381
Cat Rescue Story,26,4.115384615384615,108.7423076923077,13.256517284817381
Golfing In Aether,26,4.115384615384615,114.12692307692308,13.256517284817381
Dex,33,3.696969696969697,99.04242424242425,13.249756366620948
Sanya,27,4.037037037037037,94.9925925925926,13.248493763334027
The Order Of The Snake Scale,27,4.037037037037037,86.54074074074073,13.248493763334027
Dice Assassin,27,4.037037037037037,109.21111111111111,13.248493763334027
Secret Of Mana,27,4.037037037037037,86.77037037037037,13.248493763334027
Doc Clock : Le Sandwich Grillé De Temps,27,4.037037037037037,112.74074074074075,13.248493763334027
Fantasy Tower Defense,27,4.037037037037037,111.74074074074075,13.248493763334027
Seek And Destroy,38,3.5,94.36842105263158,13.24346439061129
Card-En-Ciel,28,3.9642857142857144,96.46428571428571,13.239067941375032
Jak 3,28,3.9642857142857144,98.44285714285715,13.239067941375032
Disney•Pixar Là-Haut,28,3.9642857142857144,121.91071428571429,13.239067941375032
Collectible Cars Shop Simulator,28,3.9642857142857144,85.60000000000001,13.239067941375032
World Of Pool [Psp],28,3.9642857142857144,99.08214285714287,13.239067941375032
Looney Tunes Galactic Sports,28,3.9642857142857144,102.60000000000001,13.239067941375032
Collectible Card Shop Master,28,3.9642857142857144,112.53214285714286,13.239067941375032
Block Cascade Fusion [Psp],34,3.6470588235294117,101.15882352941176,13.235365995097306
Invizimals: The Lost Tribes,34,3.6470588235294117,102.72941176470589,13.235365995097306
The Myth Seekers: The Legacy Of Vulkan,29,3.896551724137931,121.56206896551724,13.228500903387372
Everybody'S Golf 2 (Ps1),29,3.896551724137931,97.80689655172414,13.228500903387372
Math Genius: Subtraction,29,3.896551724137931,105.57241379310345,13.228500903387372
The Ascent Ps4 & Ps5,29,3.896551724137931,119.59310344827585,13.228500903387372
Raji: An Ancient Epic,35,3.6,96.58285714285715,13.220763748416037
Twisted Metal,30,3.8333333333333335,103.74666666666667,13.21701341323584
Spinout [Psp],30,3.8333333333333335,97.71666666666667,13.21701341323584
Sailing Era,30,3.8333333333333335,80.1,13.21701341323584
Bambas!,30,3.8333333333333335,97.33,13.21701341323584
Payday The Heist,30,3.8333333333333335,117.77666666666667,13.21701341323584
Just Crow Things,30,3.8333333333333335,89.53,13.21701341323584
Cats And Seek : Osaka,36,3.5555555555555554,101.56666666666666,13.20603235177855
Discounty,36,3.5555555555555554,94.92777777777778,13.20603235177855
9 Lives To Defend,36,3.5555555555555554,95.43055555555556,13.20603235177855
Void Prison,31,3.774193548387097,113.09677419354838,13.204792479214886
The Jumping Kebab,31,3.774193548387097,119.95806451612903,13.204792479214886
Zombie Vikings,31,3.774193548387097,94.97096774193548,13.204792479214886
Darkest Dungeon,32,3.71875,105.784375,13.191996748142255
Steins,32,3.71875,105.8625,13.191996748142255
Kurulin Fusion [Psp],32,3.71875,95.2,13.191996748142255
Wwe Smackdown Vs. Raw 2009,32,3.71875,113.528125,13.191996748142255
Puppeteer,37,3.5135135135135136,108.2,13.191242048678024
The Elder Scrolls V: Skyrim,23,4.3478260869565215,99.0391304347826,13.188664600931753
Drug Dealer Simulator,23,4.3478260869565215,94.17391304347827,13.188664600931753
Escape From The Pharaoh'S Tomb Ps4 & Ps5,23,4.3478260869565215,116.11739130434782,13.188664600931753
Commandos: Origins,23,4.3478260869565215,107.29130434782608,13.188664600931753
Bombordiro Crocodilo Flight Simulator,24,4.25,98.46666666666665,13.187915771119615
Hyperballoid Hd,24,4.25,93.72083333333332,13.187915771119615
The Jackbox Party Pack 7,25,4.16,122.04799999999999,13.184641499849063
A Frog'S Job Ps4 & Ps5,25,4.16,92.87200000000001,13.184641499849063
The Jumping Food Memory - Ps4 & Ps5,25,4.16,86.13600000000001,13.184641499849063
Find The Thing,25,4.16,81.81599999999999,13.184641499849063
Rookie Basketball Shoots,25,4.16,88.132,13.184641499849063
Beyond A Steel Sky,25,4.16,109.22,13.184641499849063
Alex Kidd In Miracle World,25,4.16,115.744,13.184641499849063
Cat'S Request,25,4.16,109.512,13.184641499849063
B-Boy [Psp],21,4.571428571428571,86.61904761904762,13.180398649375498
Shopping Clutter: Spring Blossom Pack De 5 Jeux,26,4.076923076923077,89.1,13.179277616539835
Hajwala Of Riyadh,26,4.076923076923077,104.83076923076922,13.179277616539835
Maxi Trucks Racing,26,4.076923076923077,101.30384615384615,13.179277616539835
Money Laundering Simulator,26,4.076923076923077,88.38846153846154,13.179277616539835
Alien Breed 2: Assault,26,4.076923076923077,92.36153846153846,13.179277616539835
Twisted Lands: Shadow Town,33,3.6666666666666665,108.63939393939394,13.178760958151011
We Were Here Too,33,3.6666666666666665,106.21818181818182,13.178760958151011
Visage,38,3.473684210526316,101.34210526315789,13.176452426041278
Schedule I - Drug Dealer,27,4.0,110.52592592592592,13.172190018552953
Vengeance Hunters,27,4.0,103.57777777777777,13.172190018552953
Red Faction,27,4.0,77.10370370370372,13.172190018552953
Planet Of The Eyes,27,4.0,104.12962962962963,13.172190018552953
Pack Bleu [Psp],27,4.0,104.95925925925927,13.172190018552953
Music Racer: Ultimate,34,3.6176470588235294,122.89117647058823,13.165199630530289
Agarest: Generations Of War,34,3.6176470588235294,87.24117647058823,13.165199630530289
Magical Maze,34,3.6176470588235294,97.43235294117646,13.165199630530289
Cubic Run,28,3.9285714285714284,114.77857142857144,13.163686788567185
Bad End Theater,28,3.9285714285714284,92.22857142857143,13.163686788567185
Ride 4,28,3.9285714285714284,111.62857142857142,13.163686788567185
Crazy Taxi,28,3.9285714285714284,105.93214285714285,13.163686788567185
Bounce Journey,28,3.9285714285714284,98.71428571428571,13.163686788567185
My Little Universe,28,3.9285714285714284,106.01071428571429,13.163686788567185
Welcome To Paradize,28,3.9285714285714284,75.45357142857142,13.163686788567185
Pity Pit,28,3.9285714285714284,103.8,13.163686788567185
Bliss Island [Psp],29,3.8620689655172415,106.10000000000001,13.154027991511503
Drunken Fist,29,3.8620689655172415,96.65172413793104,13.154027991511503
Die By Anything,29,3.8620689655172415,96.42413793103448,13.154027991511503
Les Bêtes Féroces: Le Chasseur De Dinosaures Hd,29,3.8620689655172415,102.95172413793104,13.154027991511503
Fear 2: Project Origin,29,3.8620689655172415,109.47586206896553,13.154027991511503
Geronimo Stilton [Psp],29,3.8620689655172415,98.95172413793104,13.154027991511503
Tom Clancy'S G.R.A.W 2,35,3.5714285714285716,94.55142857142856,13.151410143183794
Karate Survivor,35,3.5714285714285716,112.15142857142858,13.151410143183794
Hawx,30,3.8,80.2,13.143433641605037
Quiplash,30,3.8,84.21666666666667,13.143433641605037
Worms Ultimate Mayhem,30,3.8,93.42333333333333,13.143433641605037
Lily In Puzzle World Ps4 & Ps5,30,3.8,83.60666666666665,13.143433641605037
Goodbye Volcano High,36,3.5277777777777777,101.67222222222222,13.13747529909072
Pain,31,3.7419354838709675,104.48064516129033,13.13209021636514
Skater'S Solstice Ps4 & Ps5,31,3.7419354838709675,101.55483870967741,13.13209021636514
Bodycheck,31,3.7419354838709675,94.98064516129033,13.13209021636514
Unboxing: Cozy Home Simulator,32,3.6875,117.3625,13.120156009406838
Forklift Extreme: Deluxe Edition,38,3.4473684210526314,99.87894736842105,13.109440461471266
Jigsaw Chronicles: Haunting Tales,24,4.208333333333333,80.73333333333333,13.108770083750809
Winter Sports,24,4.208333333333333,106.98333333333333,13.108770083750809
Mars: War Logs,24,4.208333333333333,112.35000000000001,13.108770083750809
Stellar Docks,24,4.208333333333333,107.77083333333333,13.108770083750809
Crazy Machines Elements - Demo,24,4.208333333333333,95.17916666666667,13.108770083750809
Guitar Hero 5,24,4.208333333333333,116.75833333333333,13.108770083750809
Naive Boy Super Lash,24,4.208333333333333,96.0125,13.108770083750809
Patapon 1+2 Replay,24,4.208333333333333,105.62083333333334,13.108770083750809
Creed: Rise To Glory - Championship Edition,23,4.304347826086956,95.63478260869564,13.108552857602668
Echoshift [Psp],33,3.6363636363636362,99.67272727272727,13.107765549681075
Quilts And Cats Of Calico,33,3.6363636363636362,98.1939393939394,13.107765549681075
Mass Effect,25,4.12,109.78399999999999,13.106453929192275
Syphon Filter 3,25,4.12,100.90799999999999,13.106453929192275
Legends Aligned: Minis In Conflict,25,4.12,106.984,13.106453929192275
Bee Flowers,25,4.12,110.916,13.106453929192275
Nioh 3,25,4.12,95.152,13.106453929192275
Audica And 2019 Season Pass,25,4.12,90.94,13.106453929192275
Dead Reset,22,4.409090909090909,112.89999999999999,13.1052843171806
Poppy Playtime: Chapitre 2,22,4.409090909090909,120.98636363636363,13.1052843171806
"Paw Patrol, La Pat'Patrouille - Le Film À La Rescousse D'Adventure City",22,4.409090909090909,110.27272727272727,13.1052843171806
Season: A Letter To The Future Ps4 & Ps5,26,4.038461538461538,94.96153846153847,13.102037948262291
Tortues Ninja : Les Mutants Se Déchaînent,26,4.038461538461538,78.6923076923077,13.102037948262291
The Jumping Cookie: Turbo,26,4.038461538461538,111.77307692307691,13.102037948262291
Night Of The Dead Simulator,26,4.038461538461538,95.81153846153846,13.102037948262291
Burst Hero,26,4.038461538461538,94.70769230769231,13.102037948262291
Cats Ritual,26,4.038461538461538,80.14615384615385,13.102037948262291
Rugby League Live 3,26,4.038461538461538,94.28076923076924,13.102037948262291
Steredenn: Classic,26,4.038461538461538,99.63461538461539,13.102037948262291
The Jumping Quesadilla: Turbo,26,4.038461538461538,99.37307692307692,13.102037948262291
Mon Coach Personnel – Club Fitness,26,4.038461538461538,105.92307692307692,13.102037948262291
The Jumping Soda,21,4.523809523809524,100.98571428571428,13.098343407217653
Paper Trail,21,4.523809523809524,99.1047619047619,13.098343407217653
Grand Kingdom,27,3.962962962962963,87.74074074074075,13.095886273771878
Contra: Operation Galuga Ps4 & Ps5,27,3.962962962962963,110.18888888888888,13.095886273771878
Sugoro Quest: Dice Heroes Ps4 & Ps5,27,3.962962962962963,103.91111111111111,13.095886273771878
Harvest Moon: The Winds Of Anthos,27,3.962962962962963,97.15185185185184,13.095886273771878
Raiden Iv: Overkill,27,3.962962962962963,109.7,13.095886273771878
Savage Moon,27,3.962962962962963,86.03703703703704,13.095886273771878
Beneath Oresa,34,3.588235294117647,81.48529411764706,13.095033265963272
Mxgp - The Official Motocross Videogame,28,3.892857142857143,92.89285714285714,13.088305635759339
Rogue Waters,28,3.892857142857143,102.87857142857142,13.088305635759339
Miasma Chronicles,28,3.892857142857143,106.44285714285715,13.088305635759339
Echochrome,28,3.892857142857143,103.86785714285715,13.088305635759339
Tour De France 2025,28,3.892857142857143,102.39285714285714,13.088305635759339
Sunnyside,29,3.8275862068965516,100.12068965517241,13.079555079635636
Fusion Paradox,29,3.8275862068965516,99.6793103448276,13.079555079635636
Pro Foosball,29,3.8275862068965516,92.2,13.079555079635636
Skate 3,29,3.8275862068965516,103.0551724137931,13.079555079635636
Resident Evil 5 Gold Edition,29,3.8275862068965516,98.03103448275863,13.079555079635636
Lego Pirates Des Caraïbes Sur Ps3,29,3.8275862068965516,98.89999999999999,13.079555079635636
Tank Battles,29,3.8275862068965516,102.90344827586206,13.079555079635636
Testyourself: Psychology,29,3.8275862068965516,100.7344827586207,13.079555079635636
Nova Hearts,29,3.8275862068965516,103.6896551724138,13.079555079635636
Pure Hold'Em World Poker Championship,29,3.8275862068965516,99.20344827586207,13.079555079635636
Tnt Racers [Psp],30,3.7666666666666666,114.43666666666667,13.069853869974242
In Sound Mind,30,3.7666666666666666,108.68333333333334,13.069853869974242
Castle Heroes,30,3.7666666666666666,112.37666666666668,13.069853869974242
Rooftops & Alleys: The Parkour Game,30,3.7666666666666666,106.77666666666666,13.069853869974242
Flippy Jump,30,3.7666666666666666,119.45333333333333,13.069853869974242
The Legend Of Heroes: Trails Into Reverie,36,3.5,95.66388888888889,13.068918246402893
Dragon Ball Xenoverse 2 - Deluxe Edition,31,3.7096774193548385,113.38387096774194,13.059387953515396
Forklift Simulator 2023,31,3.7096774193548385,101.71612903225805,13.059387953515396
The Jumping Alphabet Soup - Ps4 & Ps5,32,3.65625,92.55,13.04831527067142
Sir Whoopass: Immortal Death,32,3.65625,108.85625,13.04831527067142
Gym Manager,33,3.606060606060606,117.74848484848485,13.036770141211138
Arma Reforger,24,4.166666666666667,100.02083333333333,13.029624396382005
The Silver Case,24,4.166666666666667,89.45,13.029624396382005
Iron Sea Defenders,24,4.166666666666667,103.85416666666667,13.029624396382005
So Much Stuff Collector'S Edition,24,4.166666666666667,111.45833333333333,13.029624396382005
Ma Vie : Vétérinaire,24,4.166666666666667,101.9375,13.029624396382005
Perfect Angle,24,4.166666666666667,84.97083333333333,13.029624396382005
The Riftbreaker,23,4.260869565217392,116.74347826086957,13.02844111427358
"I, Zombie",23,4.260869565217392,113.52608695652174,13.02844111427358
Söldner-X: Himmelsstürmer,23,4.260869565217392,105.14782608695653,13.02844111427358
The Coma 2B: Catacomb,23,4.260869565217392,101.67826086956521,13.02844111427358
Army Of Two : Le 40Ème Jour,25,4.08,92.648,13.02826635853549
Shop Simulator: Supermarket,25,4.08,97.16,13.02826635853549
Brainrot Tung Tung Sahur,25,4.08,109.348,13.02826635853549
Elderborn,25,4.08,109.352,13.02826635853549
Killallzombies,25,4.08,110.816,13.02826635853549
A Boy And His Blob,26,4.0,101.78846153846153,13.024798279984745
Gang Wars - Cards And Bullets,26,4.0,104.25384615384615,13.024798279984745
Monster Hunter Freedom Essentials,26,4.0,99.90384615384616,13.024798279984745
Blablublas Battle Royale Shooter,26,4.0,89.57692307692308,13.024798279984745
Arkedo Series: 01 - Jump!,26,4.0,85.28461538461539,13.024798279984745
Catty & Batty: The Spirit Guide,26,4.0,103.37307692307692,13.024798279984745
Bunker 22,26,4.0,90.6576923076923,13.024798279984745
Eternal Threads,26,4.0,98.13461538461539,13.024798279984745
Prehistoric Gal Ps4 & Ps5,26,4.0,89.92307692307692,13.024798279984745
Electro Ride: The Neon Racing,22,4.363636363636363,100.39090909090909,13.024201488392771
The Witcher 3: Wild Hunt,22,4.363636363636363,122.64090909090909,13.024201488392771
Moorhuhn Crazy Chicken Xtreme,22,4.363636363636363,88.52272727272727,13.024201488392771
Frogo Deluxe,27,3.925925925925926,89.15925925925924,13.019582528990806
Tevi,27,3.925925925925926,107.06666666666668,13.019582528990806
Microarcade Shapeswarm,27,3.925925925925926,96.22592592592592,13.019582528990806
Quiz Thiz Italy: Gold Edition,27,3.925925925925926,98.47037037037036,13.019582528990806
Les Cartes Qui Nous Sont Distribuées,28,3.857142857142857,94.82857142857142,13.012924482951496
Renegade Ops,28,3.857142857142857,100.44285714285715,13.012924482951496
Sine Mora,28,3.857142857142857,99.43928571428572,13.012924482951496
Olliolli World (Ps4/Ps5),28,3.857142857142857,115.00714285714285,13.012924482951496
Minos Dungeon,28,3.857142857142857,117.2,13.012924482951496
Socom: Fireteam Bravo 3 [Psp],28,3.857142857142857,107.79642857142858,13.012924482951496
Atom Rpg: Trudograd,28,3.857142857142857,108.39999999999999,13.012924482951496
La Grande Aventure Lego - Le Jeu Vidéo,28,3.857142857142857,105.10000000000001,13.012924482951496
Pulzar,29,3.793103448275862,103.71724137931035,13.005082167759769
Cargo!,30,3.7333333333333334,103.22,12.996274098343443
Crystal Mines,30,3.7333333333333334,105.77333333333333,12.996274098343443
The Bard'S Tale: Remastered And Resnarkled,30,3.7333333333333334,103.46333333333334,12.996274098343443
Legend Bowl,30,3.7333333333333334,100.21000000000001,12.996274098343443
King Of Clubs,31,3.6774193548387095,90.31290322580645,12.986685690665652
Golf Loop,31,3.6774193548387095,99.1,12.986685690665652
Mx Vs Atv : Extrême Limite (Français) [Psp],31,3.6774193548387095,100.38064516129033,12.986685690665652
Battle Princess Of Arcadias,32,3.625,93.0375,12.976474531936002
Petz Ma Famille Chiots [Psp],33,3.5757575757575757,97.56666666666666,12.9657747327412
Baboon!,34,3.5294117647058822,112.52058823529411,12.954700536829238
Jim’S Adventure,34,3.5294117647058822,91.2764705882353,12.954700536829238
Echochrome Micro [Psp],24,4.125,101.53750000000001,12.950478709013199
The Jumping Hot Dog: Turbo,24,4.125,94.68333333333334,12.950478709013199
Goat Out Of Hell,24,4.125,99.06666666666666,12.950478709013199
Arab Drift Cars 3,24,4.125,102.18333333333334,12.950478709013199
Tidy Toys,24,4.125,97.27916666666665,12.950478709013199
Bike Runner,24,4.125,102.80416666666667,12.950478709013199
Super Stardust Portable,24,4.125,114.19583333333333,12.950478709013199
Before Exit: Supermarket,25,4.04,120.52,12.950078787878702
Ping Pong Up,25,4.04,100.64399999999999,12.950078787878702
Runnero,25,4.04,88.68799999999999,12.950078787878702
"Warhammer 40,000: Darktide",25,4.04,112.35600000000001,12.950078787878702
Payday 2,25,4.04,90.928,12.950078787878702
Far Cry 3: Blood Dragon,23,4.217391304347826,95.15217391304348,12.948329370944492
Saturday Morning Rpg: It'S So Bad Edition,23,4.217391304347826,108.84347826086957,12.948329370944492
The Jumping Burger - Halloween Edition,23,4.217391304347826,95.40869565217392,12.948329370944492
Exophobia,23,4.217391304347826,118.3695652173913,12.948329370944492
Please Be Happy,26,3.9615384615384617,113.07307692307693,12.947558611707201
Trivial Pursuit Live!,26,3.9615384615384617,117.10384615384615,12.947558611707201
Jelly Brawl,26,3.9615384615384617,107.16538461538462,12.947558611707201
Choice Of Life: Wild Islands,26,3.9615384615384617,83.25769230769232,12.947558611707201
10-Second Ghost,26,3.9615384615384617,102.7576923076923,12.947558611707201
Greed 2: Forbidden Experiments,26,3.9615384615384617,101.0653846153846,12.947558611707201
Slayaway Camp: Butcher'S Cut,26,3.9615384615384617,97.89230769230768,12.947558611707201
The Exit: Liminal Anomaly Horror,27,3.888888888888889,113.84814814814816,12.943278784209731
Highwater,27,3.888888888888889,102.9962962962963,12.943278784209731
Medieval Dynasty,27,3.888888888888889,103.18888888888888,12.943278784209731
Hearthstorm,27,3.888888888888889,90.1962962962963,12.943278784209731
Motocross Ramp Madness,27,3.888888888888889,100.12222222222223,12.943278784209731
Zombie Rollerz: Pinball Heroes,27,3.888888888888889,99.28888888888888,12.943278784209731
Supermarket Manager Simulator,27,3.888888888888889,105.97407407407408,12.943278784209731
Space Bouncer,27,3.888888888888889,91.54074074074073,12.943278784209731
Red Faction: Guerrilla,27,3.888888888888889,102.9925925925926,12.943278784209731
Out Of Moves,22,4.318181818181818,98.7590909090909,12.943118659604945
Mesmerize: Trace,22,4.318181818181818,109.5090909090909,12.943118659604945
Weed & Greed,28,3.8214285714285716,117.95714285714287,12.937543330143649
The Bluecoats - North Vs South,28,3.8214285714285716,97.68928571428572,12.937543330143649
From Dust,28,3.8214285714285716,101.48571428571428,12.937543330143649
Blast Factor,21,4.428571428571429,96.03333333333333,12.934232922901966
Soulstone Survivors,21,4.428571428571429,119.98095238095237,12.934232922901966
Blocky Farm,21,4.428571428571429,111.78571428571429,12.934232922901966
Ecognomix,29,3.7586206896551726,126.46551724137932,12.930609255883901
Baldur'S Gate: Dark Alliance Ii,29,3.7586206896551726,103.18620689655172,12.930609255883901
Royal Defense Invisible Threat,29,3.7586206896551726,101.81724137931033,12.930609255883901
Silver Axe - The Honest Elf,29,3.7586206896551726,86.54137931034482,12.930609255883901
Warhawk,29,3.7586206896551726,92.7896551724138,12.930609255883901
Beat Hazard Arcade,30,3.7,111.6,12.922694326712644
Puzzle Agent,30,3.7,115.54666666666667,12.922694326712644
Medievil: Resurrection [Psp],30,3.7,90.09333333333333,12.922694326712644
Skateboard Drifting Simulator With Maxwell Cat: The Game,20,4.55,90.725,12.920933712190838
Madison,31,3.6451612903225805,122.46451612903226,12.913983427815907
Speedway Legends: Overdrive Racing,31,3.6451612903225805,99.86451612903227,12.913983427815907
Buildest,32,3.59375,115.79375,12.904633793200585
Thymesia,32,3.59375,92.225,12.904633793200585
Hegzis Ps4 & Ps5,39,3.3333333333333335,102.02820512820513,12.896661890273192
Bayonetta,39,3.3333333333333335,108.28205128205128,12.896661890273192
Don Bradman Cricket 14,33,3.5454545454545454,101.3,12.894779324271262
Don'T Starve: Console Edition,25,4.0,101.484,12.871891217221917
Shadowrun: Dragonfall - Director'S Cut,25,4.0,95.31200000000001,12.871891217221917
Dagon: Complete Edition,25,4.0,99.78,12.871891217221917
Flock!,25,4.0,98.18799999999999,12.871891217221917
Robobeat,25,4.0,95.704,12.871891217221917
Two Point Campus,25,4.0,115.536,12.871891217221917
Hot Pixel,25,4.0,106.66799999999999,12.871891217221917
Shark! Shark!,25,4.0,122.60799999999999,12.871891217221917
Electrician Simulator Vr,25,4.0,107.652,12.871891217221917
Guilty Gear Xrd -Revelator-,25,4.0,100.22,12.871891217221917
Papo & Yo Version Complète,24,4.083333333333333,99.85833333333333,12.871333021644395
Resident Evil: The Darkside Chronicles,24,4.083333333333333,82.23333333333333,12.871333021644395
Amnesia: Memories,24,4.083333333333333,110.07083333333333,12.871333021644395
Jankenup!,24,4.083333333333333,91.00833333333333,12.871333021644395
Airborne Justice Ps4 & Ps5,24,4.083333333333333,109.69166666666666,12.871333021644395
Puppet House,24,4.083333333333333,100.77083333333333,12.871333021644395
Hyper Mirror Run Ps4 & Ps5,24,4.083333333333333,101.50416666666666,12.871333021644395
Shapehero Factory,24,4.083333333333333,111.53750000000001,12.871333021644395
Minabo - A Walk Through Life,24,4.083333333333333,80.17916666666666,12.871333021644395
Psp Double Pack Disney Pixar,24,4.083333333333333,98.24166666666667,12.871333021644395
Puppet Theater,24,4.083333333333333,110.20833333333333,12.871333021644395
Startenders: Barman Intergalactique,26,3.923076923076923,110.85,12.870318943429654
Dragon Quest Builders,26,3.923076923076923,97.7576923076923,12.870318943429654
Hot Stakes Casino - American Roulette Ps4 & Ps5,26,3.923076923076923,94.23846153846154,12.870318943429654
Level 22,26,3.923076923076923,112.3423076923077,12.870318943429654
Cattie Ps4 & Ps5,26,3.923076923076923,101.63846153846154,12.870318943429654
Fae Farm,23,4.173913043478261,107.70434782608694,12.868217627615405
The Jumping Chicken Wings: Turbo,23,4.173913043478261,84.61739130434783,12.868217627615405
Kinki Spiritual Affairs Bureau,23,4.173913043478261,90.10000000000001,12.868217627615405
Session: Skate Sim,27,3.8518518518518516,97.4074074074074,12.866975039428658
Touhou Spell Carnival,27,3.8518518518518516,101.2,12.866975039428658
5 Star Wrestling,36,3.4166666666666665,103.30277777777778,12.863247088339405
Tanuki Sunset,28,3.7857142857142856,93.46785714285714,12.862162177335803
Shovel Knight: Treasure Trove,28,3.7857142857142856,80.15714285714286,12.862162177335803
Blazing Strike,28,3.7857142857142856,100.14285714285714,12.862162177335803
Zooparasite Ps4 & Ps5,28,3.7857142857142856,86.45357142857142,12.862162177335803
Squarena,28,3.7857142857142856,89.11785714285715,12.862162177335803
Chained Climb Together,22,4.2727272727272725,105.92272727272729,12.862035830817117
Bag Hero,22,4.2727272727272725,104.57272727272726,12.862035830817117
Phantasy Star Portable 2,22,4.2727272727272725,101.23181818181818,12.862035830817117
Tiny Titans – Card Rumble,22,4.2727272727272725,111.1,12.862035830817117
Maze With Cube,29,3.7241379310344827,103.60000000000001,12.856136344008032
Moving Houses Ps4 & Ps5,29,3.7241379310344827,100.40344827586208,12.856136344008032
Vaulting Champions,29,3.7241379310344827,87.2344827586207,12.856136344008032
Phantom Brave: The Lost Hero,29,3.7241379310344827,99.92413793103448,12.856136344008032
Gunvolt Records Cychronicle,21,4.380952380952381,86.82857142857144,12.852177680744123
Edge Of Sanity,30,3.6666666666666665,118.41666666666667,12.849114555081842
Lego Indiana Jones: Toa,30,3.6666666666666665,87.35,12.849114555081842
Burnout Legends [Psp],30,3.6666666666666665,88.52666666666667,12.849114555081842
Last Case Of Benedict Fox: Definitive Edition,31,3.6129032258064515,92.93870967741935,12.841281164966164
Mostroscopy,31,3.6129032258064515,99.40322580645162,12.841281164966164
Super Waifu Ball,31,3.6129032258064515,108.00967741935484,12.841281164966164
Lost Eidolons: Veil Of The Witch,31,3.6129032258064515,87.96129032258065,12.841281164966164
Aliens Vs. Predator,31,3.6129032258064515,109.20645161290322,12.841281164966164
Vagrus - The Riven Realms,32,3.5625,103.865625,12.832793054465165
Giant Flee,32,3.5625,108.646875,12.832793054465165
Five Nights At Freddy'S: Into The Pit,32,3.5625,95.428125,12.832793054465165
Spyro The Dragon Trilogy,33,3.515151515151515,115.42424242424242,12.823783915801325
Bloodrayne: Betrayal,35,3.4285714285714284,97.37142857142857,12.804642117022572
Pixeljunk 4Am,35,3.4285714285714284,94.38857142857142,12.804642117022572
Evotinction,35,3.4285714285714284,98.04,12.804642117022572
Soundfall,25,3.96,93.428,12.79370364656513
Transformers: Épreuves Galactiques,25,3.96,96.696,12.79370364656513
Nitroplus Blasterz: Heroines Infinite,25,3.96,89.152,12.79370364656513
Let'S Sing 2016 : Hits Français,25,3.96,93.416,12.79370364656513
Observer: System Redux,25,3.96,97.83200000000001,12.79370364656513
Headbangers: Rhythm Royale,25,3.96,107.948,12.79370364656513
The Solitaire Conspiracy,25,3.96,115.492,12.79370364656513
Logiking,25,3.96,85.536,12.79370364656513
Actioncam: Supernatural Case,25,3.96,99.928,12.79370364656513
The Seed: Unit 7 Ps4 & Ps5,25,3.96,92.49600000000001,12.79370364656513
Sos Ops!,25,3.96,109.54799999999999,12.79370364656513
Disney Sing It : Party Hits,25,3.96,97.508,12.79370364656513
Assetto Corsa Competizione,25,3.96,106.03200000000001,12.79370364656513
Cover Girl [Psp],26,3.8846153846153846,107.62692307692308,12.793079275152108
Baki Hanma: Blood Arena,26,3.8846153846153846,107.73076923076923,12.793079275152108
Ruffy And The Riverside,26,3.8846153846153846,113.42307692307692,12.793079275152108
Merge Numbers,26,3.8846153846153846,99.9,12.793079275152108
One Piece Odyssey Ps4 & Ps5,26,3.8846153846153846,88.93846153846154,12.793079275152108
Fly Fly,26,3.8846153846153846,110.76923076923077,12.793079275152108
Invizimals: Shadow Zone,26,3.8846153846153846,95.5653846153846,12.793079275152108
Gunhouse,26,3.8846153846153846,93.62692307692308,12.793079275152108
Winters Games Challenge,26,3.8846153846153846,103.83461538461538,12.793079275152108
Red Johnson'S Chronicles,26,3.8846153846153846,99.57307692307693,12.793079275152108
Besiege,26,3.8846153846153846,104.04615384615384,12.793079275152108
Papetura,26,3.8846153846153846,101.65,12.793079275152108
The Jumping Hot Dog,24,4.041666666666667,114.33333333333333,12.79218733427559
Dragon'S LairIi: Time Warp,24,4.041666666666667,96.02083333333333,12.79218733427559
Recycling Center Simulator,24,4.041666666666667,91.31666666666666,12.79218733427559
Dengeki Bunko: Fighting Climax,24,4.041666666666667,82.75416666666666,12.79218733427559
Handball 17,24,4.041666666666667,120.89166666666667,12.79218733427559
Anime Warriors Clash,27,3.814814814814815,91.30740740740741,12.790671294647582
Anime Dance-Off – Around The World,27,3.814814814814815,91.98518518518519,12.790671294647582
Guilty Gear Xrd -Sign-,27,3.814814814814815,109.0037037037037,12.790671294647582
Daymare: 1994 Sandcastle,27,3.814814814814815,113.66296296296296,12.790671294647582
Risen 2: Dark Waters,23,4.130434782608695,119.09565217391304,12.788105884286319
Omen Of Sorrow,23,4.130434782608695,112.6,12.788105884286319
Moorhuhn Crazy Chicken Kart 2,23,4.130434782608695,81.01739130434783,12.788105884286319
Bus Stop Shuffle,23,4.130434782608695,116.42173913043477,12.788105884286319
Feeding Frenzy 2: Shipwreck Showdown,23,4.130434782608695,100.86521739130436,12.788105884286319
Let'S Sing 2017 Hits Français Et Internationaux,23,4.130434782608695,129.52608695652174,12.788105884286319
Potato Sack Racing Simulator 2024 : Digital Deluxe Mega Chad Edition,28,3.75,111.08214285714287,12.786781024527958
%,28,3.75,84.95714285714287,12.786781024527958
Scp-087 The Stairwell Horror,28,3.75,99.81071428571428,12.786781024527958
Mahjong,28,3.75,108.93928571428572,12.786781024527958
Sudoku,37,3.3513513513513513,96.5945945945946,12.784582639346175
Stardrone,29,3.689655172413793,94.08620689655173,12.781663432132166
Gamedec Definitive Edition,22,4.2272727272727275,118.89545454545454,12.780953002029293
Fort Defense,22,4.2272727272727275,99.68181818181819,12.780953002029293
Ultracore,22,4.2272727272727275,90.82727272727273,12.780953002029293
Cannon Dancer - Osman,30,3.6333333333333333,124.18,12.775534783451043
Rugby Challenge 2,21,4.333333333333333,80.67142857142856,12.770122438586277
Cave Digger 2 Dig Harder (Vr + Non-Vr),21,4.333333333333333,130.56666666666666,12.770122438586277
Tabletop Cricket,21,4.333333333333333,105.33333333333333,12.770122438586277
Almost My Floor,21,4.333333333333333,105.45238095238095,12.770122438586277
Medieval Defenders,21,4.333333333333333,108.67619047619047,12.770122438586277
The Mystery Team [Psp],32,3.53125,106.6375,12.760952315729748
Road Cafe Simulator,32,3.53125,97.8875,12.760952315729748
Euro Rally Champion,20,4.45,107.07000000000001,12.754885132820032
Battle Axe,36,3.361111111111111,96.71111111111111,12.72613298296375
Cars 3 : Course Vers La Victoire,26,3.8461538461538463,125.49615384615385,12.715839606874564
Zombie Tycoon Ii: Brainhov'S Revenge,26,3.8461538461538463,98.92692307692307,12.715839606874564
Need For Speed Most Wanted,26,3.8461538461538463,115.18846153846154,12.715839606874564
Call Of Duty : World At War,26,3.8461538461538463,102.30384615384615,12.715839606874564
Esophaguys,26,3.8461538461538463,88.5653846153846,12.715839606874564
Arcade Room Simulator,26,3.8461538461538463,97.77692307692307,12.715839606874564
Cooking Companions,26,3.8461538461538463,112.16923076923078,12.715839606874564
Mail Time,25,3.92,101.77600000000001,12.715516075908342
Dead Or Alive 5 Last Round,25,3.92,99.45200000000001,12.715516075908342
Mighty Fight Federation,25,3.92,86.392,12.715516075908342
Beyond Good & Evil Hd,25,3.92,100.404,12.715516075908342
Mystic Pathways,25,3.92,109.71600000000001,12.715516075908342
Lunar Lander Beyond,25,3.92,78.692,12.715516075908342
Pixicharm - Tiny Speedster,27,3.7777777777777777,92.62592592592593,12.714367549866509
Winnie The Pooh,27,3.7777777777777777,97.32592592592593,12.714367549866509
Tinykin,27,3.7777777777777777,104.62222222222223,12.714367549866509
Find Sort Match,27,3.7777777777777777,84.66666666666667,12.714367549866509
Cooking Simulator,27,3.7777777777777777,115.88148148148149,12.714367549866509
Arcadia Fallen,27,3.7777777777777777,86.67777777777779,12.714367549866509
Vampire Hunters Ps4 & Ps5,24,4.0,95.72083333333335,12.713041646906785
The Surfer,24,4.0,92.54166666666667,12.713041646906785
Slicy Flips,24,4.0,125.32083333333333,12.713041646906785
Unicorn Overlord,24,4.0,90.22083333333335,12.713041646906785
Afterlove Ep,24,4.0,109.99166666666667,12.713041646906785
Material Evidence,24,4.0,90.71249999999999,12.713041646906785
Viking Colony Builder Valhalla,24,4.0,96.82916666666667,12.713041646906785
Bpm: Bullets Per Minute,24,4.0,101.97916666666667,12.713041646906785
Penguin Flight: Beyond The Clouds,24,4.0,107.27083333333333,12.713041646906785
Flame Keeper,24,4.0,98.09166666666665,12.713041646906785
Star Leaping Story,24,4.0,88.3875,12.713041646906785
Pack Jaune [Psp],24,4.0,87.61666666666667,12.713041646906785
Tails Of Iron 2: Whiskers Of Winter (Ps4 & Ps5),24,4.0,106.79583333333333,12.713041646906785
Fort Defense North Menace,28,3.7142857142857144,80.37857142857142,12.711399871720111
Rock Boshers Dx: Director'S Cut Soundtrack,28,3.7142857142857144,125.83928571428571,12.711399871720111
Climber: Sky Is The Limit,28,3.7142857142857144,88.27857142857144,12.711399871720111
Alien: Isolation,28,3.7142857142857144,84.85000000000001,12.711399871720111
Mortisomem,28,3.7142857142857144,89.95714285714287,12.711399871720111
Two Hands Hospital Assistant Simulator,28,3.7142857142857144,120.98928571428571,12.711399871720111
Dj Hero 2,23,4.086956521739131,103.24782608695651,12.707994140957231
Mundaun,23,4.086956521739131,128.62608695652173,12.707994140957231
Arab Drift Cars 2 - The Definitive Edition,23,4.086956521739131,105.35652173913043,12.707994140957231
Unpacking,23,4.086956521739131,105.59565217391304,12.707994140957231
Loot River,23,4.086956521739131,98.23913043478261,12.707994140957231
Dunk Trickster 2,23,4.086956521739131,107.74347826086957,12.707994140957231
Ratchet & Clank: Quest For Booty,23,4.086956521739131,93.94347826086955,12.707994140957231
Let'S Sing 2019 Hits Français Et Internationaux,23,4.086956521739131,112.6304347826087,12.707994140957231
Immortals Fenyx Rising Ps4 & Ps5,23,4.086956521739131,115.1304347826087,12.707994140957231
Metal Gear Solid: Peace Walker - Hd Edition,29,3.6551724137931036,103.7,12.7071905202563
Démo De Sports Champions,30,3.6,101.67333333333333,12.701955011820248
Monster Train,30,3.6,107.09333333333333,12.701955011820248
Resident Evil Revelations,30,3.6,100.83333333333333,12.701955011820248
Wrestlequest,30,3.6,115.47333333333333,12.701955011820248
Techtonica,22,4.181818181818182,117.96363636363635,12.699870173241463
Big Rumble Boxing: Creed Champions,22,4.181818181818182,118.07727272727274,12.699870173241463
Dance Magic,22,4.181818181818182,94.78181818181817,12.699870173241463
Battle Puzzle 2048 - Wicked Witches,22,4.181818181818182,114.8409090909091,12.699870173241463
Wild Rumble,22,4.181818181818182,95.95,12.699870173241463
Dynablaster,22,4.181818181818182,102.76818181818182,12.699870173241463
Colossal Cave,22,4.181818181818182,113.41818181818181,12.699870173241463
Westild'S Law Ps4 & Ps5,22,4.181818181818182,99.75454545454545,12.699870173241463
Storage Hunter Bid War Simulator,22,4.181818181818182,80.72727272727273,12.699870173241463
Puzzle Chronicles,31,3.5483870967741935,97.33548387096775,12.695876639266674
Haven,21,4.285714285714286,121.4095238095238,12.688067196428433
Mika And The Witch'S Mountain,21,4.285714285714286,86.65238095238095,12.688067196428433
Deadly Premonition: Director'S Cut,33,3.4545454545454546,109.02121212121212,12.68179309886145
Metal Slug Tactics,20,4.4,81.19500000000001,12.671860843134628
Starhawk,20,4.4,107.60999999999999,12.671860843134628
The Trap: Winter,19,4.526315789473684,90.42631578947369,12.650376104534917
Tanks Vs Tanks: Pvp,26,3.8076923076923075,98.28461538461539,12.638599938597016
Headmaster,26,3.8076923076923075,109.55000000000001,12.638599938597016
The Exit Project: Backstreets Ps4 & Ps5,26,3.8076923076923075,127.07692307692308,12.638599938597016
The Expendables 2 The Videogame,26,3.8076923076923075,106.01538461538462,12.638599938597016
Disney Stitch Expérience 626,26,3.8076923076923075,109.03846153846153,12.638599938597016
Core.Sys Ps4 & Ps5,26,3.8076923076923075,111.11538461538461,12.638599938597016
Hakuoki: Warriors Of The Shinsengumi,27,3.740740740740741,104.04814814814816,12.638063805085435
Crush,27,3.740740740740741,93.1,12.638063805085435
Let'S Sing Abba,27,3.740740740740741,106.97777777777777,12.638063805085435
Santa'S Workshop,25,3.88,97.81200000000001,12.637328505251556
Jurassic World Evolution 2,25,3.88,99.61200000000001,12.637328505251556
The Jumping Taco: Turbo,25,3.88,112.984,12.637328505251556
Don'T Let Him In,25,3.88,114.38,12.637328505251556
Corpse Party,25,3.88,92.31200000000001,12.637328505251556
The Jumping Wrap,25,3.88,94.32,12.637328505251556
Breathedge,25,3.88,114.928,12.637328505251556
Mystery Hotel: Hidden Objects,25,3.88,104.7,12.637328505251556
Moorhuhn Kart 4,25,3.88,91.52799999999999,12.637328505251556
Ukko & Guará: Stellarbound,28,3.6785714285714284,102.01428571428572,12.636018718912265
Attack At Dawn: North Africa,28,3.6785714285714284,112.65357142857144,12.636018718912265
Fairytale Fights,24,3.9583333333333335,94.07916666666667,12.63389595953798
Color Swiper 3 - Ps4 & Ps5,24,3.9583333333333335,84.73333333333333,12.63389595953798
Buzz! Junior: Robots En Folie,24,3.9583333333333335,104.44166666666666,12.63389595953798
Suikoden Ii,24,3.9583333333333335,99.02499999999999,12.63389595953798
Mototrials,24,3.9583333333333335,109.13749999999999,12.63389595953798
Closer The Distance,24,3.9583333333333335,112.70833333333333,12.63389595953798
Tc'S Ghost Recon Advanced Warfighter,24,3.9583333333333335,113.34583333333335,12.63389595953798
Tetra'S Escape 2 Ps4 & Ps5,29,3.6206896551724137,99.36206896551724,12.63271760838043
Chariot,29,3.6206896551724137,113.06206896551724,12.63271760838043
Chippy'S Stash,29,3.6206896551724137,95.06551724137931,12.63271760838043
Galacticon,30,3.566666666666667,109.35666666666665,12.628375240189449
Day D Tower Rush,23,4.043478260869565,96.40434782608696,12.627882397628143
Lego Batman : Le Jeu Vidéo,23,4.043478260869565,117.62608695652175,12.627882397628143
Secrets In Green Ps4 & Ps5,23,4.043478260869565,123.22608695652173,12.627882397628143
The Jackbox Party Pack 8,23,4.043478260869565,101.94782608695652,12.627882397628143
The Jumping Ice Cream: Turbo,23,4.043478260869565,103.02173913043478,12.627882397628143
Dynasty Warriors Gundam 2 : Contenu Téléchargeable,23,4.043478260869565,110.6391304347826,12.627882397628143
Hajwala Qatar,23,4.043478260869565,99.66086956521738,12.627882397628143
Rain,23,4.043478260869565,116.90434782608696,12.627882397628143
Astro Aqua Kitty,23,4.043478260869565,116.03478260869566,12.627882397628143
Thc Great Battles Of Rome [Psp],23,4.043478260869565,104.4608695652174,12.627882397628143
The Plane Effect,23,4.043478260869565,113.10000000000001,12.627882397628143
A Rite From The Stars: Remaster Edition,23,4.043478260869565,93.96521739130436,12.627882397628143
Sly Cooper: Voleurs À Travers Le Temps,23,4.043478260869565,101.11739130434782,12.627882397628143
Odania Sports Arena,23,4.043478260869565,110.41739130434782,12.627882397628143
Paintings Restoration,23,4.043478260869565,101.86521739130436,12.627882397628143
Slender: The Arrival,31,3.5161290322580645,121.34838709677419,12.623174376416928
Tropical Resort Story,22,4.136363636363637,98.60454545454546,12.618787344453638
Tour De France 2023,22,4.136363636363637,113.03181818181817,12.618787344453638
Moorhuhn Crazy Chicken Invasion,22,4.136363636363637,106.88181818181819,12.618787344453638
Skullgirls 2Nd Encore,22,4.136363636363637,102.78636363636365,12.618787344453638
Sniper Elite V2,22,4.136363636363637,102.23636363636363,12.618787344453638
Antro,22,4.136363636363637,106.31818181818181,12.618787344453638
Rpg Maker With Ps4 & Ps5,22,4.136363636363637,108.65454545454546,12.618787344453638
Poltergeist: A Pixelated Horror,22,4.136363636363637,89.71818181818182,12.618787344453638
Cursed Castilla (Maldita Castilla Ex),22,4.136363636363637,95.07727272727271,12.618787344453638
Pixeljunk Eden 2,32,3.46875,110.075,12.617270838258912
Presentiment Of Death,21,4.238095238095238,103.16190476190476,12.606011954270588
Pro Formula Racing,21,4.238095238095238,104.65714285714287,12.606011954270588
Memory Holder: Animal Kingdom,21,4.238095238095238,114.0904761904762,12.606011954270588
Creed: Rise To Glory,21,4.238095238095238,99.18571428571428,12.606011954270588
Corner Driver,21,4.238095238095238,80.23809523809524,12.606011954270588
Touhou Genso Wanderer,21,4.238095238095238,104.96666666666667,12.606011954270588
Petit Island,21,4.238095238095238,106.72380952380952,12.606011954270588
R-Type Final 3 Evolved,20,4.35,102.625,12.588836553449221
Socom: Special Forces,20,4.35,99.0,12.588836553449221
Sd Gundam Battle Alliance,20,4.35,117.37,12.588836553449221
Streets Of Rage 2,20,4.35,103.655,12.588836553449221
A Dream About Parking Lots,20,4.35,93.175,12.588836553449221
Orc Attack: Flatulent Rebellion Full Version Upgrade,19,4.473684210526316,93.73157894736842,12.566392076294267
Grand Theft Auto Iii — The Definitive Edition,19,4.473684210526316,131.06315789473683,12.566392076294267
What The Bat?,19,4.473684210526316,111.72631578947369,12.566392076294267
Maniac,27,3.7037037037037037,96.42962962962963,12.56176006030436
Soulstice,27,3.7037037037037037,98.98148148148148,12.56176006030436
A Night On The Farm Ps4 & Ps5,27,3.7037037037037037,93.26666666666667,12.56176006030436
Arcana Heart 3 Love Max!!!!!,27,3.7037037037037037,112.1148148148148,12.56176006030436
Shadow Tactics: Aiko'S Choice,26,3.769230769230769,97.3423076923077,12.561360270319472
Curve Racer,26,3.769230769230769,104.59615384615384,12.561360270319472
Let'S Fish! Hooked On,26,3.769230769230769,97.14230769230768,12.561360270319472
Build Lands,26,3.769230769230769,124.98461538461538,12.561360270319472
Horse Dash,26,3.769230769230769,103.64230769230768,12.561360270319472
Bus Simulator Driver 2024 : City Zone,28,3.642857142857143,117.12857142857142,12.56063756610442
Mechanita Ps4 & Ps5,28,3.642857142857143,106.76785714285714,12.56063756610442
Lollipop Chainsaw Repop,28,3.642857142857143,87.10000000000001,12.56063756610442
Warriors Orochi2 [Psp],25,3.84,119.48,12.559140934594769
Nights Into Dreams…,25,3.84,98.836,12.559140934594769
Slain: Back From Hell,25,3.84,116.552,12.559140934594769
Painkiller - Hell & Damnation,25,3.84,109.53200000000001,12.559140934594769
The Jumping Pumpkin - Halloween Edition,25,3.84,97.012,12.559140934594769
Dreamworks All-Star Kart Racing,25,3.84,114.796,12.559140934594769
Warlock'S Tower,25,3.84,84.68799999999999,12.559140934594769
Pixicharm - Moo & Move,29,3.586206896551724,109.21379310344827,12.558244696504563
Street Fighter X Tekken,29,3.586206896551724,109.04137931034482,12.558244696504563
Puzzle Frenzy,24,3.9166666666666665,109.1375,12.554750272169175
Dragons Vs. Balloons Td,24,3.9166666666666665,94.18333333333334,12.554750272169175
Highway Haste,24,3.9166666666666665,121.3,12.554750272169175
Self-Delusion,24,3.9166666666666665,96.7,12.554750272169175
Gravity Escape,24,3.9166666666666665,122.34166666666665,12.554750272169175
Ape Academy,24,3.9166666666666665,106.90833333333335,12.554750272169175
Fantasian Neo Dimension,24,3.9166666666666665,99.60833333333333,12.554750272169175
Tekken2 Ps4 & Ps5,24,3.9166666666666665,99.21666666666665,12.554750272169175
Garten Of Banban 0,24,3.9166666666666665,107.7,12.554750272169175
Ezquiz,24,3.9166666666666665,105.5,12.554750272169175
Pixicharm - Fit Frog'S Feast,24,3.9166666666666665,112.21666666666665,12.554750272169175
Bang! The Official Video Game,24,3.9166666666666665,102.8625,12.554750272169175
Day Of The Shell,24,3.9166666666666665,97.50416666666666,12.554750272169175
Strings Theory,31,3.4838709677419355,111.11612903225806,12.550472113567185
Castlevania: Lords Of Shadow - Mirror Of Fate Hd,31,3.4838709677419355,92.78387096774193,12.550472113567185
Keywe,31,3.4838709677419355,123.99032258064516,12.550472113567185
Ride,23,4.0,115.71739130434783,12.547770654299057
Yomawari: Night Alone/Htolniq: The Firefly Diary,23,4.0,129.7869565217391,12.547770654299057
Burgertime World Tour,23,4.0,92.24782608695651,12.547770654299057
Mystery Box: Escape The Room,23,4.0,112.20434782608694,12.547770654299057
Cult Of The Lamb,23,4.0,103.13478260869564,12.547770654299057
Squab,23,4.0,102.39565217391304,12.547770654299057
Mirror 2 - Console Edition,23,4.0,72.29565217391304,12.547770654299057
Worms World Party [Ps1 Emulation],23,4.0,88.94782608695652,12.547770654299057
Hell Of An Office,23,4.0,96.34782608695652,12.547770654299057
The Dark Pictures Anthology: Little Hope Ps4 & Ps5,23,4.0,114.2695652173913,12.547770654299057
Math Genius: Multiplication,32,3.4375,103.74375,12.545430099523495
Dead Of Darkness Ps4 & Ps5,22,4.090909090909091,96.89545454545454,12.537704515665808
Real Estate Simulator - From Bum To Millionaire,22,4.090909090909091,88.97727272727273,12.537704515665808
Barbie Sentiers Équestres,22,4.090909090909091,115.37272727272726,12.537704515665808
Démo The Last Guy,22,4.090909090909091,99.32272727272726,12.537704515665808
Deus Ex,22,4.090909090909091,103.45454545454545,12.537704515665808
Sunderfolk,22,4.090909090909091,84.86363636363636,12.537704515665808
Exo-Calibre Ps4 & Ps5,18,4.611111111111111,102.12222222222222,12.537623409898275
Sokomine,21,4.190476190476191,107.48571428571428,12.523956712112746
Tekken 6 Ps4 & Ps5,21,4.190476190476191,91.88571428571429,12.523956712112746
Truck Simulator Cargo Driver 2024 - Usa,21,4.190476190476191,105.62857142857142,12.523956712112746
One Night Stand Ps4 & Ps5,21,4.190476190476191,101.27142857142859,12.523956712112746
Shape Of The World,21,4.190476190476191,99.96190476190475,12.523956712112746
Monster Popper,21,4.190476190476191,109.85238095238095,12.523956712112746
Croc Legend Of The Gobbos,21,4.190476190476191,97.79047619047618,12.523956712112746
Lot Monkey Island Edition Spéciale,20,4.3,107.48499999999999,12.505812263763815
Mindseize,20,4.3,113.39500000000001,12.505812263763815
Bravematch,20,4.3,95.495,12.505812263763815
Le Monde Selon Les Filles,20,4.3,114.45,12.505812263763815
Bioprototype,20,4.3,122.845,12.505812263763815
Heart Of A Knight,17,4.764705882352941,90.5764705882353,12.501241896045205
Eyepet & Friends,27,3.6666666666666665,85.69259259259259,12.485456315523287
Downward,27,3.6666666666666665,84.64074074074075,12.485456315523287
Legends Bmx,27,3.6666666666666665,103.04814814814816,12.485456315523287
Medieval Supermarket Shop Simulator,27,3.6666666666666665,107.5925925925926,12.485456315523287
Rugby League Live 2 (Hdd),27,3.6666666666666665,106.46296296296296,12.485456315523287
The Quiet Collection,27,3.6666666666666665,107.89629629629628,12.485456315523287
Panda Run,28,3.607142857142857,121.51071428571429,12.485256413296575
The Jumping Salad: Turbo,28,3.607142857142857,96.02857142857144,12.485256413296575
Knock On The Coffin Lid,28,3.607142857142857,103.09642857142856,12.485256413296575
Colorful Colore,26,3.730769230769231,94.53076923076924,12.484120602041926
Angry Battalion,26,3.730769230769231,117.10769230769232,12.484120602041926
Démo D'Uncharted,26,3.730769230769231,84.78461538461539,12.484120602041926
Escape Tung Sahur Backrooms,29,3.5517241379310347,77.0,12.483771784628695
Sayonara Wild Hearts,29,3.5517241379310347,110.83793103448276,12.483771784628695
Jewel Match Solitaire: Winterscapes,19,4.421052631578948,97.07894736842105,12.482408048053616
Montgomery Fox And The Revenge Of Victor Draven,19,4.421052631578948,74.9157894736842,12.482408048053616
Saga Emerald Beyond - Ps4&Ps5,19,4.421052631578948,107.13684210526317,12.482408048053616
The Stone Of Madness,25,3.8,103.916,12.480953363937981
Touch My Katamari,25,3.8,98.796,12.480953363937981
What Lies In The Multiverse,25,3.8,95.616,12.480953363937981
Paper Plane,25,3.8,85.664,12.480953363937981
Astrosmash,25,3.8,110.16,12.480953363937981
Planet Minigolf,25,3.8,111.64,12.480953363937981
Boti: Byteland Overclocked,25,3.8,99.52,12.480953363937981
Songbird Symphony,25,3.8,75.036,12.480953363937981
Dreams Of Another,25,3.8,102.62,12.480953363937981
Version D'Évaluation De Beat Sketcher,24,3.875,102.175,12.47560458480037
Shadow Quest,24,3.875,85.82916666666667,12.47560458480037
The Jumping Gingerbread: Turbo,24,3.875,102.875,12.47560458480037
Strayed Lights,24,3.875,113.00833333333333,12.47560458480037
Disney Epic Mickey: Rebrushed,24,3.875,110.43333333333334,12.47560458480037
Deus Ex: Human Revolution,32,3.40625,110.24375,12.473589360788075
Lego Star Wars Iii: The Clone Wars,33,3.3636363636363638,109.47575757575757,12.468806873451639
What Comes After,23,3.9565217391304346,106.60000000000001,12.46765891096997
Dusk Diver,23,3.9565217391304346,80.83043478260869,12.46765891096997
Zombies Overloaded,23,3.9565217391304346,94.96521739130434,12.46765891096997
We Were Here Expeditions: The Friendship,23,3.9565217391304346,93.12173913043479,12.46765891096997
Eldrador Creatures Shadowfall,23,3.9565217391304346,113.83043478260869,12.46765891096997
Top Gun: Hard Lock,23,3.9565217391304346,129.34347826086957,12.46765891096997
Mineko'S Night Market,22,4.045454545454546,107.46363636363635,12.456621686877984
Mindcop,22,4.045454545454546,103.61818181818181,12.456621686877984
Daylight Dread,22,4.045454545454546,100.84545454545454,12.456621686877984
Gunsmith Simulator,22,4.045454545454546,89.41363636363636,12.456621686877984
Bad Cat,22,4.045454545454546,92.22272727272728,12.456621686877984
You Suck At Parking,22,4.045454545454546,108.60454545454546,12.456621686877984
The King Of Fighters Xv Open Β Test,22,4.045454545454546,80.26363636363637,12.456621686877984
Phantom Brave: The Hermuda Triangle Remastered,22,4.045454545454546,91.33636363636364,12.456621686877984
Gorn 2,22,4.045454545454546,106.01818181818182,12.456621686877984
Nickelodeon Kart Racers 3: Slime Speedway,22,4.045454545454546,95.74545454545455,12.456621686877984
Clutter 14,22,4.045454545454546,103.6590909090909,12.456621686877984
Audica,22,4.045454545454546,90.62272727272727,12.456621686877984
Cookie Clicker,18,4.555555555555555,105.5,12.452696477503892
Emoji Kart Racer,21,4.142857142857143,100.53333333333333,12.441901469954901
Moonglow Bay,21,4.142857142857143,117.41428571428571,12.441901469954901
Casual Sport Series: Hockey,21,4.142857142857143,105.03333333333333,12.441901469954901
The Long Desert Drive,21,4.142857142857143,98.87142857142858,12.441901469954901
Mouthole,21,4.142857142857143,103.36190476190475,12.441901469954901
The Caligula Effect 2,21,4.142857142857143,109.96666666666667,12.441901469954901
Space Drop,21,4.142857142857143,104.83809523809524,12.441901469954901
Démo De Heavy Rain,21,4.142857142857143,79.3,12.441901469954901
Irem Collection Volume 2 Ps4 & Ps5,21,4.142857142857143,104.42380952380952,12.441901469954901
Oceanhorn - Monster Of Uncharted Seas,21,4.142857142857143,118.9904761904762,12.441901469954901
Totally Reliable Delivery Service,20,4.25,100.435,12.422787974078412
Neverend,20,4.25,98.30499999999999,12.422787974078412
Amedama,20,4.25,90.25,12.422787974078412
Samurai Warriors: Spirit Of Sanada,20,4.25,115.47,12.422787974078412
Perfect Ninja Painter 2,20,4.25,110.94000000000001,12.422787974078412
Geon,20,4.25,80.535,12.422787974078412
Boom Robots,20,4.25,115.79,12.422787974078412
Tesla Force Ps4 & Ps5,20,4.25,133.08499999999998,12.422787974078412
Masters Pool Hd,20,4.25,134.48,12.422787974078412
Chicken Little,28,3.5714285714285716,109.51071428571429,12.409875260488729
Ihf Handball Challenge 14,28,3.5714285714285716,105.28928571428571,12.409875260488729
Disgaea2: Dark Hero Days,28,3.5714285714285716,102.96071428571429,12.409875260488729
Impossible Mission [Psp],27,3.6296296296296298,97.02222222222223,12.409152570742213
"Cercles, Cercles, Cercles",27,3.6296296296296298,97.71481481481482,12.409152570742213
Brokenlore: Don'T Watch,27,3.6296296296296298,120.0925925925926,12.409152570742213
Journey Of A Special Average Balloon,27,3.6296296296296298,94.08888888888889,12.409152570742213
Weedcraft Inc,27,3.6296296296296298,105.70370370370371,12.409152570742213
Master Maker 3D Ultimate Ps4 & Ps5,27,3.6296296296296298,113.98888888888888,12.409152570742213
R-Type Dimensions,30,3.466666666666667,121.84666666666666,12.40763592529705
Légende: Saint Georges,30,3.466666666666667,112.89666666666668,12.40763592529705
Kiting Cat,26,3.6923076923076925,108.39230769230768,12.406880933764382
They Came From The Sky 2 Ps4 & Ps5,26,3.6923076923076925,98.98076923076923,12.406880933764382
Soul Stalker,25,3.76,106.6,12.402765793281196
Zuma'S Revenge!,25,3.76,109.296,12.402765793281196
Tiny Pixels Vol. 1 - Ninpo Blast Ps4 & Ps5,25,3.76,111.06,12.402765793281196
Connect Pictures Of Dog,25,3.76,97.59200000000001,12.402765793281196
Casual Sport Series: Badminton,25,3.76,92.788,12.402765793281196
Button City,25,3.76,113.836,12.402765793281196
Yohane The Parhelion - Numazu In The Mirage -,25,3.76,109.648,12.402765793281196
Udo,19,4.368421052631579,115.36315789473684,12.398424019812962
Dr.Minigames,19,4.368421052631579,89.57368421052631,12.398424019812962
Boulder Dash 40Th Anniversary,19,4.368421052631579,91.47894736842105,12.398424019812962
Alien Hominid Hd Ps4 & Ps5,24,3.8333333333333335,117.15416666666665,12.396458897431566
Rollerdrome,24,3.8333333333333335,92.94583333333333,12.396458897431566
Poopy Time,24,3.8333333333333335,99.2,12.396458897431566
Overboss,24,3.8333333333333335,102.42916666666667,12.396458897431566
Surge Deluxe,24,3.8333333333333335,97.9375,12.396458897431566
Bridges & Docks,23,3.9130434782608696,102.76086956521739,12.387547167640882
Encombrement Des Achats : Mystère D'Halloween Pack De 5 Jeux,23,3.9130434782608696,102.82608695652173,12.387547167640882
3D Don'T Die Mr. Robot Ps4 & Ps5,23,3.9130434782608696,83.84347826086957,12.387547167640882
40 Sports Games In 1,23,3.9130434782608696,121.01304347826088,12.387547167640882
Valkyrie Profile: Lenneth,23,3.9130434782608696,94.3913043478261,12.387547167640882
Carnival Island,23,3.9130434782608696,115.70869565217392,12.387547167640882
Don'T Starve: Giant Edition,23,3.9130434782608696,110.18260869565216,12.387547167640882
Premier Manager,23,3.9130434782608696,89.99565217391304,12.387547167640882
Hero'S Hour,23,3.9130434782608696,100.26086956521739,12.387547167640882
Disney Donald - Qui Est Pk ?,23,3.9130434782608696,83.1086956521739,12.387547167640882
A Juggler'S Tale,23,3.9130434782608696,109.84347826086957,12.387547167640882
Fool'S Pub,23,3.9130434782608696,110.2304347826087,12.387547167640882
Deadcraft,23,3.9130434782608696,103.33043478260869,12.387547167640882
Paper Beast,23,3.9130434782608696,82.11304347826086,12.387547167640882
Imagine Earth,23,3.9130434782608696,106.26521739130435,12.387547167640882
Unsolved Case: Murderous Script Ce,23,3.9130434782608696,131.85652173913041,12.387547167640882
Romancing Saga -Minstrel Song- Remastered Ps4 & Ps5,22,4.0,101.59545454545454,12.375538858090156
Ssx On Tour Essentials,22,4.0,64.60454545454546,12.375538858090156
Max Mustard,22,4.0,94.42727272727274,12.375538858090156
The Lost And The Wicked,22,4.0,102.89090909090909,12.375538858090156
Arcade Archives 10-Yard Fight,22,4.0,91.63181818181819,12.375538858090156
Gnosia,22,4.0,103.47727272727273,12.375538858090156
The Jumping Pumpkin: Turbo,22,4.0,123.0909090909091,12.375538858090156
Shapeneon Chaos,22,4.0,110.24545454545455,12.375538858090156
Bridge Constructor: The Walking Dead - Ps4 & Ps5,22,4.0,87.94090909090909,12.375538858090156
Pilot Sports,22,4.0,91.0909090909091,12.375538858090156
Date With Devils,18,4.5,110.53333333333335,12.36776954510951
Dreamless,18,4.5,116.21666666666667,12.36776954510951
Christmas Tree Decorating Simulator - Ps4 & Ps5,18,4.5,107.09444444444445,12.36776954510951
Zaggy Car,21,4.095238095238095,101.50952380952383,12.359846227797059
Operation: Tango,21,4.095238095238095,110.60952380952382,12.359846227797059
Duck Race,21,4.095238095238095,119.87619047619049,12.359846227797059
Alien Zombie Megadeath,21,4.095238095238095,104.60952380952382,12.359846227797059
1942: Joint Strike,21,4.095238095238095,128.42380952380952,12.359846227797059
Match Master,21,4.095238095238095,106.36666666666666,12.359846227797059
Aerial_Knight'S We Never Yield,21,4.095238095238095,96.72380952380952,12.359846227797059
Bouncy Bread,21,4.095238095238095,91.05714285714286,12.359846227797059
Roller Drama,21,4.095238095238095,93.5,12.359846227797059
Gt Racers,21,4.095238095238095,100.02857142857142,12.359846227797059
Pixicharm - Tuttirun,21,4.095238095238095,79.3952380952381,12.359846227797059
Démo Echoshift,21,4.095238095238095,97.97619047619048,12.359846227797059
Battle Pixel,21,4.095238095238095,102.4095238095238,12.359846227797059
Polterguys: Possession Party,21,4.095238095238095,88.17619047619048,12.359846227797059
Sable,21,4.095238095238095,66.23333333333333,12.359846227797059
Burning Secrets - A Bara Visual Novel Ps4 & Ps5,20,4.2,93.865,12.33976368439301
Mortal Glory 2,20,4.2,101.66499999999999,12.33976368439301
Myrummy,20,4.2,94.84,12.33976368439301
Wrecked Revenge Revisited Trial,20,4.2,76.535,12.33976368439301
Learn To Play Vol. 12 - Jungle Frog,20,4.2,104.45,12.33976368439301
Space Cleanup: Cosmic Robot Disinfector,20,4.2,95.075,12.33976368439301
Hole Theory,20,4.2,127.525,12.33976368439301
Sports Bar Vr 2.0,20,4.2,106.835,12.33976368439301
Backrooms: Partygoers Ps4 & Ps5,20,4.2,90.51,12.33976368439301
Bunny Mahjo,20,4.2,103.475,12.33976368439301
Not Not - A Brain Buster,20,4.2,81.315,12.33976368439301
Instant Sports Plus,29,3.4827586206896552,114.54137931034482,12.334825960876959
Big Helmet Heroes,29,3.4827586206896552,112.65862068965517,12.334825960876959
Motogp23 Ps4 & Ps5,29,3.4827586206896552,98.51034482758621,12.334825960876959
Hole Digging Master,29,3.4827586206896552,98.24137931034483,12.334825960876959
Let'S! Revolution! Ps4 & Ps5,28,3.5357142857142856,106.61071428571428,12.334494107680882
Flint: Treasure Of Oblivion,28,3.5357142857142856,83.47142857142856,12.334494107680882
Kizuna Ai - Touch The Beat!,28,3.5357142857142856,96.09285714285714,12.334494107680882
Aureole - Wings Of Hope,30,3.433333333333333,120.51666666666667,12.33405615366625
Teenage Mutant Ninja Turtles: Shredder'S Revenge,27,3.5925925925925926,116.41851851851852,12.33284882596114
Disney/Pixar Toy Story 3,27,3.5925925925925926,96.39629629629628,12.33284882596114
Rocketbirds: Hardboiled Chicken,27,3.5925925925925926,91.52592592592592,12.33284882596114
Maid Of Sker,27,3.5925925925925926,114.9074074074074,12.33284882596114
Pac-Man Museum,26,3.6538461538461537,92.75384615384615,12.329641265486835
Astro Tripper,26,3.6538461538461537,99.96153846153847,12.329641265486835
Farlands Journey,26,3.6538461538461537,122.52307692307691,12.329641265486835
Neosprint,26,3.6538461538461537,92.98076923076923,12.329641265486835
Through The Gates,26,3.6538461538461537,94.51153846153846,12.329641265486835
Robot Vs Monsters,26,3.6538461538461537,91.85384615384615,12.329641265486835
Velocity 2X: Critical Mass Edition,26,3.6538461538461537,115.14230769230768,12.329641265486835
Strike Mission,26,3.6538461538461537,92.51153846153846,12.329641265486835
Orcs Must Die! Deathtrap,17,4.647058823529412,85.4235294117647,12.32955497683493
Citizen Sleeper 2: Starward Vector,25,3.72,117.164,12.324578222624408
Aaero,25,3.72,120.75200000000001,12.324578222624408
Monster World Iv,25,3.72,87.336,12.324578222624408
Baila Latino,24,3.7916666666666665,101.45833333333333,12.31731321006276
Sports Champions 2,24,3.7916666666666665,81.87916666666666,12.31731321006276
Galaxy Champions Tv,24,3.7916666666666665,99.3,12.31731321006276
A Hole New World,24,3.7916666666666665,115.44583333333333,12.31731321006276
Bibi & Tina – Nouvelles Aventures À Cheval,24,3.7916666666666665,84.48333333333333,12.31731321006276
Dynasty Warriors Vol.2 [Psp],24,3.7916666666666665,80.375,12.31731321006276
Warring Universe,24,3.7916666666666665,107.21249999999999,12.31731321006276
Dreamworks Gabby Et La Maison Magique: C'Est La Fête,24,3.7916666666666665,118.89999999999999,12.31731321006276
Eternum Ex,24,3.7916666666666665,103.95833333333333,12.31731321006276
Among Us,24,3.7916666666666665,93.0125,12.31731321006276
Jewel Match Solitaire 2 Collector'S Edition,24,3.7916666666666665,87.03750000000001,12.31731321006276
Capcom Vs Snk 2,19,4.315789473684211,105.03684210526316,12.314439991572312
The Jak And Daxter Trilogy,19,4.315789473684211,114.45263157894736,12.314439991572312
Euro Truck Sim Driver Simulator 24 - Garbage,19,4.315789473684211,83.1842105263158,12.314439991572312
The Perplexing Orb: Bounce Challenge,19,4.315789473684211,92.73684210526316,12.314439991572312
Lunar Nightmare,19,4.315789473684211,94.67894736842106,12.314439991572312
Morning 333,19,4.315789473684211,120.03684210526318,12.314439991572312
To The Moon,23,3.869565217391304,100.25217391304349,12.307435424311794
Mystic Pathways: Crystal Quest,23,3.869565217391304,113.04782608695652,12.307435424311794
Learn To Play Vol. 10 - Gravity Space Walk,23,3.869565217391304,107.71304347826087,12.307435424311794
Police Officers Simulator,23,3.869565217391304,84.51304347826087,12.307435424311794
Drova - Forsaken Kin,23,3.869565217391304,94.74347826086957,12.307435424311794
Pure Pool,23,3.869565217391304,98.25652173913043,12.307435424311794
Spy Chameleon,23,3.869565217391304,92.07391304347826,12.307435424311794
Tony Hawk'S Pro Skater 1 + 2 - Pack Cross-Gen Deluxe,23,3.869565217391304,95.61739130434782,12.307435424311794
Wonderbook: Sur La Terre Des Dinosaures,23,3.869565217391304,94.81739130434784,12.307435424311794
Froggie - A Retro Platformer Ps4 & Ps5,23,3.869565217391304,106.19130434782609,12.307435424311794
Z-Warp Ps4 & Ps5,23,3.869565217391304,107.28260869565217,12.307435424311794
Mortal Kombat: Legacy Kollection Ps4 & Ps5,23,3.869565217391304,118.53478260869566,12.307435424311794
Popotinho'S Adventures Ps4 & Ps5,23,3.869565217391304,120.83043478260869,12.307435424311794
Pixicharm - Hue Break The Law,23,3.869565217391304,93.84347826086957,12.307435424311794
Grand Theft Auto V,23,3.869565217391304,101.32173913043479,12.307435424311794
Go! Sudoku [Psp],23,3.869565217391304,99.30434782608695,12.307435424311794
Astria Ascending,23,3.869565217391304,109.30869565217391,12.307435424311794
When Vikings Attack,22,3.9545454545454546,96.22272727272728,12.294456029302328
The Dark Pictures Anthology: The Devil In Me Ps4 & Ps5,22,3.9545454545454546,92.21818181818182,12.294456029302328
Dungeon Arsenal,22,3.9545454545454546,116.75,12.294456029302328
Figment 2: Creed Valley,22,3.9545454545454546,97.4909090909091,12.294456029302328
Mud - Fim Motocross World Championship Demo,22,3.9545454545454546,114.89545454545454,12.294456029302328
Empire Invasion,22,3.9545454545454546,96.29545454545455,12.294456029302328
Anarchy Reigns,22,3.9545454545454546,111.0909090909091,12.294456029302328
Puzzle Fighter Hd,22,3.9545454545454546,106.17727272727274,12.294456029302328
Bunny Pit Stop,22,3.9545454545454546,92.77272727272727,12.294456029302328
Supermagical,18,4.444444444444445,100.82222222222222,12.282842612715127
Quiz Thiz Austria: Gold Edition,21,4.0476190476190474,98.4047619047619,12.277790985639214
Little Helper Cafe,21,4.0476190476190474,111.52380952380952,12.277790985639214
To The Moon: Sigmund Minisode 1 (Holiday Special),21,4.0476190476190474,105.98095238095237,12.277790985639214
Flight Control Hd,21,4.0476190476190474,106.97619047619048,12.277790985639214
Daytona Usa,21,4.0476190476190474,119.46190476190475,12.277790985639214
Forest Grove,21,4.0476190476190474,74.56190476190476,12.277790985639214
Call Of Duty 4: Modern Warfare,21,4.0476190476190474,101.85714285714286,12.277790985639214
City Bus Manager,21,4.0476190476190474,108.98571428571428,12.277790985639214
Bright Memory: Infinite,21,4.0476190476190474,84.79047619047618,12.277790985639214
Let'S Sing 2019 Mit Deutschen Hits,21,4.0476190476190474,110.1047619047619,12.277790985639214
Shadows Of The Damned: Hella Remastered,21,4.0476190476190474,95.72857142857144,12.277790985639214
Unleaving,21,4.0476190476190474,97.54761904761905,12.277790985639214
Empire Of Angels Iv,21,4.0476190476190474,125.04761904761905,12.277790985639214
Runny Bunny Ps4 & Ps5,21,4.0476190476190474,89.39047619047619,12.277790985639214
Bubble Aim,30,3.4,114.68333333333334,12.260476382035451
Sail Forth,31,3.3548387096774195,113.92903225806452,12.259663062168206
Blacksmith Simulator,20,4.15,123.52000000000001,12.256739394707605
Dark Angels,20,4.15,92.78999999999999,12.256739394707605
World Of Goo 2,20,4.15,130.70499999999998,12.256739394707605
Wrc Generations – The Fia Wrc Official Game,20,4.15,95.015,12.256739394707605
Meet Your Maker,20,4.15,106.19000000000001,12.256739394707605
Sunshower,20,4.15,94.66499999999999,12.256739394707605
Magic Dungeon Hero: Freedom Or Death,20,4.15,128.475,12.256739394707605
Tank Battle Retro,20,4.15,93.81,12.256739394707605
Fly The Plane,20,4.15,101.725,12.256739394707605
The Dark Pictures Anthology: Man Of Medan Ps4 & Ps5,20,4.15,121.30499999999999,12.256739394707605
Cubic Light,20,4.15,107.17,12.256739394707605
Minecraft: Playstation3 Edition,20,4.15,91.14,12.256739394707605
Puzzle Wars,20,4.15,109.75999999999999,12.256739394707605
Mayhem Mail Ps4 & Ps5,20,4.15,114.655,12.256739394707605
Magnitude: Lambda,20,4.15,122.45,12.256739394707605
White Day: A Labyrinth Named School,20,4.15,92.875,12.256739394707605
Power Pointer,20,4.15,118.975,12.256739394707605
Final Horizon,27,3.5555555555555554,98.22222222222223,12.256545081180064
Cat Pipes,27,3.5555555555555554,129.63333333333333,12.256545081180064
Llamasoft: The Jeff Minter Story,26,3.6153846153846154,113.65384615384616,12.252401597209289
Monopoly Deal,26,3.6153846153846154,111.7423076923077,12.252401597209289
Ys I & Ii Chronicles [Psp],26,3.6153846153846154,94.8423076923077,12.252401597209289
Motogp13 Compact,26,3.6153846153846154,112.88846153846154,12.252401597209289
Comix Zone,26,3.6153846153846154,93.3076923076923,12.252401597209289
The Texas Chain Saw Massacre,26,3.6153846153846154,97.78076923076924,12.252401597209289
Centum,26,3.6153846153846154,89.15384615384616,12.252401597209289
Only Tung Tung Sahur Up,25,3.68,105.95200000000001,12.246390651967623
Land Of Mushrooms,25,3.68,115.936,12.246390651967623
Quiz Thiz France: Bronze Editon,25,3.68,91.552,12.246390651967623
Jigsaw Finale,25,3.68,101.03200000000001,12.246390651967623
Sacra Terra: Kiss Of Death,24,3.75,100.9875,12.238167522693956
Lara Croft And The Guardian Of Light (Version Complète),24,3.75,86.675,12.238167522693956
Open Me!,24,3.75,98.0625,12.238167522693956
Furmins Full Game + Bonus World,24,3.75,119.05,12.238167522693956
Solemn Warriors,19,4.2631578947368425,110.52631578947368,12.23045596333166
The Jumping Bagel: Turbo,19,4.2631578947368425,110.52631578947368,12.23045596333166
Xcom: Enemy Within,19,4.2631578947368425,90.47894736842105,12.23045596333166
Fight Club World - Fighting Game,19,4.2631578947368425,107.21052631578948,12.23045596333166
Mega Man 9,19,4.2631578947368425,117.18947368421053,12.23045596333166
Death Kid,19,4.2631578947368425,88.01052631578948,12.23045596333166
Max Payne,19,4.2631578947368425,110.36315789473684,12.23045596333166
Isonzo,19,4.2631578947368425,91.98421052631579,12.23045596333166
Keeper'S Toll Ps4 & Ps5,19,4.2631578947368425,112.19473684210526,12.23045596333166
The Serpent Rogue,23,3.8260869565217392,123.3,12.227323680982709
Finding Paradise,23,3.8260869565217392,100.2,12.227323680982709
Bite The Bullet,23,3.8260869565217392,105.09565217391304,12.227323680982709
Behold Battle,23,3.8260869565217392,99.9695652173913,12.227323680982709
Broadsword: Warlord Edition,23,3.8260869565217392,100.76521739130435,12.227323680982709
Rhythm Of The Gods,23,3.8260869565217392,106.0608695652174,12.227323680982709
"Stars, Stripes, And Subgames",23,3.8260869565217392,81.8913043478261,12.227323680982709
I Am Your Beast,23,3.8260869565217392,79.7304347826087,12.227323680982709
Atelier Shallie ~Alchemists Of The Dusk Sea~,23,3.8260869565217392,124.82608695652173,12.227323680982709
The Awakened Fate Ultimatum,23,3.8260869565217392,119.21304347826087,12.227323680982709
The Case Of The Golden Idol,23,3.8260869565217392,106.81739130434784,12.227323680982709
Z-Run,22,3.909090909090909,130.9,12.213373200514503
Pixicharm – Frost Ascent,22,3.909090909090909,110.96818181818183,12.213373200514503
Aquatic Life: Fish Simulator Rpg,22,3.909090909090909,119.95,12.213373200514503
Learn To Play Vol. 9 - Santa'S Sleigh Ride,22,3.909090909090909,108.46818181818183,12.213373200514503
Game Builder Tycoon,22,3.909090909090909,87.66363636363636,12.213373200514503
Songs Of Silence,22,3.909090909090909,116.55454545454545,12.213373200514503
Rabi-Ribi,22,3.909090909090909,98.88181818181819,12.213373200514503
Amber Alert Director'S Cut,22,3.909090909090909,84.27272727272727,12.213373200514503
Turok 3: Shadow Of Oblivion Remastered,22,3.909090909090909,72.85000000000001,12.213373200514503
Deus Ex: The Conspiracy Ps4 & Ps5,18,4.388888888888889,121.43333333333334,12.197915680320746
Fables Mosaic: Rapunzel,18,4.388888888888889,111.97777777777777,12.197915680320746
Steampunch: Lost Tombs,18,4.388888888888889,111.5,12.197915680320746
Have A Nice Death,18,4.388888888888889,92.32222222222222,12.197915680320746
Flipy'S Tesla! Inventons L’Avenir,18,4.388888888888889,98.05000000000001,12.197915680320746
Sokocrab,21,4.0,92.5952380952381,12.195735743481372
Hannah’S Day,21,4.0,87.14285714285714,12.195735743481372
Rolling Wheels,21,4.0,76.25714285714285,12.195735743481372
Humankind Ps4 & Ps5,21,4.0,102.23809523809524,12.195735743481372
Quiz Thiz United Kingdom: Bronze Edition,21,4.0,101.45714285714286,12.195735743481372
Alien Shooter,21,4.0,113.70476190476191,12.195735743481372
Ten Dates,21,4.0,126.66190476190476,12.195735743481372
Anime Dance-Off – Las Vegas,21,4.0,85.28095238095239,12.195735743481372
The Jumping Pizza: Turbo,21,4.0,106.13333333333334,12.195735743481372
The Keeper Of 4 Elements,21,4.0,118.04285714285714,12.195735743481372
Roguematch : The Extraplanar Invasion,30,3.3666666666666667,98.06,12.186896610404652
Jetpack Joyride Deluxe,29,3.413793103448276,96.63448275862069,12.185880137125224
Beach Invasion 1944,27,3.5185185185185186,102.76296296296296,12.180241336398991
Mining Mechs Ps4 & Ps5,27,3.5185185185185186,111.77407407407408,12.180241336398991
Everdream Valley Ps4 & Ps5,26,3.576923076923077,104.63846153846154,12.175161928931745
Pixeljunk Monsters,26,3.576923076923077,80.67307692307692,12.175161928931745
Gost Of Time,26,3.576923076923077,107.08076923076922,12.175161928931745
King Of Ping Pong: Megamix Ps4 & Ps5,26,3.576923076923077,84.16153846153846,12.175161928931745
Royal Romances: Endless Winter Ce,26,3.576923076923077,107.02307692307691,12.175161928931745
Wizard Of Legend 2,26,3.576923076923077,124.73076923076923,12.175161928931745
Cybertrash Statyx,26,3.576923076923077,95.08846153846154,12.175161928931745
Star Wars: Bounty Hunter,20,4.1,123.44000000000001,12.1737151050222
The Jumping Spaghetti - Ps4 & Ps5,20,4.1,93.89,12.1737151050222
Thehunter: Call Of The Wild,20,4.1,96.64500000000001,12.1737151050222
Inflatables,20,4.1,78.11,12.1737151050222
Light Snake,20,4.1,97.495,12.1737151050222
Beholder 2,20,4.1,108.63,12.1737151050222
Rusty Rabbit,20,4.1,105.41,12.1737151050222
Steampunch,20,4.1,108.91,12.1737151050222
Eden Survivors,20,4.1,81.67,12.1737151050222
Nioh 2 Remastered – Édition Complète Ps4 & Ps5,20,4.1,80.865,12.1737151050222
Farming Simulator 22 Ps4 & Ps5,20,4.1,117.18499999999999,12.1737151050222
The Jumping Gingerbread,20,4.1,98.955,12.1737151050222
Twisted Metal: Black,20,4.1,90.375,12.1737151050222
The Ultimate Foosball Bundle,20,4.1,112.15,12.1737151050222
Dark Souls Ii: Scholar Of The First Sin,25,3.64,98.416,12.168203081310836
King Oddball,25,3.64,112.24,12.168203081310836
Clutter Evolution: Beyond Xtreme,25,3.64,92.39200000000001,12.168203081310836
Jaden & Jasmine: The Curse Of Deception,25,3.64,87.71600000000001,12.168203081310836
Guacamelee!,25,3.64,79.71600000000001,12.168203081310836
Boss Rush: Mythology,25,3.64,82.95200000000001,12.168203081310836
Fear The Spotlight,24,3.7083333333333335,102.05416666666667,12.159021835325152
Agent Walker: Secret Journey,24,3.7083333333333335,100.6875,12.159021835325152
Spectrolite,24,3.7083333333333335,98.54583333333333,12.159021835325152
Santa'S Spot It,24,3.7083333333333335,90.20416666666667,12.159021835325152
Candylands Journey,24,3.7083333333333335,81.54583333333333,12.159021835325152
Draw Li,24,3.7083333333333335,101.39166666666667,12.159021835325152
Castle Crumble,23,3.782608695652174,108.5,12.147211937653621
Worms [Ps1 Emulation],23,3.782608695652174,114.4304347826087,12.147211937653621
Absolute Supercars,23,3.782608695652174,121.01304347826088,12.147211937653621
Tales Of GracesF Remastered,23,3.782608695652174,92.55652173913045,12.147211937653621
Unicorns - The Troll Adventure,23,3.782608695652174,110.6391304347826,12.147211937653621
Snwbrd: Freestyle Snowboarding,23,3.782608695652174,90.14782608695653,12.147211937653621
Learn To Play Vol. 7 - Safe Journey,23,3.782608695652174,103.8695652173913,12.147211937653621
Let'S Sing 2018 Hits Francais Et Internationaux,23,3.782608695652174,131.38695652173914,12.147211937653621
Xenon Racer,23,3.782608695652174,97.27391304347827,12.147211937653621
Nekopara Vol.3,23,3.782608695652174,99.58260869565218,12.147211937653621
Wordherd,23,3.782608695652174,89.34782608695652,12.147211937653621
No Tears For Heroes,23,3.782608695652174,112.15217391304348,12.147211937653621
Super Xyx Ps4 & Ps5,23,3.782608695652174,88.8695652173913,12.147211937653621
The Jumping Cookie,23,3.782608695652174,127.7695652173913,12.147211937653621
Breakout Beyond,19,4.2105263157894735,83.25263157894737,12.146471935091009
Forklift Simulator,19,4.2105263157894735,102.8578947368421,12.146471935091009
Star Wars Jedi: Fallen Order,19,4.2105263157894735,98.17894736842105,12.146471935091009
Gex,19,4.2105263157894735,98.33157894736841,12.146471935091009
Mado Monogatari: Fia And The Wondrous Academy,19,4.2105263157894735,134.9842105263158,12.146471935091009
Harold Halibut,19,4.2105263157894735,97.70526315789475,12.146471935091009
Sunny Café Ps4 & Ps5,19,4.2105263157894735,106.86315789473684,12.146471935091009
The Outlast Trials,19,4.2105263157894735,122.34736842105262,12.146471935091009
The Pig Quiz,19,4.2105263157894735,120.0578947368421,12.146471935091009
Folklore,22,3.8636363636363638,105.72727272727273,12.132290371726675
Prison Alone,22,3.8636363636363638,90.49545454545455,12.132290371726675
Baldur'S Gate 3,22,3.8636363636363638,79.56818181818181,12.132290371726675
G.I. Joe: Wrath Of Cobra,22,3.8636363636363638,98.23636363636363,12.132290371726675
"Cook, Serve, Delicious! 3?!",22,3.8636363636363638,101.3409090909091,12.132290371726675
Outer Wilds,22,3.8636363636363638,102.10454545454546,12.132290371726675
Saturnalia Ps4 & Ps5,22,3.8636363636363638,99.55,12.132290371726675
Bee Flowers: Royal Garden,22,3.8636363636363638,100.77272727272727,12.132290371726675
Fantasy Life I : La Voleuse De Temps Ps4 & Ps5,22,3.8636363636363638,88.55909090909091,12.132290371726675
Gorn,22,3.8636363636363638,101.85,12.132290371726675
Zen Drift,22,3.8636363636363638,106.65,12.132290371726675
Judero,22,3.8636363636363638,105.83181818181819,12.132290371726675
Bionic Bay,22,3.8636363636363638,106.88636363636364,12.132290371726675
The Rise Of The Golden Idol,21,3.9523809523809526,96.6952380952381,12.113680501323527
Shift 2 Unleashed,21,3.9523809523809526,120.6,12.113680501323527
Learn Basic Kanji!!,21,3.9523809523809526,100.54285714285714,12.113680501323527
Bullet Trail,21,3.9523809523809526,101.07142857142857,12.113680501323527
Football Nation Vr Tournament 2018,21,3.9523809523809526,89.20952380952382,12.113680501323527
Arcade Paradise Vr,21,3.9523809523809526,97.71428571428571,12.113680501323527
Pizza Run,21,3.9523809523809526,82.89047619047619,12.113680501323527
Mayhem Brawler Ps4 & Ps5,21,3.9523809523809526,119.11904761904762,12.113680501323527
The Backrooms 1998,21,3.9523809523809526,90.95238095238095,12.113680501323527
Bendy And The Ink Machine,21,3.9523809523809526,107.33809523809524,12.113680501323527
Hero-U: Rogue To Redemption,21,3.9523809523809526,103.64285714285714,12.113680501323527
The Jumping Coffee: Turbo,21,3.9523809523809526,100.45714285714286,12.113680501323527
Life Of Delta,21,3.9523809523809526,102.17619047619047,12.113680501323527
Stickman: Far East Battle,21,3.9523809523809526,105.51428571428572,12.113680501323527
Kung Fury: Street Rage,30,3.3333333333333335,85.03666666666666,12.113316838773853
Agatha Christie - The Abc Murders,30,3.3333333333333335,113.0,12.113316838773853
Thrillville: Off The Rails,18,4.333333333333333,102.03333333333333,12.112988747926362
Don'T Fall: Aleph Refresh,18,4.333333333333333,118.46111111111112,12.112988747926362
Momonga Pinball Adventures,18,4.333333333333333,87.0,12.112988747926362
Expeditions: A Mudrunner Game (Ps4 & Ps5),18,4.333333333333333,114.17777777777776,12.112988747926362
Soulcalibur: Broken Destiny Ps4 & Ps5,18,4.333333333333333,102.13333333333334,12.112988747926362
Vanquish,28,3.4285714285714284,109.58571428571429,12.108350649257345
Pack Arc-En-Ciel [Psp],27,3.4814814814814814,97.32222222222221,12.103937591617916
Armed And Gelatinous: Couch Edition,27,3.4814814814814814,111.14074074074075,12.103937591617916
Kombinera,20,4.05,114.675,12.090690815336796
"Pixicharm - Flip, Flap & Fang",20,4.05,101.19,12.090690815336796
Bright Escape,20,4.05,111.225,12.090690815336796
Me Monstar: Hear Me Roar!,20,4.05,109.785,12.090690815336796
Ramp Bike Racing,20,4.05,112.78,12.090690815336796
Iron Wings,20,4.05,98.22,12.090690815336796
The Gardens Between,20,4.05,96.34,12.090690815336796
Baby Boomer 2: 35 Years Too Soon Ps4 & Ps5,20,4.05,102.35,12.090690815336796
Classic Pool,20,4.05,110.53999999999999,12.090690815336796
Surviving Mars: Pioneer,20,4.05,77.95,12.090690815336796
Easter Candy Break,20,4.05,117.78,12.090690815336796
Rookie Table Tennis,20,4.05,80.975,12.090690815336796
Tom Clancy'S Splinter Cell Chaos Theory Hd,20,4.05,94.85499999999999,12.090690815336796
Twin Robots,20,4.05,86.05499999999999,12.090690815336796
Deep Deep Deep Nightmare,20,4.05,88.66499999999999,12.090690815336796
Savage Moon,25,3.6,126.42,12.090015510654048
The Jumping Burrito: Turbo,25,3.6,88.072,12.090015510654048
Démo Blast Factor,25,3.6,118.088,12.090015510654048
Maiden Cops Ps4 & Ps5,25,3.6,101.88799999999999,12.090015510654048
Under Night In-Birth Ii Sys:Celes,25,3.6,89.26799999999999,12.090015510654048
The Jumping Noodles: Turbo,24,3.6666666666666665,87.60000000000001,12.079876147956346
Knight'S Night! Ps4 & Ps5,24,3.6666666666666665,114.39166666666667,12.079876147956346
Revenant Dogma,17,4.470588235294118,85.1058823529412,12.072024598019517
Rabbit Run Carrot Hunt,17,4.470588235294118,97.52352941176471,12.072024598019517
Pixicharm - Porkocalypse,23,3.739130434782609,97.91304347826087,12.067100194324533
Knights Of The Round Peg,23,3.739130434782609,119.4608695652174,12.067100194324533
Starlight Inception,23,3.739130434782609,89.95217391304348,12.067100194324533
Serious Sam 3: Bfe,23,3.739130434782609,102.83913043478262,12.067100194324533
What Remains Of Edith Finch,23,3.739130434782609,92.75652173913043,12.067100194324533
Malu The Princess,23,3.739130434782609,98.8,12.067100194324533
Masquerade: The Baubles Of Doom,23,3.739130434782609,111.76086956521739,12.067100194324533
Monkey Lost,23,3.739130434782609,97.05652173913045,12.067100194324533
Human: Fall Flat Ps4 & Ps5,23,3.739130434782609,117.57391304347826,12.067100194324533
Démo Sonic & All-Stars Racing Transformed,23,3.739130434782609,99.47826086956522,12.067100194324533
Super Solitaire,23,3.739130434782609,95.23913043478261,12.067100194324533
Chess Infinity,23,3.739130434782609,92.14347826086957,12.067100194324533
Icy Gifts,19,4.157894736842105,74.25263157894737,12.06248790685036
Heavy Cargo - The Truck Simulator,19,4.157894736842105,116.40526315789472,12.06248790685036
The Jackbox Survey Scramble,19,4.157894736842105,106.53157894736842,12.06248790685036
Maneater Ps4 & Ps5,19,4.157894736842105,101.58947368421053,12.06248790685036
Narcissus,19,4.157894736842105,98.41052631578947,12.06248790685036
Shadow Gangs,19,4.157894736842105,100.41578947368421,12.06248790685036
R4 Ridge Racer Type 4 Ps4 & Ps5,19,4.157894736842105,118.07894736842105,12.06248790685036
Darkwood,19,4.157894736842105,98.36315789473683,12.06248790685036
Goonyafighter Jigglyhapticedition,19,4.157894736842105,111.00526315789473,12.06248790685036
Ea Sports Madden Nfl 25,19,4.157894736842105,93.75263157894737,12.06248790685036
The Land Beneath Us,19,4.157894736842105,96.53157894736842,12.06248790685036
Billy'S Game Show,19,4.157894736842105,97.52631578947368,12.06248790685036
Blood Knights,19,4.157894736842105,82.97894736842105,12.06248790685036
4 En Ligne,19,4.157894736842105,110.67368421052633,12.06248790685036
Cricket: Jae'S Really Peculiar Game,19,4.157894736842105,88.96315789473684,12.06248790685036
Beyond Galaxyland (Ps4 & Ps5),19,4.157894736842105,124.52105263157895,12.06248790685036
Édition Standard Ps4 & Ps5 - Demon Slayer -Kimetsu No Yaiba- The Hinokami Chronicles 2,22,3.8181818181818183,118.16818181818181,12.051207542938847
Pack Rouge [Psp],22,3.8181818181818183,100.17727272727274,12.051207542938847
Ape Academy 2 [Psp],22,3.8181818181818183,76.62727272727273,12.051207542938847
Girl Genius: Adventures In Castle Heterodyne,22,3.8181818181818183,115.96818181818183,12.051207542938847
Chime Sharp,22,3.8181818181818183,107.15,12.051207542938847
Pirate Trails,22,3.8181818181818183,95.2909090909091,12.051207542938847
Golf Up,22,3.8181818181818183,109.5,12.051207542938847
Tormented Souls,22,3.8181818181818183,106.66363636363636,12.051207542938847
Magical Delicacy,22,3.8181818181818183,101.93636363636364,12.051207542938847
Otherwar,22,3.8181818181818183,111.35000000000001,12.051207542938847
Lets Castle!,22,3.8181818181818183,108.07272727272726,12.051207542938847
Medal Of Honor Heroes 2,22,3.8181818181818183,113.91363636363636,12.051207542938847
Precipice Of Darkness: Episode Two,30,3.3,99.10666666666665,12.039737067143054
Party Hard,28,3.392857142857143,91.825,12.0329694964495
Trainlax,28,3.392857142857143,80.68571428571428,12.0329694964495
Jak And Daxter: The Precursor Legacy,21,3.9047619047619047,109.0904761904762,12.031625259165683
Dark Fox Infinity Runner,21,3.9047619047619047,105.16190476190476,12.031625259165683
Adr1Ft,21,3.9047619047619047,106.16190476190476,12.031625259165683
Perfect Ninja Painter,21,3.9047619047619047,104.88095238095238,12.031625259165683
Pixicharm - Sparkrina,21,3.9047619047619047,105.43333333333332,12.031625259165683
Hustle Kings,21,3.9047619047619047,92.31428571428572,12.031625259165683
Hexascape: Cyber Defense,21,3.9047619047619047,127.89047619047618,12.031625259165683
Formula Legends,21,3.9047619047619047,85.87142857142857,12.031625259165683
Republic Of Pirates,21,3.9047619047619047,108.67619047619047,12.031625259165683
Kentucky Route Zero: Tv Edition,21,3.9047619047619047,121.61428571428571,12.031625259165683
Tomb Raider: Anniversary [Psp],21,3.9047619047619047,91.56666666666668,12.031625259165683
There'S A Gun In The Office,21,3.9047619047619047,101.84285714285713,12.031625259165683
Rival Megagun,21,3.9047619047619047,117.03809523809525,12.031625259165683
Battle Stations Blockade Ps4 & Ps5,21,3.9047619047619047,118.02857142857142,12.031625259165683
Cuboid,18,4.277777777777778,93.78333333333333,12.028061815531977
The Jumping Pasta: Turbo,18,4.277777777777778,106.12777777777778,12.028061815531977
Prison Loop,18,4.277777777777778,80.25,12.028061815531977
Hyper Jam,18,4.277777777777778,101.25555555555555,12.028061815531977
Innerspace,18,4.277777777777778,97.72777777777777,12.028061815531977
Word Space,18,4.277777777777778,99.48888888888888,12.028061815531977
Tile Jong,18,4.277777777777778,90.52222222222223,12.028061815531977
Fire & Water,18,4.277777777777778,95.98333333333333,12.028061815531977
Crowd Run,18,4.277777777777778,107.54444444444444,12.028061815531977
Quiz Thiz Italy,18,4.277777777777778,94.56666666666666,12.028061815531977
Motorstorm Apocalypse,18,4.277777777777778,121.04444444444445,12.028061815531977
Another Crusade,27,3.4444444444444446,100.94074074074075,12.027633846836844
The Kindeman Remedy,27,3.4444444444444446,113.72962962962963,12.027633846836844
Double Dragon Gaiden: Rise Of The Dragons,27,3.4444444444444446,109.86296296296297,12.027633846836844
Stick It To The Man,26,3.5,74.88461538461539,12.020682592376652
Feudal Bros - Tonosama #1 Ps4 & Ps5,25,3.56,95.412,12.011827939997263
Very Very Valet,25,3.56,104.196,12.011827939997263
Abiotic Factor,25,3.56,120.66799999999999,12.011827939997263
Macross -Shooting Insight-,20,4.0,105.35,12.007666525651391
I'M On Observation Duty 7,20,4.0,111.095,12.007666525651391
Kim Possible : Quelle Est La Mission,20,4.0,107.00999999999999,12.007666525651391
Wingspan (À Tire D'Ailes) Ps4 & Ps5,20,4.0,113.99000000000001,12.007666525651391
Lynked: Banner Of The Spark,20,4.0,83.025,12.007666525651391
Avaris3 Offline Ver.,20,4.0,95.52000000000001,12.007666525651391
Street Fighter 2 Turbo Hd Remix,20,4.0,101.01,12.007666525651391
Speedollama,20,4.0,99.57000000000001,12.007666525651391
The Bureau: Xcom Declassified,20,4.0,106.78,12.007666525651391
Trash Panic,20,4.0,116.76000000000002,12.007666525651391
Party Animals,20,4.0,109.14500000000001,12.007666525651391
Fez,20,4.0,97.48,12.007666525651391
Pacmaga 2,20,4.0,97.655,12.007666525651391
Socom: Fireteam Bravo 2,20,4.0,89.55,12.007666525651391
Fobia - St. Dinfna Hotel,20,4.0,113.625,12.007666525651391
Reveil,20,4.0,103.12,12.007666525651391
Bande Originale De Resogun,20,4.0,72.15,12.007666525651391
Pipes Master,20,4.0,101.06,12.007666525651391
Sandspeed: Course De Chameaux,20,4.0,94.315,12.007666525651391
Andromeda Survivors,20,4.0,103.535,12.007666525651391
Pixicharm - Goo Patrol,20,4.0,104.545,12.007666525651391
Montgomery Fox And The Case Of The Missing Ballerinas,24,3.625,92.31666666666666,12.000730460587542
Mafia Ii,24,3.625,89.175,12.000730460587542
Holdfast: Nations At War,24,3.625,94.45416666666667,12.000730460587542
Ominous Tales: The Forsaken Isle - Collectors Edition,23,3.6956521739130435,110.9391304347826,11.986988450995447
Fast Food Manager Simulator,23,3.6956521739130435,97.73913043478261,11.986988450995447
Animal Bomber,23,3.6956521739130435,92.26521739130435,11.986988450995447
Doodle Devil,23,3.6956521739130435,100.99565217391304,11.986988450995447
Revenge Of The Savage Planet Ps4 & Ps5,23,3.6956521739130435,113.83478260869565,11.986988450995447
Dungeons Of Paint Ps4 & Ps5,23,3.6956521739130435,92.57826086956523,11.986988450995447
Tung Tung Sahur Extreme,23,3.6956521739130435,102.87826086956521,11.986988450995447
Jupiter & Mars,17,4.411764705882353,131.18823529411765,11.986181138414382
Gravity Jump,17,4.411764705882353,110.9235294117647,11.986181138414382
Moe Waifu H Genius Ps4 & Ps5,17,4.411764705882353,99.47647058823529,11.986181138414382
Hotline Miami 2: Wrong Number,17,4.411764705882353,93.37647058823529,11.986181138414382
Hill Climb On A Motorcycle,17,4.411764705882353,104.38235294117646,11.986181138414382
Once Upon A Katamari,19,4.105263157894737,73.91578947368421,11.978503878609708
Disgaea D2: A Brighter Darkness,19,4.105263157894737,100.3736842105263,11.978503878609708
Pixicharm - Brotillery,19,4.105263157894737,105.3,11.978503878609708
Peglin,19,4.105263157894737,108.26315789473684,11.978503878609708
The Perplexing Orb: Bounce N' Roll,19,4.105263157894737,120.67368421052633,11.978503878609708
Costume Quest 2,19,4.105263157894737,130.64736842105265,11.978503878609708
Metal Bringer,19,4.105263157894737,87.94736842105263,11.978503878609708
Garten Of Banban 4,19,4.105263157894737,94.83684210526316,11.978503878609708
Dustwind: Resistance,19,4.105263157894737,90.72105263157896,11.978503878609708
Silence Under The Dome,19,4.105263157894737,131.57368421052632,11.978503878609708
The Manga Works,19,4.105263157894737,105.79473684210525,11.978503878609708
Marsupilami – Le Secret Du Sarcophage - Ps5,19,4.105263157894737,111.10000000000001,11.978503878609708
Dead Block Trial,19,4.105263157894737,85.49473684210527,11.978503878609708
Cricket 22 Le Jeu Officiel Des Cendres,19,4.105263157894737,106.8736842105263,11.978503878609708
Beauty Clicker,22,3.772727272727273,103.48636363636363,11.970124714151021
Assassin'S Creed : Bloodlines [Psp],22,3.772727272727273,108.17272727272729,11.970124714151021
Zombie Derby: Pixel Survival,22,3.772727272727273,101.14545454545454,11.970124714151021
No Umbrellas Allowed,22,3.772727272727273,90.23636363636363,11.970124714151021
Lego Pirates Des Caraïbes Sur Psp,22,3.772727272727273,101.36818181818181,11.970124714151021
Apex Heroines,22,3.772727272727273,121.50454545454545,11.970124714151021
Harmony: The Fall Of Reverie,22,3.772727272727273,101.79545454545455,11.970124714151021
Coffee Plis,22,3.772727272727273,100.69090909090909,11.970124714151021
Silent Hill Hd Collection,29,3.310344827586207,113.16551724137932,11.96246140149762
Above Snakes,27,3.4074074074074074,95.55185185185185,11.951330102055769
Planet Coaster: Édition Console,27,3.4074074074074074,95.10740740740741,11.951330102055769
Bud Spencer & Terence Hill - Slaps And Beans 2,21,3.857142857142857,102.29047619047618,11.94957001700784
Fading Shadows [Psp],21,3.857142857142857,74.57619047619048,11.94957001700784
Burger Master,21,3.857142857142857,111.3952380952381,11.94957001700784
Wo Long: Fallen Dynasty (Ps4 & Ps5),21,3.857142857142857,97.85238095238095,11.94957001700784
Farming Simulator 17,21,3.857142857142857,99.44285714285715,11.94957001700784
Doors: Paradox,21,3.857142857142857,110.91428571428571,11.94957001700784
Indigo 7 Quest For Love,21,3.857142857142857,112.11904761904762,11.94957001700784
Port Royale 3,21,3.857142857142857,99.17619047619047,11.94957001700784
L’Entraineur 2007 [Psp],21,3.857142857142857,93.60000000000001,11.94957001700784
Riddled Corpses Ex,21,3.857142857142857,90.41428571428571,11.94957001700784
Pirates Des Caraïbes,21,3.857142857142857,107.65714285714287,11.94957001700784
Mahjong World Contest,21,3.857142857142857,90.18095238095239,11.94957001700784
Dragon'S Dogma,21,3.857142857142857,99.73333333333333,11.94957001700784
Mirage: Ignis Fatuus,21,3.857142857142857,102.87619047619049,11.94957001700784
Bard'S Gold,21,3.857142857142857,99.48095238095237,11.94957001700784
Garfield Kart 2 - All You Can Drift,21,3.857142857142857,122.72857142857141,11.94957001700784
Toybox Puzzle,21,3.857142857142857,98.07142857142857,11.94957001700784
Resistance: Fall Of Man,26,3.4615384615384617,122.4423076923077,11.943442924099108
Audica And Dlc Pack 01 Bundle,18,4.222222222222222,105.38333333333334,11.943134883137597
Sly 3 : Même Les Voleurs Ont Un Honneur,18,4.222222222222222,115.66666666666667,11.943134883137597
Pileup,18,4.222222222222222,99.8111111111111,11.943134883137597
Strike Force 2 - Terrorist Hunt,18,4.222222222222222,139.90555555555557,11.943134883137597
Bombing Busters,18,4.222222222222222,123.76666666666668,11.943134883137597
Police Border Contraband Patrol Simulator,18,4.222222222222222,100.99444444444445,11.943134883137597
Wizordum,18,4.222222222222222,113.91666666666667,11.943134883137597
Firegirl: Hack 'N Splash Rescue Dx,18,4.222222222222222,103.0888888888889,11.943134883137597
Candy Trail,18,4.222222222222222,109.07222222222222,11.943134883137597
Beyond Hanwell,18,4.222222222222222,104.33333333333333,11.943134883137597
Retreat To Enen,18,4.222222222222222,97.81666666666666,11.943134883137597
Vikings Pinball,18,4.222222222222222,100.58333333333333,11.943134883137597
No One Lives Under The Lighthouse,16,4.5625,96.29375,11.935334257643705
Head Games,16,4.5625,99.19375000000001,11.935334257643705
Trigger Dungeon,16,4.5625,90.0625,11.935334257643705
Injustice: Les Dieux Sont Parmi Nous,25,3.52,104.736,11.933640369340475
O.W.L Projekt 2 Ps4 & Ps5,25,3.52,85.296,11.933640369340475
Ar Nosurge: Ode To An Unborn Star,20,3.95,100.595,11.924642235965988
My Big Sister: Remastered Ps4 & Ps5,20,3.95,101.78999999999999,11.924642235965988
Call Of Duty: Modern Warfare 2,20,3.95,104.19500000000001,11.924642235965988
Two Strikes,20,3.95,84.46000000000001,11.924642235965988
Resident Evil 4 Ps4 & Ps5,20,3.95,97.16499999999999,11.924642235965988
Tom Clancy’S Endwar,20,3.95,99.72,11.924642235965988
Memory Holder: The Colors,20,3.95,100.05499999999999,11.924642235965988
The Cursed Frog,20,3.95,79.075,11.924642235965988
Geometry Wars 3: Dimensions Evolved,20,3.95,108.44500000000001,11.924642235965988
Virtua Fighter 5 Final Showdown,20,3.95,68.96000000000001,11.924642235965988
Cats In Cozy Rooms,20,3.95,99.32000000000001,11.924642235965988
Burn The Rope,20,3.95,83.545,11.924642235965988
Power Racing Bundle 2,20,3.95,110.045,11.924642235965988
Aggelos,20,3.95,110.60999999999999,11.924642235965988
Goat Simulator 3,20,3.95,110.88,11.924642235965988
Tales From Space: Mutant Blobs Attack – Bande-Son Officielle,24,3.5833333333333335,113.98333333333333,11.921584773218736
When The Bell Goes Silent,24,3.5833333333333335,94.78333333333335,11.921584773218736
Call Of The Wild: The Angler,24,3.5833333333333335,105.85000000000001,11.921584773218736
Brothers: A Tale Of Two Sons - Obtenir Le Jeu Complet,24,3.5833333333333335,108.2625,11.921584773218736
Opscam - Body Cam Shooter,24,3.5833333333333335,92.72916666666667,11.921584773218736
Nicktoons & The Dice Of Destiny,24,3.5833333333333335,104.54166666666667,11.921584773218736
Puzzle Plowing A Field,24,3.5833333333333335,89.67916666666667,11.921584773218736
Spare Parts,23,3.652173913043478,114.85652173913043,11.906876707666356
Doki Doki Literature Club Plus!,23,3.652173913043478,90.97391304347826,11.906876707666356
Jumanji: Aventures Sauvages,23,3.652173913043478,116.7695652173913,11.906876707666356
Learn To Play Vol. 8 - Penalty Shootout,23,3.652173913043478,72.27391304347826,11.906876707666356
Beat Of Life,23,3.652173913043478,116.09130434782608,11.906876707666356
To Farm Lands,23,3.652173913043478,114.9608695652174,11.906876707666356
Lego Harry Potter : Années 5-7,23,3.652173913043478,104.36521739130436,11.906876707666356
Funky Lab Rat,23,3.652173913043478,81.08260869565218,11.906876707666356
Front Mission Evolved,23,3.652173913043478,94.68260869565216,11.906876707666356
Horn And Shields,23,3.652173913043478,97.9913043478261,11.906876707666356
Thief Snatch & Run,17,4.352941176470588,110.41176470588235,11.900337678809242
Timesplitters: Future Perfect,17,4.352941176470588,93.41176470588235,11.900337678809242
Aeon Attack,19,4.052631578947368,84.02105263157895,11.894519850369056
Against The Storm,19,4.052631578947368,120.14736842105265,11.894519850369056
Mass Effect 2,19,4.052631578947368,94.66315789473684,11.894519850369056
Say Cheese!,19,4.052631578947368,83.93684210526315,11.894519850369056
Urban Showdown,19,4.052631578947368,88.0,11.894519850369056
Octopath Traveler Ii Ps4＆Ps5,19,4.052631578947368,118.35789473684211,11.894519850369056
"Forests, Fields And Fortresses Ps4 & Ps5",19,4.052631578947368,120.8,11.894519850369056
Selfloss,19,4.052631578947368,110.74736842105263,11.894519850369056
Crystar,22,3.727272727272727,77.6590909090909,11.889041885363193
Stellar Blade,22,3.727272727272727,121.35909090909091,11.889041885363193
Knight With Tactics,22,3.727272727272727,110.05454545454545,11.889041885363193
Super Impossible Road,22,3.727272727272727,94.51818181818182,11.889041885363193
Table Mini Golf,22,3.727272727272727,103.69545454545455,11.889041885363193
Hidden Kittens: Kingdom Of Cats,22,3.727272727272727,127.05454545454545,11.889041885363193
Shopping Fever,22,3.727272727272727,91.53636363636363,11.889041885363193
Masters Bowling Hd,22,3.727272727272727,90.20454545454545,11.889041885363193
Finding Frankie,22,3.727272727272727,103.02727272727272,11.889041885363193
Cycle Chaser H-5,22,3.727272727272727,122.37727272727274,11.889041885363193
Damikira Ps4 & Ps5,22,3.727272727272727,95.16363636363636,11.889041885363193
"Ready, Steady, Ship!",22,3.727272727272727,116.16363636363636,11.889041885363193
Blazing Trail Ps4 & Ps5,27,3.3703703703703702,120.39629629629628,11.875026357274695
Farmer'S Life,21,3.8095238095238093,102.47142857142858,11.867514774849994
The Rumble Fish 2,21,3.8095238095238093,96.82380952380952,11.867514774849994
The Jumping Tofu: Turbo,21,3.8095238095238093,112.30952380952381,11.867514774849994
Armored Core V,21,3.8095238095238093,90.2,11.867514774849994
Idle Devils,21,3.8095238095238093,136.4047619047619,11.867514774849994
The Jumping Falafel: Turbo,21,3.8095238095238093,116.80952380952381,11.867514774849994
Maze: Interim Odyssey,26,3.423076923076923,111.0923076923077,11.866203255821562
Sky Roll!,26,3.423076923076923,104.49615384615385,11.866203255821562
Lost Words: Beyond The Page,18,4.166666666666667,106.21666666666667,11.858207950743212
The Jumping Orange - Ps4 & Ps5,18,4.166666666666667,108.58888888888889,11.858207950743212
Aew: Fight Forever,18,4.166666666666667,85.58888888888889,11.858207950743212
Raidou Remastered: The Mystery Of The Soulless Army Ps4 & Ps5,18,4.166666666666667,109.31666666666666,11.858207950743212
Mega Man 10,18,4.166666666666667,91.98888888888888,11.858207950743212
Mekorama,18,4.166666666666667,98.40555555555555,11.858207950743212
Explodemon!,18,4.166666666666667,97.03888888888889,11.858207950743212
Wraith (Vr),18,4.166666666666667,105.40555555555555,11.858207950743212
Royal Romances: Power Of The Chosen One Collector'S Edition,18,4.166666666666667,121.19444444444444,11.858207950743212
Forest Cafe Simulator,18,4.166666666666667,118.82222222222224,11.858207950743212
Arcade Archives Formation Z,18,4.166666666666667,100.12222222222222,11.858207950743212
Trombone Champ: Unflattened!,18,4.166666666666667,96.71111111111111,11.858207950743212
Alpha Warrior,18,4.166666666666667,93.91111111111111,11.858207950743212
Color Snake,18,4.166666666666667,113.47777777777777,11.858207950743212
Cosmophony,18,4.166666666666667,110.89444444444445,11.858207950743212
Lego Star Wars : La Saga Skywalker Ps4 & Ps5,18,4.166666666666667,87.66111111111111,11.858207950743212
Collie Call: Farm Of Tomorrow,16,4.5,91.56875,11.848612781022686
Aca Neogeo Samurai Shodown Iv,16,4.5,120.125,11.848612781022686
Run Like Hell!,16,4.5,87.79375,11.848612781022686
The Incredible Adventures Of Van Helsing Iii,16,4.5,126.94375,11.848612781022686
Hellblade: Senua’S Sacrifice,24,3.5416666666666665,104.1375,11.842439085849932
Wheel Riders,24,3.5416666666666665,87.82083333333333,11.842439085849932
Axiom Verge,24,3.5416666666666665,97.34166666666665,11.842439085849932
Everybody’S Golf: World Tour L'Intégrale,20,3.9,104.37,11.841617946280584
Hero Of Fate,20,3.9,105.56500000000001,11.841617946280584
Tavern Owner Simulator,20,3.9,97.825,11.841617946280584
A Bibelot: Tiret Sur Will,20,3.9,104.41,11.841617946280584
Racing Rebels Mud Clash,20,3.9,87.64,11.841617946280584
Démo Pixeljunk Eden,20,3.9,107.89000000000001,11.841617946280584
Locoroco Midnight Carnival,20,3.9,103.64500000000001,11.841617946280584
Lethis - Path Of Progress,20,3.9,98.03,11.841617946280584
Dynasty Warriors: Origins,20,3.9,117.19500000000001,11.841617946280584
Mortal Shell: Enhanced Edition,20,3.9,120.84,11.841617946280584
Parkitect: Deluxe Edition,20,3.9,112.085,11.841617946280584
Mugen Souls,20,3.9,99.30499999999999,11.841617946280584
Sky Fighter,20,3.9,116.88499999999999,11.841617946280584
Screw Master,20,3.9,103.165,11.841617946280584
Project 13: Taxidermy Trails,20,3.9,110.03,11.841617946280584
Les Bisounours : Libérez La Magie,20,3.9,108.51500000000001,11.841617946280584
Row Of Numbers,23,3.608695652173913,106.72608695652173,11.826764964337272
Friends Vs Friends,23,3.608695652173913,116.73478260869565,11.826764964337272
Utawarerumono: Prelude To The Fallen,23,3.608695652173913,104.17826086956521,11.826764964337272
Roots Of Pacha Ps4 & Ps5,23,3.608695652173913,110.58260869565218,11.826764964337272
Achilles: Legends Untold,23,3.608695652173913,112.05217391304348,11.826764964337272
Casual Sport Series: Tennis,23,3.608695652173913,94.71739130434783,11.826764964337272
Garden Witch Life,17,4.294117647058823,80.51764705882353,11.814494219204105
Just Deal With It!,17,4.294117647058823,99.99411764705881,11.814494219204105
Shin Megami Tensei: Lucifer'S Call,17,4.294117647058823,83.97058823529412,11.814494219204105
Eternights (Ps4 & Ps5),17,4.294117647058823,117.76470588235294,11.814494219204105
Borderlands: The Pre-Sequel,17,4.294117647058823,97.35882352941177,11.814494219204105
Alchemy Garden,17,4.294117647058823,102.83529411764707,11.814494219204105
Sonic The Hedgehog,17,4.294117647058823,103.94117647058823,11.814494219204105
Detective - The Test,17,4.294117647058823,120.34705882352942,11.814494219204105
Powerwash Simulator,17,4.294117647058823,96.62352941176471,11.814494219204105
Atelier Ryza 3: Alchemist Of The End & The Secret Key (Ps4 & Ps5),17,4.294117647058823,96.70588235294117,11.814494219204105
Dragon Ball Z: Kakarot Ps4 & Ps5,17,4.294117647058823,97.45294117647059,11.814494219204105
Smells Like A Mushroom,19,4.0,115.96842105263158,11.810535822128404
Monster Prom: Xxl,19,4.0,98.04736842105264,11.810535822128404
Evilup Ps4 & Ps5,19,4.0,116.03157894736842,11.810535822128404
Dnf Duel Ps5,19,4.0,111.46315789473685,11.810535822128404
Grounded Ps4 & Ps5,19,4.0,95.62631578947368,11.810535822128404
L'Amerzone - Le Testament De L'Explorateur,19,4.0,134.9842105263158,11.810535822128404
Blue Wednesday,19,4.0,103.03684210526316,11.810535822128404
Twisted Metal 4,19,4.0,116.65263157894738,11.810535822128404
The Black Within,19,4.0,98.14210526315789,11.810535822128404
Nickelodeon All-Star Brawl,19,4.0,111.26315789473684,11.810535822128404
Smoots Summer Games Ii,19,4.0,89.72631578947369,11.810535822128404
The Forest Cathedral,19,4.0,93.95263157894738,11.810535822128404
8-Bit Adventures 2,19,4.0,104.7578947368421,11.810535822128404
Undernauts: Labyrinth Of Yomi,19,4.0,96.69473684210527,11.810535822128404
Beat Heaven Symphony,19,4.0,96.56842105263158,11.810535822128404
Amanda The Adventurer,19,4.0,102.62105263157895,11.810535822128404
Cyber Mission Ps4 & Ps5,19,4.0,136.61052631578946,11.810535822128404
Wildmender,19,4.0,101.83157894736841,11.810535822128404
Time Trap: Hidden Objects,22,3.6818181818181817,92.1590909090909,11.807959056575367
Marvel Pinball,22,3.6818181818181817,85.55454545454546,11.807959056575367
Supermarket Owner Simulator: Business,22,3.6818181818181817,110.26818181818182,11.807959056575367
Boxville 2,22,3.6818181818181817,81.13181818181819,11.807959056575367
Evil Wizard,22,3.6818181818181817,91.57272727272726,11.807959056575367
Playstation All-Stars: Battle Royale (Ps Vita),22,3.6818181818181817,96.5,11.807959056575367
Pixel Ripped 1995,22,3.6818181818181817,120.75454545454545,11.807959056575367
Collie Call,22,3.6818181818181817,109.9090909090909,11.807959056575367
The Swapper,27,3.3333333333333335,92.76666666666667,11.798722612493622
Rally Arcade Classics,21,3.761904761904762,87.57142857142857,11.78545953269215
Persona 5,21,3.761904761904762,107.41428571428571,11.78545953269215
Perfect Ace 2: The Championships,21,3.761904761904762,128.84285714285713,11.78545953269215
Islanders: New Shores,21,3.761904761904762,96.92380952380952,11.78545953269215
Borderlands 3 Ps4 & Ps5,21,3.761904761904762,75.19047619047619,11.78545953269215
Monster Energy Supercross 25 - The Official Video Game,21,3.761904761904762,105.5047619047619,11.78545953269215
10 Pin: Champions Alley,21,3.761904761904762,93.11904761904762,11.78545953269215
Nickelodeon All-Star Brawl 2,21,3.761904761904762,105.8952380952381,11.78545953269215
Dadish 3D,21,3.761904761904762,88.72857142857143,11.78545953269215
Socom: Fireteam Bravo 3 – Démo,21,3.761904761904762,103.1952380952381,11.78545953269215
Scotland Yard – À La Poursuite De Mister X,21,3.761904761904762,109.55238095238094,11.78545953269215
Five Nights At Freddy'S: Security Breach,21,3.761904761904762,62.32380952380952,11.78545953269215
Creepy Tale: Ingrid Penance,21,3.761904761904762,83.74761904761905,11.78545953269215
The Jumping Sandwich,21,3.761904761904762,110.32857142857144,11.78545953269215
Resident Evil 3 Nemesis,25,3.44,109.64,11.7772652280269
Best Served Cold,25,3.44,101.536,11.7772652280269
The Jumping Kebab: Turbo,25,3.44,105.084,11.7772652280269
Blacktail,18,4.111111111111111,83.24444444444445,11.773281018348829
Démo De Tv Superstars,18,4.111111111111111,109.63333333333334,11.773281018348829
Tekken Tag Tournament 2,18,4.111111111111111,121.61666666666666,11.773281018348829
Food Boy,18,4.111111111111111,91.28333333333333,11.773281018348829
Garten Of Banban 2,18,4.111111111111111,104.10555555555555,11.773281018348829
Ghosts Of Tabor,18,4.111111111111111,101.46666666666667,11.773281018348829
Neon Bash,18,4.111111111111111,128.61111111111111,11.773281018348829
Snaky Snakes,18,4.111111111111111,106.57777777777778,11.773281018348829
The Jumping Choco Santa,18,4.111111111111111,94.17222222222222,11.773281018348829
Back 4 Blood : Édition Standard Ps4 & Ps5,18,4.111111111111111,100.17222222222222,11.773281018348829
Tc'S Ghost Recon Future Soldier,18,4.111111111111111,81.37777777777778,11.773281018348829
Démo Echochrome Micro,18,4.111111111111111,110.29444444444444,11.773281018348829
Young Bird Endless Flight,18,4.111111111111111,112.79444444444444,11.773281018348829
Le Seigneur Des Anneaux: La Guerre Du Nord,18,4.111111111111111,122.77222222222223,11.773281018348829
Steinsgate 0,18,4.111111111111111,93.69999999999999,11.773281018348829
The Baconing,24,3.5,102.17083333333333,11.763293398481126
Urban Trial Freestyle,24,3.5,116.52916666666665,11.763293398481126
Brain Show,24,3.5,87.42916666666666,11.763293398481126
Star Wars Demolition,16,4.4375,93.78125,11.76189130440167
Orchard Odyssey: Cherry Chase,16,4.4375,97.575,11.76189130440167
Wakeboarding Hd,16,4.4375,103.4875,11.76189130440167
Just Find It 4 Collector'S Edition,16,4.4375,124.86875,11.76189130440167
Pixeljunk Racers: 2Nd Lap,20,3.85,76.685,11.75859365659518
Archery Legend,20,3.85,92.505,11.75859365659518
Démo De Rage,20,3.85,73.58500000000001,11.75859365659518
Race Track Maniacs,20,3.85,104.0,11.75859365659518
Monster Truck Championship,20,3.85,106.005,11.75859365659518
Autonauts Ps4 & Ps5,20,3.85,104.5,11.75859365659518
The Jumping Stars,20,3.85,121.12,11.75859365659518
Cubic Riders,20,3.85,113.57000000000001,11.75859365659518
The Jackbox Naughty Pack,20,3.85,76.095,11.75859365659518
Motorcycle Club,20,3.85,93.66499999999999,11.75859365659518
Musical Vibes Rx,20,3.85,118.05499999999999,11.75859365659518
Pin Strike,20,3.85,96.285,11.75859365659518
Hook: Complete Edition,20,3.85,98.365,11.75859365659518
Rock Of Ages 3: Make & Break,20,3.85,116.71,11.75859365659518
Cyberpunk 2077,31,3.129032258064516,104.57096774193548,11.750747222219996
Being An Astronaut,23,3.5652173913043477,106.82608695652173,11.746653221008183
Warp,23,3.5652173913043477,96.50434782608696,11.746653221008183
Hyper Gunsport,23,3.5652173913043477,82.77826086956522,11.746653221008183
Party Golf,23,3.5652173913043477,93.81304347826087,11.746653221008183
Ragnarock,23,3.5652173913043477,90.9608695652174,11.746653221008183
Steel Defier Ps4 & Ps5,23,3.5652173913043477,87.36086956521739,11.746653221008183
Card Guesser: Red Or Black,23,3.5652173913043477,109.26521739130435,11.746653221008183
Dead Second,17,4.235294117647059,95.81764705882354,11.72865075959897
Escape First: Alchemist,17,4.235294117647059,105.25882352941177,11.72865075959897
Xcom: Enemy Unknown Plus,17,4.235294117647059,85.38823529411764,11.72865075959897
Genopanic,17,4.235294117647059,103.0764705882353,11.72865075959897
No Heroes Allowed! Vr,17,4.235294117647059,125.35882352941177,11.72865075959897
Snack And Quack,17,4.235294117647059,87.03529411764707,11.72865075959897
Pixeljunk Shooter,17,4.235294117647059,108.02941176470588,11.72865075959897
Battle Mythic Maidens Arena Ps4 & Ps5,17,4.235294117647059,100.03529411764706,11.72865075959897
Assault Suit Leynos 2 Saturn Tribute Ps4 & Ps5,17,4.235294117647059,83.60588235294118,11.72865075959897
Outbreak: Lost Hope,22,3.6363636363636362,114.78181818181817,11.72687622778754
Out Of Moves: Another Try,22,3.6363636363636362,86.80909090909091,11.72687622778754
Pack Spécial PlaystationPlus Darkstalkers Resurrection,22,3.6363636363636362,103.2090909090909,11.72687622778754
Hunt And Fight: Action Rpg,22,3.6363636363636362,106.93636363636364,11.72687622778754
Magic Exposure - Yuri Visual Novel Ps4 & Ps5,22,3.6363636363636362,101.64090909090909,11.72687622778754
Afterparty,22,3.6363636363636362,72.10909090909091,11.72687622778754
Memory Lost,19,3.9473684210526314,91.96842105263158,11.726551793887753
Super Street Fighter Iv Arcade Edition,19,3.9473684210526314,92.49473684210527,11.726551793887753
Extreme Cycling,19,3.9473684210526314,102.2,11.726551793887753
Playtv Live Chat Upgrade,19,3.9473684210526314,115.50526315789473,11.726551793887753
While We Wait Here,19,3.9473684210526314,97.90526315789474,11.726551793887753
Lots Of Things Collector'S Edition,19,3.9473684210526314,91.12631578947368,11.726551793887753
Donut Plus,19,3.9473684210526314,112.04736842105264,11.726551793887753
Playstation All-Stars Battle Royale,19,3.9473684210526314,103.6421052631579,11.726551793887753
Rogue Sentry Ps4 & Ps5,19,3.9473684210526314,116.55263157894737,11.726551793887753
Test Drive Unlimited 2,19,3.9473684210526314,97.7421052631579,11.726551793887753
Quiz Thiz Italy: Silver Edition,19,3.9473684210526314,96.92631578947368,11.726551793887753
Drive Me Crazy,19,3.9473684210526314,103.45263157894736,11.726551793887753
Cabela'S Big Game Hunter 2012,19,3.9473684210526314,95.41578947368421,11.726551793887753
Dinosaur Fossil Hunter,19,3.9473684210526314,114.37894736842104,11.726551793887753
Red Dead Redemption,19,3.9473684210526314,87.86842105263158,11.726551793887753
Cocktail Rush,19,3.9473684210526314,118.69473684210526,11.726551793887753
Smoots Crazy Wave,27,3.2962962962962963,103.12592592592593,11.722418867712546
Vanity Fair: The Pursuit,27,3.2962962962962963,98.22592592592592,11.722418867712546
Ppa Pickleball Tour 2025 Ps4 & Ps5,21,3.7142857142857144,106.69047619047619,11.703404290534305
Accolade Sports Collection (Qubyte Classics),21,3.7142857142857144,109.34285714285713,11.703404290534305
Grabitoons!,21,3.7142857142857144,100.28571428571429,11.703404290534305
Secret,21,3.7142857142857144,88.73333333333333,11.703404290534305
The Jumping Burger - Halloween Edition: Turbo,21,3.7142857142857144,86.76666666666667,11.703404290534305
Border Police: Contraband Simulator 2024,21,3.7142857142857144,109.64761904761905,11.703404290534305
Another Crab’S Treasure,21,3.7142857142857144,103.89047619047618,11.703404290534305
Tiny Cats,21,3.7142857142857144,93.5952380952381,11.703404290534305
Nascar 25,21,3.7142857142857144,94.18095238095238,11.703404290534305
Slime 3K: Rise Against Despot,21,3.7142857142857144,92.89047619047619,11.703404290534305
The Walking Dead – Season Pass,25,3.4,116.24,11.699077657370115
Dragon'S Dungeon,25,3.4,100.53200000000001,11.699077657370115
Devil May Cry Hd Collection,25,3.4,93.988,11.699077657370115
Overloop,18,4.055555555555555,97.77777777777777,11.688354085954447
Kingdom Shell,18,4.055555555555555,100.60555555555555,11.688354085954447
The Jumping Brownie: Turbo,18,4.055555555555555,108.61111111111111,11.688354085954447
Arcade Archives Twinbee,18,4.055555555555555,117.08333333333333,11.688354085954447
Alina Of The Arena Ps4 & Ps5,18,4.055555555555555,96.30000000000001,11.688354085954447
Motorstorm,18,4.055555555555555,104.35555555555555,11.688354085954447
Prince Of Persia,18,4.055555555555555,83.38333333333333,11.688354085954447
Dynasty Warriors 4,18,4.055555555555555,101.40555555555555,11.688354085954447
Color Recreator,18,4.055555555555555,100.71666666666667,11.688354085954447
Shin Megami Tensei: Persona3 Fes,18,4.055555555555555,132.19444444444446,11.688354085954447
Mech Robot: Mayhem Warrior Protocol,18,4.055555555555555,77.60555555555555,11.688354085954447
Biomutant Ps4 & Ps5,18,4.055555555555555,92.28888888888889,11.688354085954447
Construction Sim: City And Road Builder,18,4.055555555555555,96.1,11.688354085954447
Bulletstorm,18,4.055555555555555,112.78333333333333,11.688354085954447
Survival Zombie,18,4.055555555555555,81.20555555555556,11.688354085954447
X-Force Under Attack,24,3.4583333333333335,105.74583333333334,11.684147711112322
Windbound,20,3.8,105.39000000000001,11.675569366909775
Mars Farce,20,3.8,113.76500000000001,11.675569366909775
Cel Damage Overdrive,20,3.8,94.175,11.675569366909775
Chess Club,20,3.8,100.11,11.675569366909775
Recall: Empty Wishes,20,3.8,91.28,11.675569366909775
Disaster Band,20,3.8,96.785,11.675569366909775
Recompile,20,3.8,104.905,11.675569366909775
Faye Falling Ps4 & Ps5,20,3.8,93.765,11.675569366909775
Hillbilly Doomsday,20,3.8,96.11,11.675569366909775
Shinobido : Les Légendes Du Ninja [Psp],20,3.8,113.42999999999999,11.675569366909775
Cris Tales,16,4.375,101.1875,11.675169827780653
Rally Racing 2,16,4.375,93.95625,11.675169827780653
Sheltered,16,4.375,118.225,11.675169827780653
Vesper: Zero Light Edition,16,4.375,108.675,11.675169827780653
Monstrix Tcg Card Shop,16,4.375,124.63125,11.675169827780653
Farm Together 2,23,3.5217391304347827,94.88695652173914,11.666541477679099
Sonic Heroes,23,3.5217391304347827,126.81739130434784,11.666541477679099
Ball Shoot Aim Challenge,23,3.5217391304347827,96.9304347826087,11.666541477679099
Chernobylite Complete Edition,23,3.5217391304347827,97.45217391304348,11.666541477679099
Rugby 15,23,3.5217391304347827,97.19130434782609,11.666541477679099
Missile Command Delta,23,3.5217391304347827,115.5695652173913,11.666541477679099
Chromagun Vr,22,3.590909090909091,102.8409090909091,11.645793398999713
Black Widow: Recharged,22,3.590909090909091,104.69090909090909,11.645793398999713
Steamworld Build,22,3.590909090909091,111.91363636363636,11.645793398999713
My Name Is Mayo: Remayo,22,3.590909090909091,98.49545454545455,11.645793398999713
Vr Skater,22,3.590909090909091,123.28181818181817,11.645793398999713
Cat Girl Survivor,22,3.590909090909091,115.2409090909091,11.645793398999713
Hide & Dance!,22,3.590909090909091,91.31363636363636,11.645793398999713
Arcade Paradise Ps4 & Ps5,22,3.590909090909091,95.80454545454545,11.645793398999713
Powerbeatsvr,22,3.590909090909091,94.22272727272728,11.645793398999713
Sushirun,17,4.176470588235294,106.48823529411764,11.642807299993832
Crossy Road Castle,17,4.176470588235294,108.81764705882354,11.642807299993832
Darksiders Iii,17,4.176470588235294,115.51764705882353,11.642807299993832
Backfirewall_,17,4.176470588235294,115.85882352941177,11.642807299993832
The Magic Circle: Gold Edition,17,4.176470588235294,92.77058823529411,11.642807299993832
Hentai Princess,17,4.176470588235294,87.85882352941178,11.642807299993832
Alien Spidy - Trial,17,4.176470588235294,85.50588235294117,11.642807299993832
Real Boxing,17,4.176470588235294,118.24117647058823,11.642807299993832
The Exit 8,17,4.176470588235294,84.82941176470588,11.642807299993832
Cartoon Network: Punch Time Explosion Xl,17,4.176470588235294,84.04705882352941,11.642807299993832
Carrier Deck,17,4.176470588235294,98.18235294117646,11.642807299993832
Undisputed,19,3.8947368421052633,111.06315789473683,11.642567765647103
Mxgp 24: The Official Game,19,3.8947368421052633,107.4421052631579,11.642567765647103
Nocturnal Whispers,19,3.8947368421052633,124.24736842105263,11.642567765647103
Super Ninja Miner,19,3.8947368421052633,114.28947368421052,11.642567765647103
Persona4 Arena Ultimax,19,3.8947368421052633,106.40526315789474,11.642567765647103
The Old Ways,19,3.8947368421052633,98.8,11.642567765647103
Tales From Toyotoki: Arrival Of The Witch,19,3.8947368421052633,115.46315789473685,11.642567765647103
Ship Of Fools,19,3.8947368421052633,97.86842105263158,11.642567765647103
Akiba'S Trip: Undead & Undressed,19,3.8947368421052633,83.8578947368421,11.642567765647103
Mask Of Mists,19,3.8947368421052633,114.23684210526316,11.642567765647103
Dead Or Alive 5 Plus,19,3.8947368421052633,88.34210526315789,11.642567765647103
Electronauts,19,3.8947368421052633,108.88947368421053,11.642567765647103
Aery - Flow Of Time,19,3.8947368421052633,101.36315789473684,11.642567765647103
Pixicharm - Spikoin,19,3.8947368421052633,102.84736842105262,11.642567765647103
Without A Voice Ps4 & Ps5,19,3.8947368421052633,117.47894736842105,11.642567765647103
Korza Motor,19,3.8947368421052633,110.26842105263158,11.642567765647103
Invasion,21,3.6666666666666665,91.6047619047619,11.621349048376462
Kane & Lynch: Dead Men,21,3.6666666666666665,108.82857142857144,11.621349048376462
Disney Mission-G,21,3.6666666666666665,92.42380952380952,11.621349048376462
Sea Of Stars,21,3.6666666666666665,103.4,11.621349048376462
Tralalero Tralala Backrooms Pools,21,3.6666666666666665,100.42857142857143,11.621349048376462
Remember Valentine: Avatar Bundle,21,3.6666666666666665,105.97619047619048,11.621349048376462
Radioactive Dwarfs: Evil From The Sewers,21,3.6666666666666665,112.34761904761903,11.621349048376462
Gylt,21,3.6666666666666665,123.6952380952381,11.621349048376462
Criminal Cleaner Simulator,21,3.6666666666666665,90.69047619047619,11.621349048376462
Marvel'S Spider-Man Remastered,21,3.6666666666666665,94.62380952380951,11.621349048376462
Pilo And The Holobook,25,3.36,104.37200000000001,11.620890086713327
Control Ultimate Edition,15,4.533333333333333,128.52,11.611014981234197
Skautfold: Into The Fray,15,4.533333333333333,99.09333333333333,11.611014981234197
Bonkies,15,4.533333333333333,116.64,11.611014981234197
Atelier Meruru Plus: The Apprentice Of Arland,15,4.533333333333333,116.45333333333333,11.611014981234197
Save The Doge 2,24,3.4166666666666665,108.60833333333333,11.605002023743516
Romance Of The Three Kingdoms 8 Remake (Ps4 & Ps5),18,4.0,69.19444444444444,11.603427153560064
Cat Doctor,18,4.0,94.62222222222222,11.603427153560064
Cat Break Head To Head,18,4.0,114.67222222222222,11.603427153560064
Raiden Nova,18,4.0,132.61111111111111,11.603427153560064
Rise Of Industry 2,18,4.0,112.6,11.603427153560064
Green Hell Vr,18,4.0,88.55555555555556,11.603427153560064
S. Prysm Destroyer Ps4 & Ps5,18,4.0,73.36666666666666,11.603427153560064
Bodycam Zombie Waves,18,4.0,103.32777777777778,11.603427153560064
Warriors Orochi,18,4.0,90.33888888888889,11.603427153560064
The Jumping Noodles,18,4.0,111.30000000000001,11.603427153560064
Beautiful Desolation,18,4.0,92.71111111111111,11.603427153560064
Rocket Rumble,18,4.0,104.80000000000001,11.603427153560064
The Diofield Chronicle Ps4 & Ps5,18,4.0,121.21111111111112,11.603427153560064
Petoons Party,18,4.0,121.55000000000001,11.603427153560064
Potata: Fairy Flower,18,4.0,65.00555555555555,11.603427153560064
Monster Hunter Freedom 2 Essentials,18,4.0,84.35555555555555,11.603427153560064
Fabledom,18,4.0,84.66666666666667,11.603427153560064
Dating Stories Premium Edition,18,4.0,129.7611111111111,11.603427153560064
X-Out: Resurfaced,18,4.0,111.88888888888889,11.603427153560064
Kessen Iii,20,3.75,100.51,11.59254507722437
Car Mechanic Shop Simulator,20,3.75,113.55499999999999,11.59254507722437
Grieve,20,3.75,99.655,11.59254507722437
Tnt Racers,20,3.75,84.895,11.59254507722437
Space Invaders Infinity Gene,20,3.75,87.44500000000001,11.59254507722437
Démo Du Jeu Lego Jurassic World,20,3.75,103.72,11.59254507722437
Funny Alphabet,20,3.75,114.05,11.59254507722437
Megamind : Le Justicier Bleu [Psp],20,3.75,109.44000000000001,11.59254507722437
Sniper Ghost Warrior Contracts 2,20,3.75,70.51,11.59254507722437
Bodycam Stray Kitty,20,3.75,100.705,11.59254507722437
Rogue Legacy 2,20,3.75,83.91499999999999,11.59254507722437
Christmas Run 2,16,4.3125,106.0625,11.588448351159636
Megaquarium,16,4.3125,126.46875,11.588448351159636
Power Racing Bundle 3,16,4.3125,82.96875,11.588448351159636
Multigun,16,4.3125,93.71875,11.588448351159636
Contraband Border Police Simulator,16,4.3125,94.45625,11.588448351159636
The Sun And Moon,16,4.3125,126.7,11.588448351159636
Cronostase Electric Collection Ps4 & Ps5,16,4.3125,127.65625,11.588448351159636
Black Hole Pool,16,4.3125,98.78125,11.588448351159636
S.T.A.L.K.E.R. 2: Heart Of Chornobyl,16,4.3125,135.7125,11.588448351159636
Rocket Knight,16,4.3125,125.225,11.588448351159636
Remember Easter,16,4.3125,103.925,11.588448351159636
Sand Land Ps4 & Ps5,23,3.4782608695652173,110.9913043478261,11.586429734350007
Hi-Fi Rush,23,3.4782608695652173,103.35652173913044,11.586429734350007
Another World Mahjong Girl Ps4 & Ps5,28,3.1785714285714284,115.43571428571428,11.580682579602424
Street Riders [Psp],22,3.5454545454545454,100.40454545454546,11.564710570211885
Kite Fight,22,3.5454545454545454,104.96363636363635,11.564710570211885
Alien Breed: Impact,22,3.5454545454545454,110.25454545454545,11.564710570211885
Triangle Strategy,22,3.5454545454545454,101.43636363636364,11.564710570211885
Leila,22,3.5454545454545454,110.77727272727272,11.564710570211885
Pipistrello And The Cursed Yoyo,22,3.5454545454545454,120.38181818181819,11.564710570211885
Snooker 19,22,3.5454545454545454,85.10454545454546,11.564710570211885
1-2-Word Search!,22,3.5454545454545454,108.09545454545454,11.564710570211885
Death Come True,22,3.5454545454545454,100.53181818181817,11.564710570211885
Discovery Tour: Viking Age,22,3.5454545454545454,90.36363636363636,11.564710570211885
Aero Cosmos,19,3.8421052631578947,98.57368421052632,11.55858373740645
God Wars,19,3.8421052631578947,118.42631578947368,11.55858373740645
Jungle Adventure,19,3.8421052631578947,104.40526315789474,11.55858373740645
Penguin Flight,19,3.8421052631578947,92.45263157894736,11.55858373740645
The Jumping Pasta,19,3.8421052631578947,103.3578947368421,11.55858373740645
Nucleus,19,3.8421052631578947,92.28947368421052,11.55858373740645
Pixicharm - Kickabit,19,3.8421052631578947,97.2421052631579,11.55858373740645
Uragun,19,3.8421052631578947,108.16315789473684,11.55858373740645
Mythology Waifus Mahjong Ps4 & Ps5,19,3.8421052631578947,95.1842105263158,11.55858373740645
Defense Master,19,3.8421052631578947,123.3157894736842,11.55858373740645
Alba: A Wildlife Adventure,19,3.8421052631578947,119.13157894736842,11.55858373740645
Dragon Ruins,19,3.8421052631578947,98.89473684210526,11.55858373740645
Oddworld: Abe'S Exoddus (Ps1 Emulation),19,3.8421052631578947,116.98421052631578,11.55858373740645
Death Relives,19,3.8421052631578947,97.34736842105262,11.55858373740645
Son Of Scoregasm,19,3.8421052631578947,115.95789473684209,11.55858373740645
Kargast,19,3.8421052631578947,88.57894736842105,11.55858373740645
Zumba - Treasure Of The Marble Sea,19,3.8421052631578947,134.93684210526317,11.55858373740645
Medal Of Honor : En Première Ligne,19,3.8421052631578947,133.82105263157894,11.55858373740645
Yakuza: Like A Dragon Ps4 & Ps5,19,3.8421052631578947,87.34210526315789,11.55858373740645
I Was A Teenage Exocolonist,19,3.8421052631578947,86.93157894736842,11.55858373740645
Réduction De 50 % Sur Infamous,26,3.269230769230769,106.17307692307692,11.55724458271138
Arcade Spirits: The New Challengers,26,3.269230769230769,101.74615384615385,11.55724458271138
Black Myth: Wukong,26,3.269230769230769,106.87692307692308,11.55724458271138
Red Death,17,4.117647058823529,101.08235294117648,11.556963840388693
Sherlock Holmes The Awakened Ps4 & Ps5,17,4.117647058823529,125.80588235294117,11.556963840388693
Oxide Room 104,17,4.117647058823529,98.96470588235294,11.556963840388693
Holo'S Hanafuda,17,4.117647058823529,93.52941176470588,11.556963840388693
Jet Kave Adventure,17,4.117647058823529,89.70588235294117,11.556963840388693
The Karate Kid: Street Rumble,17,4.117647058823529,73.96470588235294,11.556963840388693
The Volleyball B,17,4.117647058823529,102.62352941176471,11.556963840388693
City Builder,17,4.117647058823529,105.62941176470588,11.556963840388693
Circuit Superstars,17,4.117647058823529,83.58823529411765,11.556963840388693
Snakeball,17,4.117647058823529,101.98823529411764,11.556963840388693
Call Of Sentinels,17,4.117647058823529,101.40588235294118,11.556963840388693
Let'S Compare The Speed Of Our Punches!,17,4.117647058823529,80.07058823529412,11.556963840388693
Aca Neogeo Karnov'S Revenge,17,4.117647058823529,101.62352941176471,11.556963840388693
Super Street Fighter Iv,17,4.117647058823529,122.51764705882354,11.556963840388693
Race Arcade,17,4.117647058823529,105.51176470588236,11.556963840388693
Tower Girls,17,4.117647058823529,91.4470588235294,11.556963840388693
Forgive Me Father 2,17,4.117647058823529,105.24705882352941,11.556963840388693
Clash: Artifacts Of Chaos,17,4.117647058823529,95.24117647058823,11.556963840388693
Plantera,17,4.117647058823529,78.52352941176471,11.556963840388693
Ofc - Ultimate Fighting Club,17,4.117647058823529,85.74705882352941,11.556963840388693
Kit Piratage De Bentley – Version D'Évaluation Et Déblocage,17,4.117647058823529,96.16470588235293,11.556963840388693
Big Adventure: Trip To Europe 6 Collector'S Edition,17,4.117647058823529,99.52352941176471,11.556963840388693
Math Genius: Division,17,4.117647058823529,91.77058823529413,11.556963840388693
Pixicharm - Flindlehop,21,3.619047619047619,102.81428571428572,11.539293806218618
A Blackout Protocol Report,21,3.619047619047619,104.47619047619048,11.539293806218618
Arkedo Series: 03 - Pixel!,21,3.619047619047619,99.14761904761905,11.539293806218618
Battle Suit Aces,21,3.619047619047619,120.45238095238095,11.539293806218618
Xblaze Lost: Memories,21,3.619047619047619,105.1952380952381,11.539293806218618
Piece Out,21,3.619047619047619,79.02857142857142,11.539293806218618
Sociable Soccer 25,21,3.619047619047619,95.18095238095238,11.539293806218618
The Jumping Muffin,21,3.619047619047619,125.9047619047619,11.539293806218618
Electronics Supermarket Simulator,21,3.619047619047619,110.42380952380952,11.539293806218618
Chasseurs De Mots,21,3.619047619047619,110.45714285714286,11.539293806218618
Cat Souls Ps4 & Ps5,24,3.375,105.85416666666667,11.525856336374712
Hidden Through Time 2: Myths & Magic,24,3.375,95.6375,11.525856336374712
Borderlands 2,24,3.375,100.325,11.525856336374712
Metro Quester,15,4.466666666666667,108.55333333333333,11.523469486959733
The Entropy Centre,15,4.466666666666667,129.29333333333335,11.523469486959733
Lumines Remastered,15,4.466666666666667,119.86666666666666,11.523469486959733
Rock'N Racing Off Road Dx,15,4.466666666666667,62.026666666666664,11.523469486959733
Army Bus Driving Simulator,18,3.9444444444444446,102.63888888888889,11.518500221165683
Rail Trail,18,3.9444444444444446,101.98888888888888,11.518500221165683
Railway Empire 2,18,3.9444444444444446,94.93333333333334,11.518500221165683
World Explorer Challenge,18,3.9444444444444446,101.82777777777778,11.518500221165683
Wonder Boy Anniversary Collection,18,3.9444444444444446,93.88888888888889,11.518500221165683
Wildgate,18,3.9444444444444446,89.31666666666666,11.518500221165683
While True: Learn(),18,3.9444444444444446,96.61111111111111,11.518500221165683
Arcade Classics,18,3.9444444444444446,104.69999999999999,11.518500221165683
Red Solstice 2: Survivors Ultimate Edition,18,3.9444444444444446,87.27777777777777,11.518500221165683
Pac-Man World Re-Pac,18,3.9444444444444446,104.25555555555555,11.518500221165683
Yomawari: Night Alone,18,3.9444444444444446,110.97777777777779,11.518500221165683
Yakuza 5,18,3.9444444444444446,101.84444444444445,11.518500221165683
Venba,18,3.9444444444444446,110.72222222222223,11.518500221165683
Smt: Digital Devil Saga 2,18,3.9444444444444446,103.33333333333333,11.518500221165683
Turok,18,3.9444444444444446,110.49444444444444,11.518500221165683
Urban Trace: Parkour Simulator Pursuit,18,3.9444444444444446,112.61666666666667,11.518500221165683
Sbcg4Ap Episode 2: Strong Badia The Free,18,3.9444444444444446,101.86666666666667,11.518500221165683
Quiz Thiz Spain: Silver Edition,18,3.9444444444444446,98.61666666666666,11.518500221165683
Back Then,18,3.9444444444444446,99.12777777777778,11.518500221165683
Airplane Racing Championship,18,3.9444444444444446,111.58333333333333,11.518500221165683
The Iron Age,18,3.9444444444444446,89.67222222222222,11.518500221165683
New Tales From The Borderlands,20,3.7,78.095,11.509520787538968
Puzzle Piecer: The Pattern,20,3.7,100.64500000000001,11.509520787538968
Blow Up Monsters,20,3.7,113.215,11.509520787538968
Grand Classic Auto,20,3.7,92.80499999999999,11.509520787538968
Geometric Sniper - Blood In Paris,20,3.7,102.42999999999999,11.509520787538968
Fishing Rush,20,3.7,108.53,11.509520787538968
Les Schtroumpfs - Mission Malfeuille,20,3.7,101.425,11.509520787538968
Dead Rising Deluxe Remaster,20,3.7,94.095,11.509520787538968
Whitewater Vr - Extreme Kayaking Adventure,20,3.7,118.9,11.509520787538968
G1 Jockey 4 2008,20,3.7,92.39500000000001,11.509520787538968
Mia Et Moi – Une Amitié Magique,20,3.7,116.17999999999999,11.509520787538968
Horror Clash,20,3.7,89.03,11.509520787538968
Max Payne 3,23,3.4347826086956523,99.06521739130434,11.506317991020923
Infliction: Extended Cut,23,3.4347826086956523,103.9304347826087,11.506317991020923
Darts Up,23,3.4347826086956523,104.52173913043478,11.506317991020923
Super Onion Boy+ Ps4 & Ps5,23,3.4347826086956523,87.9608695652174,11.506317991020923
The Last Zone,23,3.4347826086956523,97.22173913043478,11.506317991020923
Super Technos World : River City & Technos Arcade Classics,23,3.4347826086956523,108.60000000000001,11.506317991020923
Nobunaga'S Ambition: Awakening,16,4.25,84.19375,11.501726874538619
Jumping Boy,16,4.25,111.63125,11.501726874538619
Caravan Sandwitch,16,4.25,113.4375,11.501726874538619
Atelier Escha & Logy ~Alchemists Of The Dusk Sky~,16,4.25,109.26875,11.501726874538619
Muv-Luv Alternative,16,4.25,68.50625,11.501726874538619
No More Rainbows,16,4.25,115.74375,11.501726874538619
Absurdika: Rebuild,16,4.25,84.4125,11.501726874538619
Portal Balls,16,4.25,82.06875,11.501726874538619
Decoration Rush,16,4.25,93.775,11.501726874538619
Ridge Racer,16,4.25,108.3,11.501726874538619
Pro Flight Simulator,16,4.25,84.91875,11.501726874538619
Buddy Garden,16,4.25,115.21249999999999,11.501726874538619
Orphans,16,4.25,76.05,11.501726874538619
Sphinx - Riddles Of The Nile,16,4.25,126.19375,11.501726874538619
Infernitos: Fiery Dishes,22,3.5,108.66363636363636,11.483627741424058
101-In-1 Megamix+Fading Shadows,22,3.5,89.22727272727273,11.483627741424058
Devilevel : Réessaie,22,3.5,109.62272727272726,11.483627741424058
The Shapeshifting Detective,19,3.789473684210526,96.92105263157895,11.4745997091658
Kingdom Eighties,19,3.789473684210526,103.56315789473685,11.4745997091658
A Castle Full Of Cats,19,3.789473684210526,132.35263157894735,11.4745997091658
Long Run,19,3.789473684210526,91.51578947368422,11.4745997091658
Indoor Sports World,19,3.789473684210526,83.12105263157895,11.4745997091658
Five Nights At Freddy'S: Help Wanted,19,3.789473684210526,99.28947368421052,11.4745997091658
Cats Vs Dogs,19,3.789473684210526,103.71052631578948,11.4745997091658
Dreadout Remastered Collection,19,3.789473684210526,131.09473684210528,11.4745997091658
Pool Shark 2,19,3.789473684210526,123.46842105263158,11.4745997091658
Crime Opera Fandisk: The Caterpillar Candids Ps4 & Ps5,19,3.789473684210526,136.4421052631579,11.4745997091658
Under Night In-Birth Exe:Late,19,3.789473684210526,81.32631578947368,11.4745997091658
Samurai Kento Ps4 & Ps5,19,3.789473684210526,95.43684210526315,11.4745997091658
Hot Wheels Monster Trucks: Stunt Mayhem,19,3.789473684210526,108.51578947368422,11.4745997091658
Terraformers,19,3.789473684210526,117.80526315789474,11.4745997091658
Alpaca Wonders Why,19,3.789473684210526,91.6842105263158,11.4745997091658
Dust & Neon,19,3.789473684210526,118.30526315789474,11.4745997091658
Final Zone Ps4 & Ps5,19,3.789473684210526,100.30526315789473,11.4745997091658
The Jumping Pumpkin - Halloween Edition: Turbo,19,3.789473684210526,96.63157894736842,11.4745997091658
We Were Here Forever,19,3.789473684210526,86.7578947368421,11.4745997091658
Dark Steel Legends,17,4.0588235294117645,105.51764705882353,11.471120380783557
Hungry Monster Food Rain,17,4.0588235294117645,104.96470588235294,11.471120380783557
The Wandering Village Ps4 & Ps5,17,4.0588235294117645,96.69999999999999,11.471120380783557
Shotgun King: The Final Checkmate Ps4 & Ps5,17,4.0588235294117645,91.67647058823529,11.471120380783557
Titan Souls,17,4.0588235294117645,125.8529411764706,11.471120380783557
Tiebreak+: Official Game Of The Atp And Wta,17,4.0588235294117645,112.59411764705882,11.471120380783557
Thermonuclear Ps4 & Ps5,17,4.0588235294117645,94.65882352941176,11.471120380783557
Lethal League,17,4.0588235294117645,109.4235294117647,11.471120380783557
Aidan In Danger,17,4.0588235294117645,84.75882352941177,11.471120380783557
Alchemist: The Potion Monger,17,4.0588235294117645,87.25294117647059,11.471120380783557
Berserk Boy,17,4.0588235294117645,105.71176470588235,11.471120380783557
Oddworld: Munch'S Oddysee Hd - Full Game,17,4.0588235294117645,119.90588235294118,11.471120380783557
Neo Harbor Rescue Squad,17,4.0588235294117645,84.83529411764707,11.471120380783557
Submersed 2 - The Hive,17,4.0588235294117645,112.77058823529411,11.471120380783557
Soccer Golf! Ps4 & Ps5,17,4.0588235294117645,107.91764705882352,11.471120380783557
Astral Takers,17,4.0588235294117645,102.21764705882353,11.471120380783557
Shin Megami Tensei V: Vengeance,17,4.0588235294117645,109.1470588235294,11.471120380783557
The Phantom,17,4.0588235294117645,101.01764705882353,11.471120380783557
Abyss: Backrooms Pools Horror,17,4.0588235294117645,98.8529411764706,11.471120380783557
Legasista,17,4.0588235294117645,102.58235294117647,11.471120380783557
Right And Down And Dice,25,3.28,111.76,11.464514945399754
Laser Disco Defenders,25,3.28,98.836,11.464514945399754
Quiz Thiz Germany: Silver Edition,21,3.5714285714285716,128.5047619047619,11.457238564060775
The Jumping Nuggets: Turbo,21,3.5714285714285716,97.63809523809525,11.457238564060775
Puzzling Places,21,3.5714285714285716,95.41428571428571,11.457238564060775
Ready Or Not,21,3.5714285714285716,122.47142857142858,11.457238564060775
Ai Limit,21,3.5714285714285716,96.17619047619048,11.457238564060775
Ww2: Battle Over The Pacific,21,3.5714285714285716,89.8047619047619,11.457238564060775
Masters Of Light,21,3.5714285714285716,114.24761904761904,11.457238564060775
Laserlife,21,3.5714285714285716,115.03809523809525,11.457238564060775
Mutant Boxing League Vr,24,3.3333333333333335,107.69583333333333,11.446710649005908
No Man'S Sky Ps4 & Ps5,24,3.3333333333333335,118.09583333333335,11.446710649005908
Crazy Chicken Remake,24,3.3333333333333335,113.58749999999999,11.446710649005908
Démo Sorcery,15,4.4,92.86666666666666,11.435923992685268
Mortar Master,15,4.4,124.33333333333333,11.435923992685268
Rooftop Rascal: The Glitch Cat,15,4.4,135.20666666666665,11.435923992685268
Spray Paint Simulator,15,4.4,86.47333333333333,11.435923992685268
Super Hydorah,15,4.4,86.77333333333333,11.435923992685268
Retsnom,15,4.4,108.77333333333333,11.435923992685268
Up Shot,15,4.4,73.57333333333332,11.435923992685268
Greedfall - Standard Edition,15,4.4,88.82666666666667,11.435923992685268
Watch Dogs: Legion Ps4 & Ps5,18,3.888888888888889,111.66111111111111,11.4335732887713
Resident Evil Revelations 2,18,3.888888888888889,105.0,11.4335732887713
Escape The Backrooms Bodycam,18,3.888888888888889,72.73888888888888,11.4335732887713
Knight Quest: Goblins Raid,18,3.888888888888889,98.18333333333334,11.4335732887713
Until Dawn 2015,18,3.888888888888889,91.00555555555555,11.4335732887713
Pixel Retro Drift - Arcade Car Racing,18,3.888888888888889,119.0,11.4335732887713
Garten Of Banban 6,18,3.888888888888889,95.73888888888888,11.4335732887713
The Oregon Trail,18,3.888888888888889,101.01111111111112,11.4335732887713
Wolf Of The Battlefield: Commando 3,18,3.888888888888889,85.57222222222222,11.4335732887713
Birds Of Steel,18,3.888888888888889,78.48333333333333,11.4335732887713
The Callisto Protocol Ps5,18,3.888888888888889,110.27222222222223,11.4335732887713
Jewel Match Twilight Solitaire,18,3.888888888888889,91.01111111111112,11.4335732887713
Let'S Sing 2018 Mit Deutschen Hits,18,3.888888888888889,99.71666666666667,11.4335732887713
112 Operator,20,3.65,113.76500000000001,11.426496497853563
Water Sort Challenge,20,3.65,89.11,11.426496497853563
Final Fight: Double Impact,20,3.65,96.41499999999999,11.426496497853563
Arena Renovation,20,3.65,109.025,11.426496497853563
Table Letters,20,3.65,108.175,11.426496497853563
Wolfenstein: The New Order,20,3.65,106.525,11.426496497853563
Hamsterball,20,3.65,91.1,11.426496497853563
Scorn,20,3.65,85.35,11.426496497853563
Heretic'S Fork,20,3.65,110.00999999999999,11.426496497853563
The Unfinished Swan – Version D'Évaluation Et Déblocage,23,3.391304347826087,117.1304347826087,11.426206247691836
Among Us 3D: Vr,16,4.1875,86.575,11.415005397917602
Pixeljunk Shooter 2,16,4.1875,110.04375,11.415005397917602
Just Find It 2 Collector'S Edition,16,4.1875,128.86875,11.415005397917602
Assassin'S Creed Iii - Gold Edition,16,4.1875,65.3625,11.415005397917602
Godsvivors,16,4.1875,121.8375,11.415005397917602
Snowy: The Bear'S Adventures,16,4.1875,104.60625,11.415005397917602
Gottlieb Pinball Classics,16,4.1875,82.50625,11.415005397917602
Terraria Obtenir Le Jeu Complet,16,4.1875,104.45,11.415005397917602
Cyber Car Seller Simulator,16,4.1875,90.76875,11.415005397917602
Low Story,16,4.1875,122.11875,11.415005397917602
Shing!,16,4.1875,121.9125,11.415005397917602
Gamocracy One : Legend Of Robot,16,4.1875,76.575,11.415005397917602
Close For The Night,16,4.1875,129.80625,11.415005397917602
Hakuoki: Kyoto Winds,16,4.1875,128.10625,11.415005397917602
Toon Breakout 3D,16,4.1875,100.2625,11.415005397917602
Deadlink,16,4.1875,95.3375,11.415005397917602
The Bat Quiz,16,4.1875,110.06875000000001,11.415005397917602
Démo Ratchet & Clank: All 4 One,16,4.1875,123.23125,11.415005397917602
Overcooked! All You Can Eat,22,3.4545454545454546,88.22272727272728,11.402544912636232
Cattle Country,19,3.736842105263158,115.12105263157896,11.390615680925148
"I, Ai",19,3.736842105263158,95.88421052631578,11.390615680925148
Boomerang Of Destruction,19,3.736842105263158,94.78947368421052,11.390615680925148
The Jumping Sandwich: Turbo,19,3.736842105263158,103.51578947368421,11.390615680925148
Metal: Hellsinger Vr,19,3.736842105263158,112.10000000000001,11.390615680925148
Power Racing Bundle,19,3.736842105263158,116.67368421052633,11.390615680925148
Octopo,19,3.736842105263158,79.3,11.390615680925148
Atelier Yumia : L’Alchimiste Des Souvenirs Et La Terre Rêvée (Ps4 & Ps5),19,3.736842105263158,107.55263157894737,11.390615680925148
Mega Mall Story,19,3.736842105263158,89.01052631578948,11.390615680925148
Deer Hunting Camp,19,3.736842105263158,92.02631578947368,11.390615680925148
Pixicharm - Speedy Squire,19,3.736842105263158,113.59473684210528,11.390615680925148
Fighting Vipers,19,3.736842105263158,90.9421052631579,11.390615680925148
Stellar Docks: Deep Space,19,3.736842105263158,85.0421052631579,11.390615680925148
Tetris Forever,19,3.736842105263158,133.53684210526316,11.390615680925148
Learn To Play Vol. 5 - Break The Blocks,19,3.736842105263158,104.44736842105263,11.390615680925148
Ash Pines: The Motel Ps4 & Ps5,19,3.736842105263158,89.65263157894738,11.390615680925148
Beat Sketcher - Unlock Key,19,3.736842105263158,110.03684210526315,11.390615680925148
Dreamland Solitaire,19,3.736842105263158,80.7578947368421,11.390615680925148
Asterigos: Curse Of The Stars,17,4.0,119.38823529411764,11.38527692117842
Darkstalkers Resurrection,17,4.0,98.9470588235294,11.38527692117842
Buzz!: Le Plus Malin Des Français,17,4.0,104.50588235294117,11.38527692117842
Zoe Begone!,17,4.0,109.56470588235294,11.38527692117842
Crown Wars: The Black Prince,17,4.0,97.67647058823529,11.38527692117842
Quack Jump,17,4.0,117.85882352941177,11.38527692117842
Sanguis Luna,17,4.0,98.03529411764706,11.38527692117842
Pacific Drive,17,4.0,101.85882352941177,11.38527692117842
Rdr Undead Nightmare,17,4.0,98.8,11.38527692117842
World Championship Poker 2,17,4.0,115.27058823529413,11.38527692117842
The Jumping Burger: Turbo,17,4.0,109.95294117647059,11.38527692117842
I'M Frontline,17,4.0,98.51764705882353,11.38527692117842
House Flipper 2,17,4.0,82.22941176470589,11.38527692117842
"I, Robot",17,4.0,94.65294117647058,11.38527692117842
Ridge Racer 7,17,4.0,118.80588235294118,11.38527692117842
Virtua Fighter 2,17,4.0,101.43529411764706,11.38527692117842
Classic Racers Elite,17,4.0,113.47647058823529,11.38527692117842
Warstride Challenges,17,4.0,84.59411764705882,11.38527692117842
Niche - A Genetics Survival Game,17,4.0,111.77058823529411,11.38527692117842
Moe Waifu H Push-Box Ps4 & Ps5,17,4.0,117.90588235294118,11.38527692117842
Pixicharm - Mariana Gold,17,4.0,93.71176470588235,11.38527692117842
Galaxy Battle,17,4.0,88.18823529411765,11.38527692117842
Evergate,17,4.0,94.86470588235295,11.38527692117842
Killing Floor: Incursion,17,4.0,110.21764705882353,11.38527692117842
Mxgp Pro,17,4.0,130.2294117647059,11.38527692117842
Back To The Future: Episode 2 - Get Tannen!,17,4.0,86.88823529411764,11.38527692117842
Neon Drive,17,4.0,69.91176470588235,11.38527692117842
Pixicharm - Polar Outta Place,21,3.5238095238095237,111.36666666666666,11.37518332190293
Tower,21,3.5238095238095237,101.15238095238094,11.37518332190293
Bomb The Town,21,3.5238095238095237,105.57619047619048,11.37518332190293
Hammerwatch Ii,21,3.5238095238095237,91.0,11.37518332190293
Dwerve,21,3.5238095238095237,94.81904761904762,11.37518332190293
"#Womenup, Super Puzzles Dream",21,3.5238095238095237,108.79047619047618,11.37518332190293
Lakeview Cabin Collection,21,3.5238095238095237,101.18571428571428,11.37518332190293
Nioh Remastered – Édition Complète,14,4.571428571428571,88.74285714285715,11.357322207634764
Nephise: Ascension,14,4.571428571428571,81.04285714285713,11.357322207634764
Botany Manor,14,4.571428571428571,114.02142857142857,11.357322207634764
2Xtreme,18,3.8333333333333335,109.75,11.348646356376916
Wine Factory Simulator,18,3.8333333333333335,119.82222222222224,11.348646356376916
Bqm - Blockquest Maker: Remastered,18,3.8333333333333335,120.86111111111111,11.348646356376916
Vr The Diner Duo,18,3.8333333333333335,117.83888888888889,11.348646356376916
Quiz Thiz Usa: Bronze Edition,18,3.8333333333333335,117.91666666666667,11.348646356376916
Thunder Ray,18,3.8333333333333335,90.56666666666666,11.348646356376916
Totally Accurate Battle Simulator,18,3.8333333333333335,102.15,11.348646356376916
Heavenly Bodies - Cleanup Dlc Edition,18,3.8333333333333335,106.43333333333334,11.348646356376916
Ninja Stars,18,3.8333333333333335,109.25,11.348646356376916
Monster Ramp Racing,18,3.8333333333333335,117.05555555555556,11.348646356376916
Horizon Chase 2,18,3.8333333333333335,109.71666666666667,11.348646356376916
Swordbreaker: Origins,18,3.8333333333333335,131.64444444444445,11.348646356376916
Crash Bugs Cake Defense,18,3.8333333333333335,99.34444444444445,11.348646356376916
Tannenberg,18,3.8333333333333335,109.09444444444445,11.348646356376916
Wrc 9 Fia World Rally Championship Ps4 & Ps5,18,3.8333333333333335,114.80555555555556,11.348646356376916
Born Of Bread,18,3.8333333333333335,99.22777777777777,11.348646356376916
Romance Of The Three Kingdoms 13,15,4.333333333333333,97.88000000000001,11.348378498410804
Long Gone Days,15,4.333333333333333,85.44,11.348378498410804
Kona,15,4.333333333333333,102.2,11.348378498410804
Mahjong Tales: Ancient Wisdom,15,4.333333333333333,93.00666666666666,11.348378498410804
Into The Radius,15,4.333333333333333,102.96000000000001,11.348378498410804
All The Words She Wrote Ps4 & Ps5,15,4.333333333333333,119.46000000000001,11.348378498410804
Warhammer Age Of Sigmar: Storm Ground,15,4.333333333333333,108.2,11.348378498410804
Pool Puzzles,15,4.333333333333333,110.26,11.348378498410804
Tethered Demo,15,4.333333333333333,134.68,11.348378498410804
Just Cause 3,15,4.333333333333333,109.64666666666668,11.348378498410804
Jolt Family Robot Racer,15,4.333333333333333,112.92666666666668,11.348378498410804
Rubber Hose Rampage,15,4.333333333333333,99.20666666666668,11.348378498410804
Starward Rogue,15,4.333333333333333,87.4,11.348378498410804
Amazing Weekend 2: Search And Relax Collector'S Edition,15,4.333333333333333,114.61333333333333,11.348378498410804
Anime Girls: Sun Of A Beach,15,4.333333333333333,117.27333333333333,11.348378498410804
Steinsgate,23,3.347826086956522,111.70869565217392,11.346094504362748
Dragon Age Ii,23,3.347826086956522,113.04347826086956,11.346094504362748
Dissidia Final Fantasy Nt,20,3.6,114.085,11.343472208168157
Oscuro Blossom’S Glow,20,3.6,130.04000000000002,11.343472208168157
My Horse: Bonded Spirits,20,3.6,92.12,11.343472208168157
Sweet Fuse: At Your Side,20,3.6,92.015,11.343472208168157
Dynasty Warriors 6 Empires : Contenu Téléchargeable,20,3.6,116.56500000000001,11.343472208168157
Grand Rush Vr Highway Car Traffic Racing Simulator,16,4.125,87.3125,11.328283921296585
Valentine Candy Break 2,16,4.125,94.44375,11.328283921296585
The Last Faith,16,4.125,116.5,11.328283921296585
Borderlands: Édition Jeu De L'Année,16,4.125,136.6,11.328283921296585
Escape First 2,16,4.125,82.68125,11.328283921296585
The Lord Of The Rings: Adventure Card Game Definitive Edition,16,4.125,76.65625,11.328283921296585
Slayers X: Terminal Aftermath: Vengance Of The Slayer,16,4.125,88.45625,11.328283921296585
Akka Arrh,16,4.125,87.73125,11.328283921296585
Beyond Memories - Tale Of The Lost Souls,16,4.125,81.3625,11.328283921296585
The Basketball Quiz,16,4.125,120.45,11.328283921296585
Tt Isle Of Man: Ride On The Edge 2,16,4.125,125.4125,11.328283921296585
Subnautica: Below Zero Ps4 & Ps5,16,4.125,94.68125,11.328283921296585
Animal Battle Arena,16,4.125,94.86874999999999,11.328283921296585
Derrick The Deathfin,16,4.125,115.9625,11.328283921296585
Return Of The Obra Dinn,16,4.125,108.4875,11.328283921296585
Bocce Vr Simulator,16,4.125,87.36875,11.328283921296585
Chains Of Freedom Ps4 & Ps5,16,4.125,94.86875,11.328283921296585
I Love Food Ps4 & Ps5,16,4.125,108.03125,11.328283921296585
The Darkness Ii,16,4.125,81.9125,11.328283921296585
A Wild Last Boss Appeared! ~Black-Winged Survivor~,16,4.125,81.60625,11.328283921296585
Kane & Lynch 2: Dog Days,16,4.125,106.2375,11.328283921296585
Paper Beast Demo,16,4.125,100.825,11.328283921296585
15In1 Solitaire,16,4.125,108.31875,11.328283921296585
Duck Run,22,3.409090909090909,94.75,11.321462083848406
Pirate Trails: Tentacles And Treasures,22,3.409090909090909,114.98636363636363,11.321462083848406
Rusted Moss,22,3.409090909090909,88.45,11.321462083848406
Duck Detective: The Secret Salami,19,3.6842105263157894,78.31052631578947,11.306631652684498
Despelote,19,3.6842105263157894,119.01052631578946,11.306631652684498
S.O.S Fantômes : Le Jeu Vidéo,19,3.6842105263157894,110.36315789473684,11.306631652684498
Diablo Iii: Reaper Of Souls - Ultimate Evil Edition,19,3.6842105263157894,104.65789473684211,11.306631652684498
Fall Of Porcupine,19,3.6842105263157894,95.8157894736842,11.306631652684498
Towers Of Aghasba,19,3.6842105263157894,117.43684210526317,11.306631652684498
Parking Pro: Top-Down Challenge,19,3.6842105263157894,110.34210526315789,11.306631652684498
Mythwrecked: Ambrosia Island,19,3.6842105263157894,83.76842105263158,11.306631652684498
Dead Or Alive 5 Ultimate Full Version Unlock,19,3.6842105263157894,100.66842105263159,11.306631652684498
The Last Shot,19,3.6842105263157894,100.5421052631579,11.306631652684498
Phoenix Wright: Ace Attorney Trilogy,19,3.6842105263157894,110.71578947368421,11.306631652684498
Brave × Junction,19,3.6842105263157894,95.82105263157894,11.306631652684498
Bye Sweet Carole,19,3.6842105263157894,72.8736842105263,11.306631652684498
Mahjong Carnival,19,3.6842105263157894,104.58421052631579,11.306631652684498
Sticky Business,19,3.6842105263157894,112.8,11.306631652684498
Insectum - Epic Battles Of Bugs,19,3.6842105263157894,94.54736842105264,11.306631652684498
Quiz Thiz Austria: Bronze Edition,19,3.6842105263157894,103.78421052631579,11.306631652684498
Taiko No Tatsujin: Drum Session!,19,3.6842105263157894,118.7578947368421,11.306631652684498
The Jumping Soda: Turbo,19,3.6842105263157894,87.01578947368421,11.306631652684498
Magic Orbz,19,3.6842105263157894,107.28421052631579,11.306631652684498
The Cow G,17,3.9411764705882355,98.51764705882353,11.299433461573283
What The Dub?!,17,3.9411764705882355,98.00588235294117,11.299433461573283
Split/Second: Velocity,17,3.9411764705882355,119.97647058823529,11.299433461573283
Cartel Tycoon,17,3.9411764705882355,98.4235294117647,11.299433461573283
Reel Fishing: Master’S Challenge,17,3.9411764705882355,102.69999999999999,11.299433461573283
Disgaea3:Absence Of Justice,17,3.9411764705882355,112.15294117647058,11.299433461573283
Mahjong Deluxe 3,17,3.9411764705882355,91.46470588235294,11.299433461573283
Pizza Possum,17,3.9411764705882355,109.57058823529412,11.299433461573283
Twin Robots: Ultimate Edition,17,3.9411764705882355,110.64117647058823,11.299433461573283
Forklift 2025 Simulator,17,3.9411764705882355,90.10588235294118,11.299433461573283
Ohshape Ultimate,17,3.9411764705882355,101.50588235294117,11.299433461573283
Siren Blood Curse Chapitre Deux - Sans Issue,17,3.9411764705882355,118.38823529411764,11.299433461573283
Dead Age Ii,17,3.9411764705882355,98.87647058823529,11.299433461573283
Cato: Buttered Cat,17,3.9411764705882355,107.74705882352941,11.299433461573283
Horizon Shift '81,17,3.9411764705882355,104.48823529411764,11.299433461573283
Pixicharm - Tiny Starfighters,17,3.9411764705882355,94.40588235294118,11.299433461573283
Final Fantasy Iii,17,3.9411764705882355,120.78823529411765,11.299433461573283
The Pools,17,3.9411764705882355,137.6058823529412,11.299433461573283
Far Cry 3,17,3.9411764705882355,89.13529411764705,11.299433461573283
Star Trek: Resurgence,17,3.9411764705882355,111.21176470588235,11.299433461573283
Garden Patrol Ps4 & Ps5,17,3.9411764705882355,101.1470588235294,11.299433461573283
Grindstone,17,3.9411764705882355,114.16470588235293,11.299433461573283
Astball,17,3.9411764705882355,142.9294117647059,11.299433461573283
Lucy Dreaming,17,3.9411764705882355,88.86470588235295,11.299433461573283
Karma: The Dark World,17,3.9411764705882355,89.51176470588236,11.299433461573283
Xiii,17,3.9411764705882355,121.63529411764706,11.299433461573283
Piggly Pagly Boom,17,3.9411764705882355,110.2764705882353,11.299433461573283
Donut Fun,17,3.9411764705882355,103.82352941176471,11.299433461573283
Crossbars,17,3.9411764705882355,128.68823529411765,11.299433461573283
Idol Maker Vr,17,3.9411764705882355,87.67647058823529,11.299433461573283
Bibi & Tina – Aventures À Cheval,17,3.9411764705882355,107.68823529411765,11.299433461573283
Clutter Ix: Clutter Ixtreme,21,3.4761904761904763,90.12380952380951,11.293128079745088
Siren Blood Curse Chapitre Un - L'Appel De La Sirène,21,3.4761904761904763,96.91428571428571,11.293128079745088
Resident Evil Code: Veronica X,29,3.0,105.34827586206896,11.29220519461481
Buzz! Junior: Les P'Tits Dinos,14,4.5,62.85,11.269026573915967
Machine À Pinces Cozy,14,4.5,87.87142857142858,11.269026573915967
Pandemonium,14,4.5,113.85714285714286,11.269026573915967
Spearain,14,4.5,98.90714285714286,11.269026573915967
Mech Wars,14,4.5,108.84285714285714,11.269026573915967
Gloom And Doom,14,4.5,119.15,11.269026573915967
Death Note Killer Within,23,3.3043478260869565,106.0304347826087,11.26598276103366
Rayman Legends,23,3.3043478260869565,102.34782608695652,11.26598276103366
Encombrement Des Achats : Vacances D'Hiver Pack De 5 Jeux,18,3.7777777777777777,113.63888888888889,11.263719423982534
White Shadows,18,3.7777777777777777,117.52777777777777,11.263719423982534
Trident'S Tale,18,3.7777777777777777,97.87222222222222,11.263719423982534
Wheel World,18,3.7777777777777777,89.02222222222223,11.263719423982534
3D Minigolf,18,3.7777777777777777,124.13888888888889,11.263719423982534
Jewel Match Atlantis Solitaire Collector'S Edition,18,3.7777777777777777,86.4,11.263719423982534
Deltarune Ps4 & Ps5,18,3.7777777777777777,106.44999999999999,11.263719423982534
Pet Kawaii Shop,18,3.7777777777777777,119.60000000000001,11.263719423982534
Mutant Express,18,3.7777777777777777,108.00555555555555,11.263719423982534
Detail Hunter,18,3.7777777777777777,83.47222222222223,11.263719423982534
Stick Up,18,3.7777777777777777,71.79444444444444,11.263719423982534
Party Poppers,18,3.7777777777777777,100.36111111111111,11.263719423982534
Conquistadorio,18,3.7777777777777777,111.57222222222222,11.263719423982534
Quick Mafs Advanced,18,3.7777777777777777,116.5,11.263719423982534
Insurmountable,18,3.7777777777777777,116.4388888888889,11.263719423982534
C-Smash Vrs New Dimension,18,3.7777777777777777,108.41666666666667,11.263719423982534
Last Labyrinth,18,3.7777777777777777,102.77777777777777,11.263719423982534
Big Shots,18,3.7777777777777777,91.97222222222223,11.263719423982534
Skyworld,18,3.7777777777777777,106.08888888888889,11.263719423982534
Cook Serve Forever,18,3.7777777777777777,87.9388888888889,11.263719423982534
Wrc 4 Fia World Rally Championship,18,3.7777777777777777,103.21666666666665,11.263719423982534
Tom Clancy'S Splinter Cell Trilogy Hd,18,3.7777777777777777,98.69999999999999,11.263719423982534
Trash Is Fun,18,3.7777777777777777,105.51111111111112,11.263719423982534
Spirit Hunter: Death Mark Ii,15,4.266666666666667,110.97333333333333,11.26083300413634
Alien Spidy,15,4.266666666666667,96.9,11.26083300413634
Hypermarket Simulator: Supermarket Reimagined,15,4.266666666666667,94.68,11.26083300413634
Ikkarus And The Prince Of Sin Ps4 & Ps5,15,4.266666666666667,92.01333333333334,11.26083300413634
L'Héritage Du Cyprès : Le Début,15,4.266666666666667,92.15333333333334,11.26083300413634
Serious Sam 4,15,4.266666666666667,98.6,11.26083300413634
Two Worlds Ii Velvet Game Of The Year Edition,15,4.266666666666667,117.88666666666667,11.26083300413634
Unearthed: Trail Of Ibn Battuta - Episode 1,15,4.266666666666667,93.72666666666667,11.26083300413634
World'S End Club,15,4.266666666666667,88.52,11.26083300413634
Jack Holmes: Master Of Puppets,15,4.266666666666667,122.67333333333333,11.26083300413634
Aca Neogeo Zed Blade,15,4.266666666666667,125.49333333333334,11.26083300413634
Tropico 5,15,4.266666666666667,124.62666666666668,11.26083300413634
"I Have No Mouth, And I Must Scream",15,4.266666666666667,63.2,11.26083300413634
Sid Meier'S Civilization Revolution,20,3.55,117.025,11.260447918482754
Saint Patricks Day Fun,20,3.55,92.745,11.260447918482754
Tom Clancy'S Ghost Recon,20,3.55,114.87,11.260447918482754
Zero-G-Racer : Drone Fpv Arcade Game,20,3.55,89.99,11.260447918482754
Le Grinch : Les Aventures De Noël - Édition Joyeuse Et Espiègle,20,3.55,102.30499999999999,11.260447918482754
Gems Rush,20,3.55,121.37,11.260447918482754
Big Adventure: Trip To Europe 8 Collector'S Edition,20,3.55,89.795,11.260447918482754
Racket Fury: Table Tennis,20,3.55,78.885,11.260447918482754
Lego Harry Potter : Années 5-7 Demo,20,3.55,91.88,11.260447918482754
Exo One,16,4.0625,121.55624999999999,11.24156244467557
Mxgp 2020 - The Official Motocross Videogame,16,4.0625,91.6375,11.24156244467557
Assassin'S Creed Brotherhood,16,4.0625,80.96875,11.24156244467557
Ea Sports Mma,16,4.0625,99.56875,11.24156244467557
The Button Be Fields,16,4.0625,131.7875,11.24156244467557
Sephirothic Stories,16,4.0625,88.625,11.24156244467557
The Jumping Brownie,16,4.0625,117.45625,11.24156244467557
Quiz Thiz France: Silver Editon,16,4.0625,107.83125,11.24156244467557
Flying Cat,16,4.0625,94.5875,11.24156244467557
For A Few Minutes,16,4.0625,83.275,11.24156244467557
The Bat D,16,4.0625,114.19375,11.24156244467557
Rookie Boxing,16,4.0625,88.25,11.24156244467557
Into Death And Beyond,16,4.0625,122.71875,11.24156244467557
Death And Taxes,16,4.0625,108.31875,11.24156244467557
Hundred Days - Winemaking Simulator,16,4.0625,94.4,11.24156244467557
Mx Dirt Bike: Unlimited Bike Experience,16,4.0625,100.61875,11.24156244467557
Castle Shikigami Ii,22,3.3636363636363638,91.49090909090908,11.240379255060578
Lost In Random: The Eternal Die,19,3.6315789473684212,104.64736842105263,11.222647624443846
Industria,19,3.6315789473684212,108.34210526315789,11.222647624443846
Distant Bloom,19,3.6315789473684212,114.13157894736842,11.222647624443846
Big Adventure: Trip To Europe 2 Collector'S Edition,19,3.6315789473684212,112.89473684210526,11.222647624443846
Escape Route,19,3.6315789473684212,77.26842105263158,11.222647624443846
The Jumping Bonbon Match - Ps4 & Ps5,19,3.6315789473684212,101.97894736842106,11.222647624443846
Retro Revengers Ps4 & Ps5,19,3.6315789473684212,104.52105263157895,11.222647624443846
Namariel Legends - Iron Lord,19,3.6315789473684212,115.47894736842105,11.222647624443846
Zombie Strike Force,19,3.6315789473684212,89.5,11.222647624443846
Crisis Core –Final Fantasy Vii– Reunion Ps4 & Ps5,19,3.6315789473684212,106.94736842105263,11.222647624443846
Harvest Moon: Lumière D'Espoir Edition Spéciale,19,3.6315789473684212,103.46842105263158,11.222647624443846
The Legend Of Santa,19,3.6315789473684212,101.63157894736842,11.222647624443846
Stone Age Meteor Rush,19,3.6315789473684212,100.01578947368421,11.222647624443846
Super Volley Blast,19,3.6315789473684212,110.21052631578948,11.222647624443846
Assassin'S Creed Brotherhood - Pack Complet,17,3.8823529411764706,91.52941176470588,11.213590001968145
Drums Rock,17,3.8823529411764706,86.98235294117647,11.213590001968145
Crazy Machines Elements,17,3.8823529411764706,84.81764705882354,11.213590001968145
Switchball,17,3.8823529411764706,94.58823529411765,11.213590001968145
Unspottable,17,3.8823529411764706,97.81764705882352,11.213590001968145
Anomaly Warzone Earth,17,3.8823529411764706,88.87647058823529,11.213590001968145
Beat 'Em Up Collection (Qubyte Classics),17,3.8823529411764706,74.79411764705883,11.213590001968145
Happy Drummer,17,3.8823529411764706,88.7,11.213590001968145
Monaco 2,17,3.8823529411764706,93.76470588235294,11.213590001968145
Judge Dee - The City God Case,17,3.8823529411764706,78.97647058823529,11.213590001968145
Atyi,17,3.8823529411764706,108.5,11.213590001968145
Fruit Machine Mania,17,3.8823529411764706,80.08235294117648,11.213590001968145
Project 13,17,3.8823529411764706,90.95882352941176,11.213590001968145
Death Track: Resurrection,17,3.8823529411764706,79.75294117647059,11.213590001968145
Football Manager 26 Console,17,3.8823529411764706,104.31764705882354,11.213590001968145
Warriors Orochi 3,17,3.8823529411764706,104.5764705882353,11.213590001968145
Suikoden Iv,17,3.8823529411764706,113.90588235294118,11.213590001968145
Scandinavian Cottage Survival Simulator,17,3.8823529411764706,121.48235294117646,11.213590001968145
Streets Of Red - Devil'S Dare Deluxe,17,3.8823529411764706,86.01176470588236,11.213590001968145
Oddworld: Stranger'S Wrath Hd - Ps3,17,3.8823529411764706,90.7,11.213590001968145
Wonder Boy Asha In Monster World,17,3.8823529411764706,115.37647058823529,11.213590001968145
Redout 2,17,3.8823529411764706,105.41764705882353,11.213590001968145
Pack Double Disney Donald Duck Ps2,17,3.8823529411764706,102.5764705882353,11.213590001968145
"Injection Π23 'No Name, No Number' - Expansion Events",17,3.8823529411764706,116.32352941176471,11.213590001968145
Clutter'S Greatest Hits Collector’S Edition,17,3.8823529411764706,90.78823529411765,11.213590001968145
Y. Village - The Visitors,17,3.8823529411764706,99.15882352941176,11.213590001968145
Djmax Respect,17,3.8823529411764706,112.60588235294118,11.213590001968145
Sector Shooter,17,3.8823529411764706,81.73529411764706,11.213590001968145
Buzz! Junior: Singes En Délire,17,3.8823529411764706,105.80588235294118,11.213590001968145
Zuma,17,3.8823529411764706,93.37058823529412,11.213590001968145
Démo Solo De Patapon 3,17,3.8823529411764706,102.39411764705882,11.213590001968145
Stasis,17,3.8823529411764706,97.48823529411764,11.213590001968145
Drift Racing Madness 2,17,3.8823529411764706,85.57058823529412,11.213590001968145
In Stars And Time,21,3.4285714285714284,83.6,11.211072837587244
Precipice Of Darkness: Episode One,21,3.4285714285714284,94.52857142857144,11.211072837587244
Core Keeper,21,3.4285714285714284,109.81904761904761,11.211072837587244
Furious Bikers Ps4 & Ps5,27,3.037037037037037,109.62962962962963,11.188292654245029
Mortal Kombat,14,4.428571428571429,118.25714285714285,11.180730940197172
Farm Champions: Harvest Battle,14,4.428571428571429,111.20714285714287,11.180730940197172
A Virus Named Tom,14,4.428571428571429,97.96428571428571,11.180730940197172
Sweet Home Look And Find,14,4.428571428571429,122.10000000000001,11.180730940197172
Dreamcore,14,4.428571428571429,112.61428571428571,11.180730940197172
Magnitude: Sigma,14,4.428571428571429,73.45714285714287,11.180730940197172
Tv Show King,14,4.428571428571429,70.98571428571428,11.180730940197172
Big Adventure: Trip To Europe 4 Collector'S Edition,14,4.428571428571429,107.5,11.180730940197172
Is This Game Trying To Kill Me?,18,3.7222222222222223,94.62222222222222,11.178792491588151
Mr. Driller Ps4 & Ps5,18,3.7222222222222223,109.19999999999999,11.178792491588151
Anonymous,18,3.7222222222222223,114.44999999999999,11.178792491588151
Feed My Raptor 2,18,3.7222222222222223,89.67222222222222,11.178792491588151
Midnight Murder Club,18,3.7222222222222223,103.15555555555555,11.178792491588151
Ghoulie’S Garden,18,3.7222222222222223,90.47222222222223,11.178792491588151
Candivity,18,3.7222222222222223,124.60555555555555,11.178792491588151
Collection De Jeux 3En1 : Backgammon + Jeu De Dames + Jeu De Moulin,18,3.7222222222222223,92.08333333333333,11.178792491588151
Drag Racing Professionals: Dirt Mechanic Simulator,18,3.7222222222222223,120.55000000000001,11.178792491588151
Paleo Pines Ps4 & Ps5,18,3.7222222222222223,84.42222222222222,11.178792491588151
Anime Dance-Off – Ghost Party,18,3.7222222222222223,94.03333333333333,11.178792491588151
L'Entraineur 2006 [Psp],18,3.7222222222222223,111.8,11.178792491588151
Zombie Derby,18,3.7222222222222223,114.63888888888889,11.178792491588151
Warriors All-Stars,18,3.7222222222222223,118.1277777777778,11.178792491588151
Oddsparks - An Automation Adventure,18,3.7222222222222223,86.84444444444445,11.178792491588151
Mechanic Supermarket Simulator,18,3.7222222222222223,117.91666666666667,11.178792491588151
Donut Blast,18,3.7222222222222223,100.44999999999999,11.178792491588151
Learn To Play Vol. 6 - Labyrinth,18,3.7222222222222223,81.85555555555555,11.178792491588151
I'Ll Kill Her,18,3.7222222222222223,101.18888888888888,11.178792491588151
Oaken,20,3.5,90.24,11.17742362879735
Lethal Honor - Order Of The Apocalypse,20,3.5,95.62,11.17742362879735
The 7Th Guest,20,3.5,102.89500000000001,11.17742362879735
King Arthur: Legion Ix,20,3.5,111.31500000000001,11.17742362879735
On The Stairs,20,3.5,110.69000000000001,11.17742362879735
The Dark Pictures Anthology: House Of Ashes Ps4 & Ps5,15,4.2,92.56666666666666,11.173287509861872
Aery - Calm Mind,15,4.2,94.1,11.173287509861872
Chrysolite,15,4.2,87.25333333333333,11.173287509861872
Rogue Flight,15,4.2,115.25333333333333,11.173287509861872
Sbcg4Ap Episode 1: Homestar Ruiner,15,4.2,117.46000000000001,11.173287509861872
Truck Simulator Cargo Driver 2024 - Euro,15,4.2,97.20666666666666,11.173287509861872
Super Engine Gt Turbo Spec Ps4 & Ps5,15,4.2,104.21333333333334,11.173287509861872
The Secret Of Monkey Island: Edition Speciale,15,4.2,85.21333333333334,11.173287509861872
Somber Echoes,15,4.2,107.76666666666667,11.173287509861872
Q.U.B.E. 2 Ultimate Edition,15,4.2,108.85333333333332,11.173287509861872
Star Overdrive,15,4.2,130.80666666666667,11.173287509861872
Le Donjon De Naheulbeuk: L'Amulette Du Désordre - Chicken Edition,15,4.2,110.72666666666667,11.173287509861872
Dream Park Story,15,4.2,109.26666666666667,11.173287509861872
Infinite Minigolf,15,4.2,102.90666666666667,11.173287509861872
Grid Legends Ps4 Et Ps5,15,4.2,97.05333333333333,11.173287509861872
Mudrunner,15,4.2,96.99333333333333,11.173287509861872
Kitten'D,15,4.2,80.58,11.173287509861872
Acres,15,4.2,112.46666666666667,11.173287509861872
The Original Moorhuhn Hunt,22,3.3181818181818183,69.78181818181818,11.159296426272752
Crazy Goose Simulator,16,4.0,101.81875,11.154840968054552
House Of Golf 2,16,4.0,113.08125,11.154840968054552
Rush Hour Deluxe Edition – The Ultimate Traffic Jam Game!,16,4.0,101.48125,11.154840968054552
Micro Mages Ps4 & Ps5,16,4.0,102.83749999999999,11.154840968054552
Heavenly Bodies,16,4.0,126.03125,11.154840968054552
Eternal Evil,16,4.0,112.9125,11.154840968054552
Tiny Little Farm,16,4.0,98.99375,11.154840968054552
Turbo Overkill Ps4 & Ps5,16,4.0,124.1125,11.154840968054552
Needy Streamer Overload,16,4.0,108.0,11.154840968054552
Cat Ping Pong,16,4.0,102.35,11.154840968054552
Worms Rumble Ps4 & Ps5,16,4.0,124.99375,11.154840968054552
Ratopia,16,4.0,86.06875,11.154840968054552
Raiden Iv X Mikado Remix,16,4.0,82.8625,11.154840968054552
Resident Evil: The Umbrella Chronicles,16,4.0,82.93125,11.154840968054552
Overcooked! 2,16,4.0,99.4375,11.154840968054552
Taram Baba,16,4.0,104.90625,11.154840968054552
Baby Boomer 2: 35 Years Too Soon: Digital Deluxe Mega Chad Edition Ps4 & Ps5,16,4.0,95.75,11.154840968054552
Gex: Deep Cover Gecko,16,4.0,116.05,11.154840968054552
Love Too Easily,16,4.0,114.0125,11.154840968054552
Disney• Pixar Cars Quatre Roues,16,4.0,114.8875,11.154840968054552
Soft Body,16,4.0,99.0125,11.154840968054552
Wrc 8 Fia World Rally Championship,16,4.0,102.23125,11.154840968054552
Boom Jump,16,4.0,109.9,11.154840968054552
The Jumping Pumpkin,16,4.0,124.1,11.154840968054552
Spellagis Ps4 & Ps5,16,4.0,91.23125,11.154840968054552
Paradise Of Freedom,16,4.0,103.9,11.154840968054552
Vampire Survivors,16,4.0,99.91875,11.154840968054552
Neon Hell,16,4.0,85.5625,11.154840968054552
Motogp22 Ps4 & Ps5,19,3.5789473684210527,79.76315789473684,11.138663596203195
Superbeat: Xonic Ex,19,3.5789473684210527,121.82105263157894,11.138663596203195
Arranger: A Role-Puzzling Adventure,19,3.5789473684210527,119.3,11.138663596203195
Corridor Z,19,3.5789473684210527,97.13684210526316,11.138663596203195
Time Machine: Rogue Pilot,19,3.5789473684210527,101.81052631578947,11.138663596203195
Tokyo Psychodemic,19,3.5789473684210527,98.42105263157895,11.138663596203195
Animal Hospital,19,3.5789473684210527,94.38421052631578,11.138663596203195
Ice Cream Surfer [Cross-Buy],24,3.1666666666666665,109.22083333333335,11.130127899530688
Shieldwall,21,3.380952380952381,103.58095238095237,11.1290175954294
Dc Justice League : Chaos Cosmique,21,3.380952380952381,105.5952380952381,11.1290175954294
Fallen Legion: Rise To Glory,17,3.823529411764706,106.18823529411765,11.127746542363008
Bioshock,17,3.823529411764706,96.82941176470588,11.127746542363008
Lumines Arise,17,3.823529411764706,98.42941176470588,11.127746542363008
Beach Invasion 1945 - Pacific,17,3.823529411764706,90.64117647058822,11.127746542363008
The Jumping Wrap: Turbo,17,3.823529411764706,99.45882352941176,11.127746542363008
Potata,17,3.823529411764706,113.25294117647059,11.127746542363008
Farm For Your Life,17,3.823529411764706,107.31764705882352,11.127746542363008
Detective - The Motel,17,3.823529411764706,112.22941176470587,11.127746542363008
Subway Simulator 2025 - City Train,17,3.823529411764706,97.37647058823529,11.127746542363008
Bigfoot Hunting,17,3.823529411764706,76.04705882352941,11.127746542363008
Killzone2,17,3.823529411764706,119.26470588235294,11.127746542363008
Skyline Bowling,17,3.823529411764706,104.25882352941177,11.127746542363008
Golf Up Tropical,17,3.823529411764706,103.58235294117648,11.127746542363008
The King Of Fighters Xv Demo,17,3.823529411764706,105.9470588235294,11.127746542363008
Sparkle 2 Ps4 & Ps5,17,3.823529411764706,90.62352941176471,11.127746542363008
Let'S Build A Zoo,17,3.823529411764706,107.31764705882354,11.127746542363008
Space Scavenger Origins,17,3.823529411764706,90.82941176470588,11.127746542363008
Kao The Kangaroo,17,3.823529411764706,76.94117647058823,11.127746542363008
World Snooker Championship 2005,17,3.823529411764706,113.30588235294118,11.127746542363008
Robot Warzone Tactical Assault,17,3.823529411764706,79.15294117647058,11.127746542363008
Fueled Up,17,3.823529411764706,107.11176470588236,11.127746542363008
God Of War: Ghost Of Sparta,17,3.823529411764706,111.61176470588236,11.127746542363008
Section 13,17,3.823529411764706,87.58823529411765,11.127746542363008
Sokobalien,17,3.823529411764706,102.37647058823529,11.127746542363008
Hyperdimension Neptunia Rebirth3: V Generation,17,3.823529411764706,98.45294117647059,11.127746542363008
Berzerk: Recharged,23,3.217391304347826,103.89565217391304,11.105759274375487
Ultra Super Reflection Guide,23,3.217391304347826,101.1304347826087,11.105759274375487
Sol Dorado Heist,20,3.45,120.34,11.094399339111947
Freddy Farmer,20,3.45,103.17999999999999,11.094399339111947
Color Swiper 2 - Ps4 & Ps5,20,3.45,127.80499999999999,11.094399339111947
Turn To Mine,20,3.45,106.92999999999999,11.094399339111947
Home Run High,20,3.45,96.515,11.094399339111947
Atelier Meruru: The Apprentice Of Arland,18,3.6666666666666665,112.95555555555556,11.093865559193768
The Bridge Curse 2: The Extrication,18,3.6666666666666665,90.92222222222223,11.093865559193768
Lego Harry Potter Years 1-4,18,3.6666666666666665,97.31111111111112,11.093865559193768
Gravity Crash,18,3.6666666666666665,120.61666666666666,11.093865559193768
Pixicharm - Majestreats,18,3.6666666666666665,96.13888888888889,11.093865559193768
Alien Rush,18,3.6666666666666665,99.05000000000001,11.093865559193768
Metroland,18,3.6666666666666665,105.98333333333333,11.093865559193768
Crate Fang,18,3.6666666666666665,103.65555555555555,11.093865559193768
Ender Magnolia: Bloom In The Mist,18,3.6666666666666665,104.44999999999999,11.093865559193768
Rooftop Rascal: The Claus Cat,18,3.6666666666666665,99.52777777777777,11.093865559193768
3 On 3 Soccer,18,3.6666666666666665,91.1,11.093865559193768
Tales Of Arise Demo Version,18,3.6666666666666665,86.58888888888889,11.093865559193768
The Plucky Squire (Le Vaillant Petit Page),18,3.6666666666666665,81.72777777777777,11.093865559193768
Access Denied: Escape Ps4 & Ps5,18,3.6666666666666665,116.34444444444443,11.093865559193768
F1 24,18,3.6666666666666665,104.31666666666666,11.093865559193768
Minefield Combat,18,3.6666666666666665,82.25555555555555,11.093865559193768
Blues Of War,18,3.6666666666666665,100.36111111111111,11.093865559193768
Agent Fall Ps4 & Ps5,18,3.6666666666666665,113.44999999999999,11.093865559193768
Traffic Jams,14,4.357142857142857,114.04285714285713,11.092435306478375
The King'S Bird,14,4.357142857142857,116.6,11.092435306478375
Comet Crash 2 : Les Guerres Kronkoid,14,4.357142857142857,93.32857142857142,11.092435306478375
Buster'S Quest: Trials Of Hamsterdam,14,4.357142857142857,111.86428571428571,11.092435306478375
Front Mission 2: Remake,14,4.357142857142857,118.41428571428571,11.092435306478375
Platform 8,14,4.357142857142857,110.59285714285714,11.092435306478375
Bowling (Story Two) (Pammy Version) - Project: Summer Ice,14,4.357142857142857,89.54285714285713,11.092435306478375
Thrillville,14,4.357142857142857,122.92857142857143,11.092435306478375
Hajwala Drift X,14,4.357142857142857,112.10000000000001,11.092435306478375
Afterimage Ps4 & Ps5,14,4.357142857142857,97.89285714285714,11.092435306478375
Grit And Valor - 1949,14,4.357142857142857,111.52142857142857,11.092435306478375
Battle Puzzle 2048 - Space Girls,14,4.357142857142857,101.88571428571429,11.092435306478375
Glowface In Love - Ps4 & Ps5,14,4.357142857142857,99.92142857142858,11.092435306478375
Action Supercross,14,4.357142857142857,114.69285714285715,11.092435306478375
Animals Drop,15,4.133333333333334,97.81333333333333,11.085742015587408
Rhapsody: Marl Kingdom Chronicles,15,4.133333333333334,91.74666666666667,11.085742015587408
Crossbow: Bloodnight,15,4.133333333333334,94.28666666666666,11.085742015587408
Infamous 2,15,4.133333333333334,126.76666666666667,11.085742015587408
Monospaced Lovers,15,4.133333333333334,126.3,11.085742015587408
Unholy,15,4.133333333333334,97.88666666666667,11.085742015587408
Operation: Hostage Rescue,15,4.133333333333334,128.67333333333332,11.085742015587408
Thrill Penguin Ps4 & Ps5,15,4.133333333333334,99.03333333333333,11.085742015587408
Hotline Miami,15,4.133333333333334,93.26666666666667,11.085742015587408
Street Fighter Iv,15,4.133333333333334,107.57333333333332,11.085742015587408
Graveyard Keeper,15,4.133333333333334,78.42,11.085742015587408
Diggs Nightcrawler: Détective Privé Sur Wonderbook,15,4.133333333333334,94.72,11.085742015587408
Prinny 2,15,4.133333333333334,109.37333333333332,11.085742015587408
Teletext Chaser,15,4.133333333333334,110.47333333333333,11.085742015587408
Comet Crash,15,4.133333333333334,112.18666666666667,11.085742015587408
Freddi Fish Collection,15,4.133333333333334,74.1,11.085742015587408
River City Girls,15,4.133333333333334,116.29333333333334,11.085742015587408
Run Tekila Run!,15,4.133333333333334,116.92,11.085742015587408
Riven (Ps1),15,4.133333333333334,103.39333333333335,11.085742015587408
The Legend Of Heroes: Trails Of Cold Steel Iv,15,4.133333333333334,96.74,11.085742015587408
Honey Farm Simulator,15,4.133333333333334,88.39333333333335,11.085742015587408
Donald Couak Attack ?*!,15,4.133333333333334,99.50666666666666,11.085742015587408
Nikoderiko: The Magical World - Director'S Cut,15,4.133333333333334,116.33999999999999,11.085742015587408
Blue Prince,15,4.133333333333334,113.27333333333333,11.085742015587408
Retronika,15,4.133333333333334,102.3,11.085742015587408
Orange Season,15,4.133333333333334,102.73333333333333,11.085742015587408
Weed Drug Empire,15,4.133333333333334,101.22,11.085742015587408
Super Bomberman R 2 Ps4 & Ps5,15,4.133333333333334,91.69333333333334,11.085742015587408
Darkness Rollercoaster - Ultimate Shooter Edition,13,4.615384615384615,109.16153846153846,11.08521989848524
Assassin'S Creed Revelations,13,4.615384615384615,100.62307692307692,11.08521989848524
Legend Of Kay - Full Game,13,4.615384615384615,86.70769230769231,11.08521989848524
Prinny: Can I Really Be The Hero? [Psp],13,4.615384615384615,109.55384615384615,11.08521989848524
"Hé ! Vous Les Vouliez « Ces Jeux », Hein ? Eh Bien, Les Voilà ! À Vous De Jouer Maintenant !",13,4.615384615384615,92.34615384615384,11.08521989848524
Bendy: Lone Wolf - Ps4 & Ps5,22,3.272727272727273,112.54545454545455,11.078213597484924
Detective - Scene Crime,22,3.272727272727273,112.7909090909091,11.078213597484924
Leif'S Adventure: Netherworld Hero,16,3.9375,111.8875,11.068119491433535
Bande Originale De La Série Dark Cloud,16,3.9375,92.05624999999999,11.068119491433535
Shred! Remastered,16,3.9375,132.23125,11.068119491433535
Kayak Vr: Mirage,16,3.9375,121.13125,11.068119491433535
Gravitar: Recharged,16,3.9375,113.10000000000001,11.068119491433535
Hitman Contracts Hd,16,3.9375,120.40625,11.068119491433535
Men'S Room Mayhem,16,3.9375,123.41875,11.068119491433535
Ixion,16,3.9375,89.35000000000001,11.068119491433535
Human Fall Flat Vr,16,3.9375,114.56875,11.068119491433535
Roll Ball,16,3.9375,127.6,11.068119491433535
The Crew Motorfest : Bundle Cross-Gen,16,3.9375,81.59375,11.068119491433535
The Cricket C,16,3.9375,106.00625,11.068119491433535
Infection Inspection,16,3.9375,125.61875,11.068119491433535
Arcade Archives 2 Battlantis,16,3.9375,113.31875,11.068119491433535
Strike Solitaire 2,16,3.9375,117.01875,11.068119491433535
Aqua Kitty Dx Soundtrack,16,3.9375,111.8,11.068119491433535
Gigantic: Rampage Edition,16,3.9375,70.075,11.068119491433535
Soul Hackers 2 Ps4 & Ps5,16,3.9375,107.83125,11.068119491433535
Wonder Boy: The Dragon'S Trap,16,3.9375,122.26875,11.068119491433535
The Hand Of Merlin,16,3.9375,111.2375,11.068119491433535
Runefall 2 Collector'S Edition,16,3.9375,111.49375,11.068119491433535
Tennis World Tour 2 - Complete Edition,16,3.9375,80.3875,11.068119491433535
Bad Cheese,16,3.9375,110.625,11.068119491433535
Odd Color Out,16,3.9375,99.2625,11.068119491433535
Les Royaumes D'Amalur : Reckoning,16,3.9375,126.08125,11.068119491433535
Skull Pirates: Adventures,19,3.526315789473684,90.10526315789474,11.054679567962545
The Backrooms: Survival,19,3.526315789473684,96.54736842105262,11.054679567962545
Trinity Fusion,19,3.526315789473684,98.62105263157895,11.054679567962545
Sniper Elite: Resistance Ps4 & Ps5,19,3.526315789473684,86.97368421052632,11.054679567962545
Extinction Rifts,19,3.526315789473684,112.20526315789475,11.054679567962545
Raccoo Venture,21,3.3333333333333335,111.92380952380952,11.046962353271557
Bob L'Éponge: Patrick L'Étoile De Mer - Le Jeu,21,3.3333333333333335,113.81428571428572,11.046962353271557
Sonic & All-Stars Racing Transformed,17,3.764705882352941,104.9235294117647,11.04190308275787
Chivalry 2 Ps4 & Ps5,17,3.764705882352941,88.75882352941177,11.04190308275787
Stay Still,17,3.764705882352941,109.46470588235294,11.04190308275787
Knight Solitaire,17,3.764705882352941,105.5529411764706,11.04190308275787
Saga Of Sins,17,3.764705882352941,93.46470588235294,11.04190308275787
Dreamland Solitaire: Dark Prophecy,17,3.764705882352941,88.68235294117646,11.04190308275787
Gloomy Eyes,17,3.764705882352941,120.4235294117647,11.04190308275787
"The Walking Dead: Michonne - Ep. 1, In Too Deep",17,3.764705882352941,109.46470588235294,11.04190308275787
Felix The Cat Ps4 & Ps5,17,3.764705882352941,121.07058823529414,11.04190308275787
Papo & Yo Bande Sonore Originale,17,3.764705882352941,87.45882352941176,11.04190308275787
Astérix & Obélix Xxl3: Le Menhir De Cristal,17,3.764705882352941,91.02941176470588,11.04190308275787
Railroads Online,17,3.764705882352941,92.95882352941176,11.04190308275787
Backpack Hero,17,3.764705882352941,100.1470588235294,11.04190308275787
Atone: Heart Of The Elder Tree,17,3.764705882352941,108.33529411764707,11.04190308275787
Cloudpunk,17,3.764705882352941,116.50588235294117,11.04190308275787
Spacebase Startopia - Ps4 & Ps5,17,3.764705882352941,95.65294117647058,11.04190308275787
Pixicharm - Jack-O-Fall,17,3.764705882352941,111.76470588235294,11.04190308275787
Working Hard Collection Ps4 & Ps5,17,3.764705882352941,72.31176470588235,11.04190308275787
Les Aventures En 2D De Poulpe Rotatif,17,3.764705882352941,122.40588235294118,11.04190308275787
Super Punch,17,3.764705882352941,77.47647058823529,11.04190308275787
Transformers : La Guerre Pour Cybertron,17,3.764705882352941,99.32941176470588,11.04190308275787
Démo Uncharted 2: Among Thieves,17,3.764705882352941,96.67058823529412,11.04190308275787
Kunitsu-Gami: Path Of The Goddess Ps4 & Ps5,17,3.764705882352941,86.61176470588236,11.04190308275787
Pets & Stuff,17,3.764705882352941,98.71764705882353,11.04190308275787
A Fisherman’S Tale,17,3.764705882352941,116.57058823529412,11.04190308275787
The Legend Of Heroes: Trails Of Cold Steel Iii,20,3.4,93.59,11.01137504942654
Aurora’S Journey And The Pitiful Lackey,20,3.4,115.11500000000001,11.01137504942654
Cazzarion: Jumping Tiger,20,3.4,95.12,11.01137504942654
Greed Corp,20,3.4,117.045,11.01137504942654
Phasmophobia,20,3.4,91.515,11.01137504942654
Resident Evil Director’S Cut,18,3.611111111111111,100.53888888888889,11.008938626799385
Dead Or Alive 5,18,3.611111111111111,71.67222222222222,11.008938626799385
Nihilumbra,18,3.611111111111111,99.94444444444444,11.008938626799385
Thumper,18,3.611111111111111,106.4388888888889,11.008938626799385
Speedway Bundle Stock & Truck,18,3.611111111111111,116.54444444444445,11.008938626799385
Mlb The Show 23 Sur Ps5,18,3.611111111111111,119.14999999999999,11.008938626799385
Tomb Raider: Underworld,18,3.611111111111111,103.23333333333333,11.008938626799385
Quiz Thiz Germany: Bronze Edition,18,3.611111111111111,101.43333333333334,11.008938626799385
Saint Patricks Day Break 2,18,3.611111111111111,117.03333333333333,11.008938626799385
Griffin Ps4 & Ps5,18,3.611111111111111,78.08888888888889,11.008938626799385
Démo Ridge Racer 7,18,3.611111111111111,70.35,11.008938626799385
Legend Of Keepers: Career Of A Dungeon Manager,18,3.611111111111111,102.58333333333333,11.008938626799385
God Of War Ii Hd,18,3.611111111111111,101.19999999999999,11.008938626799385
Moons Of Darsalon,18,3.611111111111111,84.20555555555556,11.008938626799385
The Renovator: Origins,18,3.611111111111111,79.26111111111112,11.008938626799385
Shovel Knight Dig,18,3.611111111111111,104.59444444444445,11.008938626799385
Brick Buster,14,4.285714285714286,130.57857142857142,11.004139672759582
Neo Contra,14,4.285714285714286,100.82142857142857,11.004139672759582
God Of War: Chains Of Olympus,14,4.285714285714286,98.76428571428572,11.004139672759582
Crowns And Pawns: Kingdom Of Deceit,14,4.285714285714286,91.05,11.004139672759582
Mortar,14,4.285714285714286,104.72142857142856,11.004139672759582
Gradius Origins,14,4.285714285714286,107.51428571428572,11.004139672759582
Skullgirls Encore,14,4.285714285714286,118.06428571428572,11.004139672759582
The Elder Scrolls V: Skyrim Special Edition - Ps5 & Ps4,14,4.285714285714286,112.66428571428571,11.004139672759582
Critical Strike Shooter Vr: Swat Rescue Missions,14,4.285714285714286,97.09285714285714,11.004139672759582
Nickelodeon Kart Racers 2: Grand Prix,14,4.285714285714286,78.13571428571429,11.004139672759582
Squad Killer,14,4.285714285714286,82.87857142857142,11.004139672759582
N Verlore Verstand,14,4.285714285714286,104.64999999999999,11.004139672759582
Shaolin Vs Wutang 2,14,4.285714285714286,86.84285714285714,11.004139672759582
The Outer Worlds: Spacer’S Choice Edition,15,4.066666666666666,108.72,10.998196521312943
Kingdom Come: Deliverance Ii,15,4.066666666666666,134.13333333333333,10.998196521312943
Car Parking - Garage Simulator,15,4.066666666666666,90.53333333333333,10.998196521312943
Aliens Revenge,15,4.066666666666666,123.76666666666667,10.998196521312943
Démo Super Stardust Hd,15,4.066666666666666,108.91333333333334,10.998196521312943
Emily Wants To Play,15,4.066666666666666,75.51333333333334,10.998196521312943
Smt: Digital Devil Saga,15,4.066666666666666,119.43333333333334,10.998196521312943
Ship Simulator Ocean Fishing,15,4.066666666666666,95.38000000000001,10.998196521312943
Cold Iron,15,4.066666666666666,97.61333333333333,10.998196521312943
Psychedelica Of The Ashen Hawk,15,4.066666666666666,108.82666666666667,10.998196521312943
Path To Purge,15,4.066666666666666,112.44,10.998196521312943
The Jumping Bonbon Match 4 - Ps4 & Ps5,15,4.066666666666666,114.37333333333332,10.998196521312943
Little Mouse'S Encyclopedia,15,4.066666666666666,122.61999999999999,10.998196521312943
Doom 3,15,4.066666666666666,83.79333333333334,10.998196521312943
Guess The Door,15,4.066666666666666,109.92,10.998196521312943
Inertial Drift,15,4.066666666666666,90.36,10.998196521312943
Pixicharm - Kunai Zone,15,4.066666666666666,97.61999999999999,10.998196521312943
Sword Of The Necromancer,15,4.066666666666666,119.75333333333333,10.998196521312943
The Witcher 3: Wild Hunt – Complete Edition,15,4.066666666666666,115.91333333333334,10.998196521312943
Resident Evil Code Veronica X,15,4.066666666666666,110.90666666666667,10.998196521312943
Super Monkey Ball Banana Splitz,15,4.066666666666666,96.76,10.998196521312943
Novel Rogue,13,4.538461538461538,127.10769230769232,10.996273688699128
Go Fight Fantastic!,13,4.538461538461538,106.51538461538462,10.996273688699128
Freedom Wars,13,4.538461538461538,101.5,10.996273688699128
The Jumping Lasagne: Turbo,13,4.538461538461538,78.53846153846153,10.996273688699128
A-Men 1+2 Bundle Pack,13,4.538461538461538,80.77692307692307,10.996273688699128
Star Ocean The Divine Force,13,4.538461538461538,111.48461538461538,10.996273688699128
Radio Free Europa,13,4.538461538461538,77.6923076923077,10.996273688699128
Earthion,16,3.875,80.69375,10.981398014812518
Melbits World,16,3.875,95.69375,10.981398014812518
Canada Break,16,3.875,88.0125,10.981398014812518
Le Testament De Sherlock Holmes,16,3.875,108.6,10.981398014812518
Espresso Tycoon,16,3.875,106.7,10.981398014812518
The Guided Fate Paradox Full Game,16,3.875,113.1625,10.981398014812518
Agarest: Generations Of War 2 Soundtrack,16,3.875,86.64375,10.981398014812518
Stories In Glass: Winter,16,3.875,88.2625,10.981398014812518
Save The Doge,16,3.875,107.0875,10.981398014812518
Shred It!,16,3.875,107.68125,10.981398014812518
Risen 3:Titan Lords,16,3.875,129.01875,10.981398014812518
Midnight Club,16,3.875,107.45625,10.981398014812518
Hell Let Loose,16,3.875,140.31875,10.981398014812518
Sonic Wings Reunion,16,3.875,95.375,10.981398014812518
Glint'S Trial,16,3.875,114.6,10.981398014812518
Gungrave Overdose,16,3.875,67.6,10.981398014812518
Hoodie Survivor,16,3.875,81.14375,10.981398014812518
Atomic Heart (Ps4 & Ps5),16,3.875,84.0875,10.981398014812518
Project Zero : La Prêtresse Des Eaux Noires Ps4 & Ps5,16,3.875,128.825,10.981398014812518
Wildermyth : Édition Console,16,3.875,106.2,10.981398014812518
Super Mining Mechs Ps4 & Ps5,16,3.875,115.29375,10.981398014812518
Paladin'S Passage,16,3.875,99.20625,10.981398014812518
Enigmatis 2: The Mists Of Ravenwood,16,3.875,116.28125,10.981398014812518
Death Track: Resurrection + Anarchy: Rush Hour Bundle,16,3.875,110.06875000000001,10.981398014812518
Mise À Niveau Final Fantasy Vii Remake Pour Possesseurs De La Version Ps4,16,3.875,98.86875,10.981398014812518
Ellphaser,16,3.875,117.775,10.981398014812518
Death Noodle Delivery,16,3.875,90.39375,10.981398014812518
Binary Domain,16,3.875,105.5875,10.981398014812518
Chess Ultra,16,3.875,102.89375,10.981398014812518
Zerion 12,16,3.875,84.1875,10.981398014812518
Wuchang: Fallen Feathers,16,3.875,114.4,10.981398014812518
Namco Generations Bundle,24,3.0833333333333335,111.79166666666667,10.971836524793078
Hello Kitty Island Adventure,19,3.473684210526316,90.19473684210527,10.970695539721891
Amazing Weekend: Search And Relax Collector’S Edition,19,3.473684210526316,109.88947368421053,10.970695539721891
Extreme Offroad Racing Vr,17,3.7058823529411766,90.2764705882353,10.956059623152733
How To Survive - Mise À Jour Vers Le Jeu Complet,17,3.7058823529411766,105.22941176470589,10.956059623152733
Awaken - Astral Blade,17,3.7058823529411766,103.93529411764706,10.956059623152733
Shoot 1Up Dx,17,3.7058823529411766,127.0529411764706,10.956059623152733
Marvel Pinball Demo,17,3.7058823529411766,113.19411764705882,10.956059623152733
Call Of The Sea,17,3.7058823529411766,100.8,10.956059623152733
Frogger Returns,17,3.7058823529411766,83.92941176470588,10.956059623152733
Full Void Ps4 & Ps5,17,3.7058823529411766,118.94117647058823,10.956059623152733
Mini Wheels Racers - Turbo Toy Playground,17,3.7058823529411766,100.57058823529412,10.956059623152733
Resistance 2,17,3.7058823529411766,115.86470588235295,10.956059623152733
Quiz Thiz Spain: Bronze Edition,17,3.7058823529411766,114.1470588235294,10.956059623152733
Kids Learn,17,3.7058823529411766,103.48823529411764,10.956059623152733
Reflex Master: Sight,17,3.7058823529411766,109.96470588235294,10.956059623152733
Dave The Diver,17,3.7058823529411766,93.02352941176471,10.956059623152733
Darkest Dungeon Ii Ps4 & Ps5,17,3.7058823529411766,114.79411764705883,10.956059623152733
Rewind Or Die,20,3.35,119.87,10.928350759741138
Dirt Racing Bundle Off Road & Wildtrax,20,3.35,89.44500000000001,10.928350759741138
Motogp15,20,3.35,99.685,10.928350759741138
Suikoden I&Ii Hd Remaster Gate Rune And Dunan Unification Wars Ps4 & Ps5,18,3.5555555555555554,111.61666666666666,10.924011694405003
Elasto Mania Remastered,18,3.5555555555555554,92.05555555555556,10.924011694405003
Hidden Bunny,18,3.5555555555555554,91.21666666666667,10.924011694405003
Germinator,18,3.5555555555555554,101.49444444444445,10.924011694405003
Super Stardust Delta,18,3.5555555555555554,101.79444444444444,10.924011694405003
Bubble Ghost Remake,18,3.5555555555555554,102.5,10.924011694405003
Metro Quester | Osaka,18,3.5555555555555554,90.5611111111111,10.924011694405003
Lethal Cosmic Hunt,18,3.5555555555555554,94.98333333333333,10.924011694405003
Grass Cutting Simulator: Lawn Mowing Care,18,3.5555555555555554,88.14444444444445,10.924011694405003
"Island Survival: Craft, Build, Grow",14,4.214285714285714,122.92142857142858,10.915844039040786
Ricochet Hd,14,4.214285714285714,98.47142857142856,10.915844039040786
Sniper Elite Vr,14,4.214285714285714,101.75714285714285,10.915844039040786
Snowboard Legends,14,4.214285714285714,114.80714285714285,10.915844039040786
A Space For The Unbound,14,4.214285714285714,117.26428571428572,10.915844039040786
Compound,14,4.214285714285714,89.20714285714284,10.915844039040786
"Lights, Camera, Party! - Trial Version",14,4.214285714285714,113.15714285714286,10.915844039040786
Ball Blast,14,4.214285714285714,104.45714285714287,10.915844039040786
League Of War: Vr Arena,14,4.214285714285714,127.46428571428571,10.915844039040786
Shuttle Commander,14,4.214285714285714,113.68571428571428,10.915844039040786
Crazy Bus,14,4.214285714285714,97.78571428571429,10.915844039040786
Valkyrie Elysium Ps4&Ps5,14,4.214285714285714,85.64285714285714,10.915844039040786
Les Chevaliers De Baphomet - L'Ombre Des Templiers,14,4.214285714285714,96.41428571428571,10.915844039040786
Unexplored Unlocked Edition,14,4.214285714285714,112.00714285714287,10.915844039040786
Sonic X Shadow Generations Ps4 & Ps5,14,4.214285714285714,114.62857142857142,10.915844039040786
On Sunday 2,14,4.214285714285714,133.15714285714287,10.915844039040786
Teenage Mutant Ninja Turtles: The Cowabunga Collection Ps4 & Ps5,14,4.214285714285714,66.79285714285714,10.915844039040786
Clem,14,4.214285714285714,117.67142857142858,10.915844039040786
The Squash P,14,4.214285714285714,106.02857142857144,10.915844039040786
The Flying Ship,14,4.214285714285714,65.37142857142858,10.915844039040786
Contrast,14,4.214285714285714,76.82857142857142,10.915844039040786
Infini,14,4.214285714285714,97.99285714285715,10.915844039040786
Pocky & Rocky Reshrined,15,4.0,109.08,10.91065102703848
Only Up 2025,15,4.0,106.56666666666666,10.91065102703848
Truck Simulator 2025: City Work Delivery,15,4.0,105.08666666666666,10.91065102703848
Long Yard Run,15,4.0,85.08666666666666,10.91065102703848
Nail’D,15,4.0,103.64666666666668,10.91065102703848
Kamitsubaki City Regenerate,15,4.0,78.91333333333334,10.91065102703848
Legends Aligned,15,4.0,76.07333333333332,10.91065102703848
Antigraviator,15,4.0,92.5,10.91065102703848
PlaystationVita Pets,15,4.0,123.42666666666668,10.91065102703848
Grief Like A Stray Dog,15,4.0,104.7,10.91065102703848
Unplugged - Air Guitar,15,4.0,89.30666666666667,10.91065102703848
Rev Grav,15,4.0,101.96666666666667,10.91065102703848
Pureya - Ps4 & Ps5,15,4.0,99.2,10.91065102703848
Ww2: Bunker Simulator,15,4.0,104.15333333333334,10.91065102703848
Aca Neogeo Alpha Mission Ii,15,4.0,88.91333333333334,10.91065102703848
Fairy Tail 2 (Ps4 & Ps5),15,4.0,120.86666666666666,10.91065102703848
Les Schtroumpfs - L'Épopée Des Rêves Ps4 & Ps5,15,4.0,79.86,10.91065102703848
Fernz Gate,15,4.0,122.18666666666667,10.91065102703848
Mount & Blade Ii: Bannerlord,15,4.0,82.58666666666666,10.91065102703848
Deathbound,15,4.0,94.14666666666668,10.91065102703848
Beanball,15,4.0,95.16,10.91065102703848
Space Mines,15,4.0,135.37333333333333,10.91065102703848
Dynasty Warriors 7 Empires,15,4.0,106.83333333333333,10.91065102703848
Pinball Heroes,15,4.0,109.72666666666667,10.91065102703848
Ferrari Challenge Deluxe,15,4.0,108.18666666666667,10.91065102703848
Golf Club Nostalgia,15,4.0,99.01333333333334,10.91065102703848
Touhou: New World Ps4 & Ps5,15,4.0,107.82666666666667,10.91065102703848
Five Nights At Freddy'S: Secret Of The Mimic,13,4.461538461538462,117.5076923076923,10.907327478913016
Lucky Drop,13,4.461538461538462,122.80000000000001,10.907327478913016
Space Defend,13,4.461538461538462,108.91538461538462,10.907327478913016
Fishing Sim World: Pro Tour,13,4.461538461538462,115.33076923076922,10.907327478913016
Immortal Legacy: The Jade Cipher Console Edition,13,4.461538461538462,76.73846153846154,10.907327478913016
Zoo Leap,13,4.461538461538462,85.4076923076923,10.907327478913016
The Forest Quartet,13,4.461538461538462,102.57692307692308,10.907327478913016
Zero The Kamikaze Squirrel Ps4 & Ps5,13,4.461538461538462,99.72307692307693,10.907327478913016
Circle,13,4.461538461538462,80.75384615384615,10.907327478913016
Ravva And The Cyclops Curse,13,4.461538461538462,89.60769230769232,10.907327478913016
Démo Pixeljunk Shooter 2,16,3.8125,79.59375,10.8946765381915
Pocket Academy,16,3.8125,89.3,10.8946765381915
Romancing Saga 2: Revenge Of The Seven - Ps4&Ps5,16,3.8125,104.6875,10.8946765381915
Howl,16,3.8125,121.2125,10.8946765381915
Anime Dance-Off – Party Total,16,3.8125,91.71875,10.8946765381915
Memory Holder: Winds Of Freedom,16,3.8125,96.74375,10.8946765381915
Gore Doctor,16,3.8125,110.1625,10.8946765381915
Chrome Wolf,16,3.8125,89.01875,10.8946765381915
The First Valentine,16,3.8125,147.15625,10.8946765381915
Pickle Fun,16,3.8125,98.925,10.8946765381915
Under Defeat Ps4 & Ps5,16,3.8125,118.1125,10.8946765381915
The Curious Tale Of The Stolen Pets,16,3.8125,121.125,10.8946765381915
Cat From Hell,16,3.8125,120.64375,10.8946765381915
Into The Restless Ruins,16,3.8125,103.66875,10.8946765381915
Move Or Die,16,3.8125,105.4625,10.8946765381915
Miniwood Vr,16,3.8125,88.01875,10.8946765381915
Pac-Man Mega Tunnel Battle: Chomp Champs Ps4 & Ps5,16,3.8125,113.74374999999999,10.8946765381915
Gump Jump,16,3.8125,81.9625,10.8946765381915
Stranded: Alien Dawn,16,3.8125,127.175,10.8946765381915
The Devil Is In The Details,16,3.8125,115.65,10.8946765381915
Glowface In Love 2 - Ps4 & Ps5,16,3.8125,98.08125,10.8946765381915
Table Top Racing,16,3.8125,111.0625,10.8946765381915
Clutter 12: It'S About Time Collector'S Edition,16,3.8125,113.825,10.8946765381915
Formula Challenge,16,3.8125,102.4125,10.8946765381915
2Md: Vr Football Head 2 Head Edition,19,3.4210526315789473,119.08421052631579,10.886711511481241
Lara Croft And The Guardian Of Light,19,3.4210526315789473,102.78947368421052,10.886711511481241
Gravity Crash Unlock Key,19,3.4210526315789473,103.20526315789475,10.886711511481241
Pixicharm - Meowbolt,19,3.4210526315789473,81.61052631578947,10.886711511481241
Stunt Flyer,19,3.4210526315789473,93.80526315789473,10.886711511481241
Prince Of Persia: Les Sables Du Temps,17,3.6470588235294117,118.36470588235295,10.870216163547594
We Sing,17,3.6470588235294117,106.2764705882353,10.870216163547594
Pixicharm - Starry Blast,17,3.6470588235294117,126.73529411764706,10.870216163547594
Elex Ii Ps4 & Ps5,17,3.6470588235294117,119.38235294117646,10.870216163547594
Burger Bounce,17,3.6470588235294117,104.18823529411765,10.870216163547594
Stunt Kite Masters Vr,17,3.6470588235294117,101.7235294117647,10.870216163547594
Cookie Cutter,17,3.6470588235294117,83.91764705882352,10.870216163547594
Urban Myth Dissolution Center,17,3.6470588235294117,129.62941176470588,10.870216163547594
Sushi Blast,17,3.6470588235294117,98.16470588235293,10.870216163547594
Christmas Race,17,3.6470588235294117,81.35882352941177,10.870216163547594
Démo Wipeout Pulse,17,3.6470588235294117,101.01176470588236,10.870216163547594
Clash Of Weirdos - Card Carnage,17,3.6470588235294117,111.36470588235295,10.870216163547594
Strike Team Gladius,17,3.6470588235294117,95.97647058823529,10.870216163547594
Amidadamida,17,3.6470588235294117,122.69411764705883,10.870216163547594
Sam & Max Bts: Episode 1 - Le Père Noël Est Une Enflure,17,3.6470588235294117,124.75882352941177,10.870216163547594
Brut@L,17,3.6470588235294117,130.9764705882353,10.870216163547594
Aca Neogeo The King Of Fighters '99,17,3.6470588235294117,102.37647058823529,10.870216163547594
Fly Corp,17,3.6470588235294117,123.44117647058823,10.870216163547594
Dunk Trickster,20,3.3,103.875,10.845326470055731
Hyperdimension Neptunia: Producing Perfection,20,3.3,107.34,10.845326470055731
Honeyland,20,3.3,100.485,10.845326470055731
Shave & Stuff,20,3.3,100.61,10.845326470055731
Grizzland,18,3.5,123.69999999999999,10.83908476201062
Mr. Run And Jump,18,3.5,108.24444444444445,10.83908476201062
Transport Fever 2: Console Edition,18,3.5,119.97222222222223,10.83908476201062
Non-Game Avatars (Psn),18,3.5,99.1,10.83908476201062
Naruto Shippuden: Ultimate Ninja Storm 2,18,3.5,69.94999999999999,10.83908476201062
Mind Loop,18,3.5,112.32777777777777,10.83908476201062
Whisker Squadron: Survivor,18,3.5,117.35555555555555,10.83908476201062
Survive Undead Rush,18,3.5,92.28888888888889,10.83908476201062
Bioweaver,18,3.5,79.07777777777778,10.83908476201062
Gta Episodes From Liberty City,18,3.5,119.88888888888889,10.83908476201062
Assassin'S Creed Rogue,14,4.142857142857143,77.71428571428571,10.827548405321993
Bienvenue Chez Les Robinson,14,4.142857142857143,106.53571428571429,10.827548405321993
Mickey'S Wild Adventure,14,4.142857142857143,83.70714285714287,10.827548405321993
Kinduo 2 - Frostbite Ps4 & Ps5,14,4.142857142857143,108.58571428571429,10.827548405321993
Démo Modnation Racers: Road Trip,14,4.142857142857143,89.74285714285715,10.827548405321993
Pocket Harvest,14,4.142857142857143,114.78571428571429,10.827548405321993
Demon'S Souls,14,4.142857142857143,82.27142857142857,10.827548405321993
The Ninja Saviors: Return Of The Warriors,14,4.142857142857143,111.22142857142856,10.827548405321993
Truck Racer,14,4.142857142857143,118.65714285714286,10.827548405321993
The Echo,14,4.142857142857143,103.58571428571429,10.827548405321993
Block Path,14,4.142857142857143,100.56428571428572,10.827548405321993
Bridge Constructor Studio,14,4.142857142857143,102.8,10.827548405321993
Endzone - A World Apart,14,4.142857142857143,118.61428571428571,10.827548405321993
A Rose In The Twilight,14,4.142857142857143,99.78571428571429,10.827548405321993
Real Farm – Bande Originale,14,4.142857142857143,94.70714285714287,10.827548405321993
Escape Academy,14,4.142857142857143,93.89285714285714,10.827548405321993
Underwater Submarine Rush,14,4.142857142857143,113.00714285714285,10.827548405321993
Fit And Fry: Organized Chef,14,4.142857142857143,115.36428571428573,10.827548405321993
Atelier Ayesha Plus ~The Alchemist Of Dusk~,14,4.142857142857143,81.1,10.827548405321993
The Jumping Churros,14,4.142857142857143,102.39285714285714,10.827548405321993
Bee Flowers: Save The Garden,14,4.142857142857143,93.02142857142857,10.827548405321993
Witch'S Pranks: Frog'S Fortune - Collectors Edition,14,4.142857142857143,128.92142857142858,10.827548405321993
Fill The Cup,14,4.142857142857143,112.06428571428572,10.827548405321993
Baby Steps,14,4.142857142857143,95.97857142857143,10.827548405321993
Robot War Mars Invasion,14,4.142857142857143,95.24285714285715,10.827548405321993
Naiad,14,4.142857142857143,131.72142857142856,10.827548405321993
Girlfriend From Hell,14,4.142857142857143,114.40714285714286,10.827548405321993
Psycho-Pass: Mandatory Happiness,14,4.142857142857143,86.78571428571429,10.827548405321993
Dirt Racing Bundle Rally & Truck,14,4.142857142857143,106.12142857142858,10.827548405321993
Dynasty Warriors: Gundam 3 Downloadable Content,15,3.933333333333333,115.1,10.823105532764012
Puyo Puyo Tetris,15,3.933333333333333,90.47333333333333,10.823105532764012
Catastronauts,15,3.933333333333333,114.00666666666667,10.823105532764012
Gelly Break Deluxe,15,3.933333333333333,85.46000000000001,10.823105532764012
Sir Eatsalot,15,3.933333333333333,112.84666666666666,10.823105532764012
Higgs Boson: Puzzle Collection,15,3.933333333333333,122.09333333333332,10.823105532764012
Surface Rush,15,3.933333333333333,101.03333333333333,10.823105532764012
Parcel Corps,15,3.933333333333333,120.97333333333333,10.823105532764012
Konrad'S Kittens,15,3.933333333333333,82.06666666666666,10.823105532764012
Christmas Gift Catcher - Ps4 & Ps5,15,3.933333333333333,85.23333333333333,10.823105532764012
PlaystationMove Heroes,15,3.933333333333333,103.02,10.823105532764012
9 Years Of Shadows,15,3.933333333333333,78.22666666666667,10.823105532764012
Reverie,15,3.933333333333333,91.18,10.823105532764012
Disgaea 4,15,3.933333333333333,109.02,10.823105532764012
Sky Oceans: Wings For Hire,15,3.933333333333333,92.64666666666668,10.823105532764012
Aery - Cyber City,15,3.933333333333333,102.61999999999999,10.823105532764012
Call Of Duty Classic,15,3.933333333333333,110.97333333333334,10.823105532764012
Tiny Trax,15,3.933333333333333,98.25333333333333,10.823105532764012
Sayonara Umiharakawase +,15,3.933333333333333,112.12666666666668,10.823105532764012
Red Cape Knight,15,3.933333333333333,57.08666666666667,10.823105532764012
Space Kabaam: Neon Ii,15,3.933333333333333,106.9,10.823105532764012
Kingdoms And Castles,15,3.933333333333333,112.66000000000001,10.823105532764012
Ninja Gaiden 4,15,3.933333333333333,94.82,10.823105532764012
Throw Your Phone,15,3.933333333333333,134.64666666666668,10.823105532764012
Necro Story,15,3.933333333333333,110.21333333333334,10.823105532764012
Cats Clean Ocean,15,3.933333333333333,108.79333333333334,10.823105532764012
Hyper Shapes,15,3.933333333333333,114.24666666666667,10.823105532764012
Hyper Sentinel,15,3.933333333333333,94.03333333333333,10.823105532764012
Arenas Of Tanks Ps4 & Ps5,15,3.933333333333333,115.96000000000001,10.823105532764012
Spellcaster University,15,3.933333333333333,99.0,10.823105532764012
The Jackbox Party Pack 6,15,3.933333333333333,101.82666666666667,10.823105532764012
Classic Checkers,15,3.933333333333333,100.46666666666667,10.823105532764012
Remember Saint Patrick,15,3.933333333333333,76.76,10.823105532764012
Stuntman Ignition,15,3.933333333333333,137.42666666666668,10.823105532764012
Mandragora: Whispers Of The Witch Tree,15,3.933333333333333,103.95333333333333,10.823105532764012
Metaphor: Refantazio Ps4 Et Ps5,13,4.384615384615385,81.36153846153846,10.818381269126906
Contraband Patrol Simulator,13,4.384615384615385,85.74615384615385,10.818381269126906
Redeemer: Enhanced Edition,13,4.384615384615385,103.15384615384616,10.818381269126906
Quiz Thiz Germany: Gold Edition,13,4.384615384615385,102.76923076923077,10.818381269126906
Oirbo,13,4.384615384615385,113.33076923076922,10.818381269126906
Miko Mole,13,4.384615384615385,108.80000000000001,10.818381269126906
Queen'S Quest 2: Stories Of Forgotten Past,13,4.384615384615385,110.92307692307692,10.818381269126906
Irem Collection Volume 3 Ps4 & Ps5,13,4.384615384615385,107.78461538461539,10.818381269126906
Oxenfree Ii: Lost Signals Ps4 & Ps5,13,4.384615384615385,121.99230769230768,10.818381269126906
Valkyria Chronicles Remastered,13,4.384615384615385,91.9923076923077,10.818381269126906
Evasive Satellite Ps4 & Ps5,13,4.384615384615385,113.3153846153846,10.818381269126906
Worms Pinball [Ps1 Emulation],13,4.384615384615385,109.0,10.818381269126906
Infernitos,13,4.384615384615385,95.52307692307691,10.818381269126906
Last Time I Saw You,16,3.75,102.61874999999999,10.807955061570484
Arcadian Atlas,16,3.75,114.16875,10.807955061570484
Wwe 2K25 Édition Standard,16,3.75,106.1625,10.807955061570484
Tekken 5: Dark Resurrection Online,16,3.75,117.425,10.807955061570484
Simarket Cloth Store Simulator,16,3.75,102.76875,10.807955061570484
Balatro,16,3.75,81.6875,10.807955061570484
Killer Frequency,16,3.75,92.775,10.807955061570484
Touhou Danmaku Kagura Phantasia Lost,16,3.75,85.275,10.807955061570484
Customers From Hell Ps4 & Ps5,16,3.75,101.51875,10.807955061570484
Numblast,16,3.75,113.56875,10.807955061570484
Two Point Museum,16,3.75,111.99375,10.807955061570484
Space Kabaam: Neon Iii,16,3.75,93.89375,10.807955061570484
Two Worlds Ii,16,3.75,108.0875,10.807955061570484
Brewmaster: Beer Brewing Simulator,16,3.75,99.6875,10.807955061570484
Ninja Five-O Ps4 & Ps5,16,3.75,81.86875,10.807955061570484
Classic Snake Adventures,16,3.75,91.20625,10.807955061570484
Happy Hotel,16,3.75,123.5,10.807955061570484
Push Me Pull You,16,3.75,126.13125,10.807955061570484
Guilty Gear -Strive- Ps4 & Ps5,16,3.75,110.89375,10.807955061570484
Fishing Sea Adventure,16,3.75,105.8125,10.807955061570484
This Bed We Made,16,3.75,58.206250000000004,10.807955061570484
The Jumping Toast Tower - Ps4 & Ps5,16,3.75,98.34375,10.807955061570484
Cario 3,16,3.75,93.93125,10.807955061570484
Jets'N'Guns 2,16,3.75,95.78750000000001,10.807955061570484
Weben Blocks 2,16,3.75,121.73125,10.807955061570484
Varlet,16,3.75,83.14375,10.807955061570484
D.U.M.B. Ducks,16,3.75,118.01875,10.807955061570484
Crusader Kings Iii,16,3.75,85.0625,10.807955061570484
River City Girls Zero,19,3.3684210526315788,106.92631578947368,10.80272748324059
House Of The Dead 4,19,3.3684210526315788,88.89473684210526,10.80272748324059
Crayoncore,19,3.3684210526315788,115.73157894736842,10.80272748324059
Peter Pan : La Légende Du Pays Imagin,19,3.3684210526315788,109.58947368421052,10.80272748324059
Mlb The Show 21 Ps5,12,4.666666666666667,84.00833333333334,10.791866027871476
Justice Sucks,12,4.666666666666667,100.18333333333334,10.791866027871476
Monster Survivors,17,3.588235294117647,126.11764705882354,10.784372703942458
Exist Archive: The Other Side Of The Sky,17,3.588235294117647,109.79411764705883,10.784372703942458
The House Of The Dead Iii,17,3.588235294117647,106.98235294117647,10.784372703942458
Shinobi: Art Of Vengeance Ps4 Et Ps5,17,3.588235294117647,127.03529411764706,10.784372703942458
Retro Santa Run,17,3.588235294117647,111.7235294117647,10.784372703942458
Killzone: Liberation,17,3.588235294117647,81.46470588235294,10.784372703942458
Démo Oreshika: Tainted Bloodlines,17,3.588235294117647,83.23529411764706,10.784372703942458
Rta New York Street,17,3.588235294117647,91.79411764705883,10.784372703942458
Quiz Thiz Croatia,17,3.588235294117647,104.04117647058824,10.784372703942458
Unsafe Express,20,3.25,105.63499999999999,10.762302180370328
Hole Digging Beach Simulator,18,3.4444444444444446,111.67777777777778,10.754157829616238
Uniplex,18,3.4444444444444446,113.27777777777777,10.754157829616238
Quiz Thiz Spain,18,3.4444444444444446,91.46111111111111,10.754157829616238
Syder Reloaded,18,3.4444444444444446,127.06666666666666,10.754157829616238
Front Mission 1St: Remake,18,3.4444444444444446,109.26666666666667,10.754157829616238
Dodge It,14,4.071428571428571,110.03571428571429,10.739252771603196
Legend Of The Tetrarchs,14,4.071428571428571,137.09285714285713,10.739252771603196
Border Rush Jump Challenge,14,4.071428571428571,108.77857142857144,10.739252771603196
Candy Storm Bunny Catcher,14,4.071428571428571,100.77857142857144,10.739252771603196
Pocket Bravery,14,4.071428571428571,129.0,10.739252771603196
Yakuza 6: The Song Of Life,14,4.071428571428571,64.28571428571429,10.739252771603196
Copy The Line,14,4.071428571428571,109.24285714285715,10.739252771603196
Microbot,14,4.071428571428571,117.84285714285714,10.739252771603196
Project Zero : Le Masque De L'Éclipse Lunaire (Ps4 & Ps5),14,4.071428571428571,107.57857142857142,10.739252771603196
Witch Rise Ps4 & Ps5,14,4.071428571428571,110.37857142857142,10.739252771603196
Myst (Ps1),14,4.071428571428571,92.10000000000001,10.739252771603196
Tearaway Unfolded,14,4.071428571428571,76.04285714285713,10.739252771603196
Sports & Wild Pinball,14,4.071428571428571,122.49285714285715,10.739252771603196
Aery – Heaven & Hell,14,4.071428571428571,129.42857142857142,10.739252771603196
Peggle 2,14,4.071428571428571,99.97142857142856,10.739252771603196
Dark Mystery,14,4.071428571428571,105.68571428571428,10.739252771603196
Puyo Puyo Tetris 2 Ps4 & Ps5,14,4.071428571428571,85.02857142857144,10.739252771603196
I'M On Observation Duty 6,14,4.071428571428571,99.75714285714285,10.739252771603196
Cazzarion: Gunslinger,14,4.071428571428571,126.75,10.739252771603196
Mighty Math,14,4.071428571428571,95.37142857142858,10.739252771603196
Cinders,14,4.071428571428571,107.75714285714285,10.739252771603196
Scrap Divers,14,4.071428571428571,106.18571428571428,10.739252771603196
Robby'S Adventure,14,4.071428571428571,103.28571428571429,10.739252771603196
The Jumping Burger Climb - Ps4 & Ps5,14,4.071428571428571,86.92857142857143,10.739252771603196
Lunark,14,4.071428571428571,112.64285714285714,10.739252771603196
Twisted Metal World Tour,14,4.071428571428571,98.62142857142858,10.739252771603196
Rocketbirds 2: Evolution,14,4.071428571428571,82.27857142857144,10.739252771603196
Badminton Time Vr,14,4.071428571428571,93.10714285714286,10.739252771603196
The Dino R,14,4.071428571428571,76.47857142857143,10.739252771603196
Bartender Hustle,14,4.071428571428571,101.32857142857142,10.739252771603196
Aery - Dreamscape,14,4.071428571428571,77.05714285714285,10.739252771603196
Teardown,15,3.8666666666666667,136.21333333333334,10.735560038489549
Little Nightmares Ii Ps4 & Ps5,15,3.8666666666666667,119.86,10.735560038489549
Arizona Sunshine Remake,15,3.8666666666666667,106.25333333333333,10.735560038489549
3°C: Sand Puzzle,15,3.8666666666666667,120.88000000000001,10.735560038489549
World Of Final Fantasy,15,3.8666666666666667,130.84666666666666,10.735560038489549
Let'S School,15,3.8666666666666667,97.51333333333334,10.735560038489549
Mordheim: City Of The Damned,15,3.8666666666666667,101.27333333333333,10.735560038489549
Mato Anomalies,15,3.8666666666666667,112.02666666666667,10.735560038489549
The Golden Eagle,15,3.8666666666666667,120.18666666666667,10.735560038489549
Universe For Sale,15,3.8666666666666667,112.78,10.735560038489549
Cubes Problem,15,3.8666666666666667,135.32,10.735560038489549
Summer Games Beach Volley,15,3.8666666666666667,100.9,10.735560038489549
Puzzle Piecer: The Sky Above,15,3.8666666666666667,121.52666666666667,10.735560038489549
Inscryption,15,3.8666666666666667,130.62,10.735560038489549
Sniper Elite 5 Ps4 & Ps5,15,3.8666666666666667,107.06666666666666,10.735560038489549
Life Of Fly 2,15,3.8666666666666667,105.60666666666667,10.735560038489549
Prince Of Persia Classic,15,3.8666666666666667,92.86,10.735560038489549
Stellar Interface,15,3.8666666666666667,118.74666666666667,10.735560038489549
Aca Neogeo Fatal Fury 2,15,3.8666666666666667,134.12666666666667,10.735560038489549
Rabbit In The Clouds,15,3.8666666666666667,94.76666666666667,10.735560038489549
Axobubble,15,3.8666666666666667,104.72666666666667,10.735560038489549
Shadowrun Returns,15,3.8666666666666667,95.06666666666666,10.735560038489549
Shoot,15,3.8666666666666667,85.02666666666667,10.735560038489549
Bishoujo Battle Mahjong Solitaire Ps4 & Ps5,15,3.8666666666666667,101.5,10.735560038489549
Operation Creature Feature,15,3.8666666666666667,107.30666666666666,10.735560038489549
My Friendly Neighborhood,15,3.8666666666666667,107.22,10.735560038489549
Alter Age,15,3.8666666666666667,98.89333333333335,10.735560038489549
The Arcade,15,3.8666666666666667,85.9,10.735560038489549
Sledders,15,3.8666666666666667,111.5,10.735560038489549
Mass Effect : Trilogie,15,3.8666666666666667,100.96000000000001,10.735560038489549
Real Farm,15,3.8666666666666667,117.42,10.735560038489549
Space Explore Vr,15,3.8666666666666667,118.88666666666667,10.735560038489549
Terraria Version D'Essai,13,4.3076923076923075,125.08461538461539,10.72943505934079
God Of War Collection,13,4.3076923076923075,110.55384615384615,10.72943505934079
Pocket Puzzle Ps4 & Ps5,13,4.3076923076923075,109.03846153846153,10.72943505934079
Bubble Shooter Dx,13,4.3076923076923075,91.56923076923077,10.72943505934079
Farewell North,13,4.3076923076923075,114.98461538461538,10.72943505934079
Labyrinth Of Galleria: The Moon Society,13,4.3076923076923075,109.70769230769231,10.72943505934079
Cafe Master Story,13,4.3076923076923075,107.63846153846154,10.72943505934079
Wattam,13,4.3076923076923075,79.46923076923076,10.72943505934079
Dot Connect,13,4.3076923076923075,80.42307692307692,10.72943505934079
Devoured By Darkness,13,4.3076923076923075,103.80000000000001,10.72943505934079
House Of Horror - 7 Psychos,13,4.3076923076923075,107.78461538461539,10.72943505934079
Animal Shelter,13,4.3076923076923075,117.53076923076924,10.72943505934079
Cultist Simulator: Initiate Edition,13,4.3076923076923075,118.58461538461538,10.72943505934079
Bad North,13,4.3076923076923075,97.04615384615384,10.72943505934079
Alien Breakout Ps4 & Ps5,13,4.3076923076923075,124.34615384615384,10.72943505934079
Peaky Blinders: La Rançon Royale Édition Intégrale,13,4.3076923076923075,100.26153846153846,10.72943505934079
Tak: Le Grand Défi,13,4.3076923076923075,105.3153846153846,10.72943505934079
Ninja Gaiden Sigma 2 Plus,13,4.3076923076923075,121.33846153846154,10.72943505934079
Sector Beam,13,4.3076923076923075,88.85384615384615,10.72943505934079
De Blob 2,13,4.3076923076923075,131.85384615384615,10.72943505934079
Dodgeball Academia,13,4.3076923076923075,96.13846153846154,10.72943505934079
Saviorless,16,3.6875,114.6,10.721233584949466
Arcade Archives Xx Mission,16,3.6875,113.01875,10.721233584949466
Trientank,16,3.6875,115.78125,10.721233584949466
Pocket Academy 3,16,3.6875,91.3125,10.721233584949466
Recycling Station Simulator,16,3.6875,97.1125,10.721233584949466
Borderlands 4,16,3.6875,124.8875,10.721233584949466
Smash Hit Plunder,16,3.6875,110.34375,10.721233584949466
Melobot - A Last Song,16,3.6875,102.21249999999999,10.721233584949466
Aphrodite'S Bathhouse Ps4 & Ps5,16,3.6875,89.1375,10.721233584949466
Goblin Slayer,16,3.6875,110.3125,10.721233584949466
Hell Froze Over Ps4 & Ps5,16,3.6875,100.725,10.721233584949466
Batman: Arkham City - Demo,16,3.6875,69.4,10.721233584949466
Maximo Vs Army Of Zin,16,3.6875,86.25625000000001,10.721233584949466
Asdivine Dios,16,3.6875,101.925,10.721233584949466
Jewel Match Solitaire: Winterscapes 2 Collector'S Edition,16,3.6875,114.50625,10.721233584949466
Mortal Kombat 11,16,3.6875,110.84375,10.721233584949466
Chasing Static Ps4 & Ps5,16,3.6875,103.275,10.721233584949466
Perfect,16,3.6875,81.10625,10.721233584949466
Astro Bot,12,4.583333333333333,100.60833333333333,10.702402270051067
Baseball (4 Player Cooperation Edition) - Breakthrough Gaming Arcade,12,4.583333333333333,120.25833333333333,10.702402270051067
The Pigeon Quiz,17,3.5294117647058822,112.1470588235294,10.69852924433732
Pixicharm - Blaster Orbit,17,3.5294117647058822,115.74117647058823,10.69852924433732
Smelter,17,3.5294117647058822,103.9235294117647,10.69852924433732
Dorfs: Hammers For Hire,17,3.5294117647058822,119.01764705882353,10.69852924433732
Otxo,17,3.5294117647058822,88.97647058823529,10.69852924433732
Rennsport,17,3.5294117647058822,98.9235294117647,10.69852924433732
Beyond: Two Souls,17,3.5294117647058822,116.22941176470589,10.69852924433732
Strike Solitaire,17,3.5294117647058822,107.39411764705882,10.69852924433732
Gunslugs,17,3.5294117647058822,78.63529411764705,10.69852924433732
Arcade Archives 2 Aqua Jet,17,3.5294117647058822,97.87647058823529,10.69852924433732
Persona 4 Golden,17,3.5294117647058822,132.35882352941175,10.69852924433732
Jojo'S Bizarre Adventure: All-Star Battle R Ps4 & Ps5,20,3.2,76.08,10.679277890684924
Legacy Of Kain Soul Reaver 1&2 Remastered Ps4 & Ps5,22,3.0454545454545454,105.23636363636363,10.672799453545789
Modern Combat: Domination,18,3.388888888888889,106.73888888888888,10.669230897221855
Inkventure Ps4 & Ps5,18,3.388888888888889,110.5,10.669230897221855
Cipher Monk,18,3.388888888888889,90.55000000000001,10.669230897221855
All In Abyss: Judge The Fake,18,3.388888888888889,83.6888888888889,10.669230897221855
Kreaturekind,18,3.388888888888889,104.44999999999999,10.669230897221855
Kurushi Final: Musclez Votre Cerveau,14,4.0,84.22142857142856,10.6509571378844
Dagger Froggy Ps4 & Ps5,14,4.0,100.07142857142857,10.6509571378844
Pid,14,4.0,114.0,10.6509571378844
Until You Fall,14,4.0,95.55,10.6509571378844
Blood Bowl 2,14,4.0,105.73571428571428,10.6509571378844
Ico Classics Hd,14,4.0,82.04285714285713,10.6509571378844
Neon Blood,14,4.0,110.97857142857143,10.6509571378844
Ara Fell: Enhanced Edition,14,4.0,101.25714285714285,10.6509571378844
Tour De France 2018,14,4.0,106.54285714285713,10.6509571378844
The Eerie Surroundings,14,4.0,86.45,10.6509571378844
Space Engineers Ps4 & Ps5,14,4.0,91.85,10.6509571378844
Atari Flashback Classics,14,4.0,91.72857142857143,10.6509571378844
Wanderstop,14,4.0,137.9857142857143,10.6509571378844
Insane Robots,14,4.0,113.46428571428571,10.6509571378844
Bottop,14,4.0,54.05714285714286,10.6509571378844
The Throne,14,4.0,128.1642857142857,10.6509571378844
Christmas Break 2,14,4.0,95.82857142857142,10.6509571378844
Kholat,14,4.0,82.49285714285713,10.6509571378844
New Supper Banana!,14,4.0,98.65714285714286,10.6509571378844
Aery - Calm Mind 2,14,4.0,88.60000000000001,10.6509571378844
Bioshock Infinite,14,4.0,99.97857142857143,10.6509571378844
Aca Neogeo Samurai Shodown Ii,14,4.0,124.52857142857144,10.6509571378844
Match Ventures 2,14,4.0,103.65714285714286,10.6509571378844
Sbcg4Ap Episode 3: Baddest Of The Bands,14,4.0,99.23571428571428,10.6509571378844
Elemental War Clash,14,4.0,102.89999999999999,10.6509571378844
System Shock 2: 25Th Anniversary Remaster,14,4.0,123.0,10.6509571378844
Retro/Grade Bande-Son,14,4.0,109.46428571428571,10.6509571378844
Pga Tour 2K25,14,4.0,104.79285714285713,10.6509571378844
Pizza Titan Ultra,15,3.8,79.15333333333334,10.648014544215084
Overpowered 1 - Mars Infestation Ps4 & Ps5,15,3.8,96.82666666666665,10.648014544215084
Assassin'S Creed Embers,15,3.8,79.50666666666666,10.648014544215084
Ludo Xxl 2,15,3.8,115.52,10.648014544215084
Tokyo Xanadu,15,3.8,129.9,10.648014544215084
Prince Of Persia : L'Ame Du Guerrier,15,3.8,105.23333333333333,10.648014544215084
Ratchet & Clank: Nexus (Ps3),15,3.8,92.83333333333333,10.648014544215084
Kill The Bad Guy,15,3.8,135.81333333333333,10.648014544215084
Dakar Desert Rally Ps4 & Ps5,15,3.8,93.76,10.648014544215084
Xuan Yuan Sword: The Gate Of Firmament,15,3.8,90.77333333333333,10.648014544215084
Transformers 3: La Face Cachée De La Lune,15,3.8,110.83999999999999,10.648014544215084
Rock ´N Racing Off Road & Rally,15,3.8,88.81333333333333,10.648014544215084
Purpose 1951,15,3.8,132.68,10.648014544215084
Version Complète D'Hamilton'S Great Adventure,15,3.8,107.47333333333333,10.648014544215084
Go! Puzzle,15,3.8,97.29333333333334,10.648014544215084
Fallout 4,15,3.8,88.90666666666668,10.648014544215084
Superhot,15,3.8,116.05333333333333,10.648014544215084
Strawberry Jumping Journey,15,3.8,116.66666666666667,10.648014544215084
Arcade Archives Viper Phase 1,15,3.8,107.19333333333333,10.648014544215084
Space Fun,13,4.230769230769231,99.83846153846154,10.64048884955468
Speed Overflow,13,4.230769230769231,103.3076923076923,10.64048884955468
Lost Grimoires 2: Shard Of Mystery,13,4.230769230769231,128.07692307692307,10.64048884955468
Lethal League Blaze,13,4.230769230769231,92.44615384615385,10.64048884955468
Adventure Time: Finn Et Jake Mènent L'Enquête,13,4.230769230769231,109.3076923076923,10.64048884955468
Home Deco Builder,13,4.230769230769231,96.04615384615384,10.64048884955468
Little Droid,13,4.230769230769231,108.07692307692308,10.64048884955468
Wacky Run,13,4.230769230769231,96.9076923076923,10.64048884955468
Cosmic Paradox: Noire,13,4.230769230769231,97.61538461538461,10.64048884955468
Dirt Rally 2.0,13,4.230769230769231,103.16923076923078,10.64048884955468
Shadow Of The Orient,13,4.230769230769231,103.37692307692308,10.64048884955468
Budget Cuts Ultimate,13,4.230769230769231,121.52307692307691,10.64048884955468
Phinéas Et Ferb : Voyage Dans La 2E Dimension,13,4.230769230769231,102.33846153846154,10.64048884955468
Edens Zero,13,4.230769230769231,85.35384615384615,10.64048884955468
Kara Fantasy Ps4 & Ps5,13,4.230769230769231,94.62307692307692,10.64048884955468
Gorilla Attack,13,4.230769230769231,79.9,10.64048884955468
Vasilisa And Baba Yaga,13,4.230769230769231,119.06923076923077,10.64048884955468
Lego Batman 2: Dc Super Heroes - Français,13,4.230769230769231,98.55384615384615,10.64048884955468
Cazzarion: Treasure Diver,13,4.230769230769231,93.28461538461539,10.64048884955468
Tc’S Rainbow Six Vegas 2 - Game Of The Year Edition,19,3.263157894736842,113.59473684210528,10.634759426759288
The Last Guardian – Bande Originale Choix Du Compositeur,16,3.625,81.75,10.63451210832845
Dandy & Randy Dx Ps4 & Ps5,16,3.625,82.8,10.63451210832845
Ninja Gaiden 2 Black,16,3.625,95.91875,10.63451210832845
Ninja Fun,16,3.625,104.14375,10.63451210832845
Radio Commander,16,3.625,107.25,10.63451210832845
Cherry Tower,16,3.625,103.975,10.63451210832845
What The Golf?,16,3.625,129.88125,10.63451210832845
Murder House,16,3.625,109.9875,10.63451210832845
Mothmen 1966,16,3.625,108.1125,10.63451210832845
Viking Ventures,16,3.625,94.04375,10.63451210832845
Dragon Ball Fighterz Ps4 & Ps5,16,3.625,99.21875,10.63451210832845
Arcade Archives Yie Ar Kung-Fu,16,3.625,98.69375000000001,10.63451210832845
Breakers Collection,16,3.625,99.99375,10.63451210832845
Mangavania 2,12,4.5,109.35000000000001,10.612938512230658
Dying Light,12,4.5,130.1,10.612938512230658
Alien Cleaner,12,4.5,110.99166666666667,10.612938512230658
Count,12,4.5,88.33333333333333,10.612938512230658
Therapist Simulator,12,4.5,95.925,10.612938512230658
Ride 5,12,4.5,120.05,10.612938512230658
Aca Neogeo Art Of Fighting 3,12,4.5,102.26666666666667,10.612938512230658
Vektor Wars,12,4.5,81.63333333333334,10.612938512230658
Animal Drifters,12,4.5,80.78333333333333,10.612938512230658
Pets Hotel,12,4.5,115.22500000000001,10.612938512230658
The Legend Of Heroes: Trails Through Daybreak,17,3.4705882352941178,90.52941176470588,10.612685784732184
No Heroes Allowed!,17,3.4705882352941178,98.0764705882353,10.612685784732184
Nba 2K24 Édition Kobe Bryant Pour Ps5,17,3.4705882352941178,99.15882352941176,10.612685784732184
Futbol Kicks,17,3.4705882352941178,103.80588235294118,10.612685784732184
Calyssa,17,3.4705882352941178,97.37647058823529,10.612685784732184
Detective From The Crypt,17,3.4705882352941178,105.37647058823529,10.612685784732184
Ar Nosurge Plus: Ode To An Unborn Star,17,3.4705882352941178,109.99411764705883,10.612685784732184
Uncharted 3: Drake'S Deception Goty Edition,17,3.4705882352941178,103.75294117647059,10.612685784732184
Oil Refinery - The Simulation,17,3.4705882352941178,85.82352941176471,10.612685784732184
Prince Of Persia : Les Deux Royaumes,17,3.4705882352941178,98.75294117647059,10.612685784732184
Aircraft Legends: Flight Academy Simulator,17,3.4705882352941178,113.2235294117647,10.612685784732184
Buck Blastem,17,3.4705882352941178,101.27058823529411,10.612685784732184
Quiztopia : The Ultimate Trivia,17,3.4705882352941178,120.39411764705882,10.612685784732184
Rage,17,3.4705882352941178,125.33529411764705,10.612685784732184
Worms 2: Armageddon,20,3.15,90.935,10.59625360099952
Catan - Console Edition Ps4 & Ps5,20,3.15,99.51,10.59625360099952
Evil Genius 2: World Domination Ps4 & Ps5,18,3.3333333333333335,96.54444444444444,10.584303964827471
Super Blast Deluxe,18,3.3333333333333335,109.35555555555555,10.584303964827471
The Mortuary Assistant,18,3.3333333333333335,91.94444444444444,10.584303964827471
Kaiju Big Battel: Fighto Fantasy Ps4 & Ps5,14,3.9285714285714284,125.28571428571429,10.562661504165606
Call Of Duty: Modern Warfare 3,14,3.9285714285714284,112.62857142857142,10.562661504165606
Esper,14,3.9285714285714284,92.83571428571429,10.562661504165606
Ea Sports Grand Slam Tennis 2,14,3.9285714285714284,99.27857142857144,10.562661504165606
Gravity Strike,14,3.9285714285714284,97.12142857142858,10.562661504165606
Finding America: The Pacific Northwest Collector'S Edition,14,3.9285714285714284,74.25,10.562661504165606
Earth Defense Force Insect Armageddon,14,3.9285714285714284,117.48571428571428,10.562661504165606
Stasis: Bone Totem,14,3.9285714285714284,106.57142857142857,10.562661504165606
Ultimate Fishing Simulator,14,3.9285714285714284,115.41428571428571,10.562661504165606
Masterchef: Learn To Cook!,14,3.9285714285714284,128.35714285714286,10.562661504165606
Flying Sushi,14,3.9285714285714284,105.58571428571429,10.562661504165606
Aca Neogeo Real Bout Fatal Fury 2,14,3.9285714285714284,124.77857142857144,10.562661504165606
Biz Builder Delux,14,3.9285714285714284,114.88571428571429,10.562661504165606
Creaks,14,3.9285714285714284,107.00714285714285,10.562661504165606
Blue Notebook,14,3.9285714285714284,90.74285714285715,10.562661504165606
Heroes Sky Legends,14,3.9285714285714284,116.72857142857143,10.562661504165606
Patrick'S Parabox,14,3.9285714285714284,83.35000000000001,10.562661504165606
Erra: Exordium,14,3.9285714285714284,81.64999999999999,10.562661504165606
Epic Empire,14,3.9285714285714284,95.39285714285714,10.562661504165606
Go Diego Go Mission Safari,14,3.9285714285714284,96.19285714285715,10.562661504165606
Sonic Adventure,14,3.9285714285714284,87.02857142857144,10.562661504165606
Cat Break,14,3.9285714285714284,131.7,10.562661504165606
Hajwala 2,14,3.9285714285714284,92.18571428571428,10.562661504165606
Journey To Kreisia,14,3.9285714285714284,101.10000000000001,10.562661504165606
Monster Meals,14,3.9285714285714284,116.86428571428571,10.562661504165606
Aery - Calm Mind 3,14,3.9285714285714284,91.90714285714286,10.562661504165606
Thirsty Suitors,14,3.9285714285714284,115.93571428571428,10.562661504165606
Cazzarion: Car Chase,14,3.9285714285714284,90.39999999999999,10.562661504165606
Discolored 2,14,3.9285714285714284,93.39999999999999,10.562661504165606
Cake Bash,14,3.9285714285714284,80.22142857142856,10.562661504165606
Star Wars The Clone Wars,14,3.9285714285714284,115.93571428571428,10.562661504165606
Star Renegades,15,3.7333333333333334,84.25333333333333,10.560469049940618
La Pat’ Patrouille Part En Mission !,15,3.7333333333333334,94.4,10.560469049940618
Super Kids Racing - Snow Edition,15,3.7333333333333334,86.09333333333333,10.560469049940618
Breaking Bricks,15,3.7333333333333334,100.72,10.560469049940618
Trine - Le Jeu,15,3.7333333333333334,89.39333333333335,10.560469049940618
Brief Battles,15,3.7333333333333334,114.11999999999999,10.560469049940618
Injustice:Les Dieux Sont Parmi Nous Édition Ultime,15,3.7333333333333334,114.55333333333333,10.560469049940618
Rad Rodgers,15,3.7333333333333334,89.3,10.560469049940618
Arcade Archives 2 Video Hustler,15,3.7333333333333334,86.39333333333335,10.560469049940618
Star Wars: Episode I: Jedi Power Battles Ps4 & Ps5,15,3.7333333333333334,103.26666666666667,10.560469049940618
Avatar: Frontiers Of Pandora,15,3.7333333333333334,105.51333333333334,10.560469049940618
Cities: Skylines - Playstation4 Edition,15,3.7333333333333334,117.68666666666667,10.560469049940618
Garten Of Banban,15,3.7333333333333334,103.94,10.560469049940618
My Fantastic Ranch: Unicorns & Dragons,15,3.7333333333333334,107.69333333333334,10.560469049940618
Dungeon Slime Collection Ps4 & Ps5,15,3.7333333333333334,106.4,10.560469049940618
Pac-Man World 2 Re-Pac Ps4 & Ps5,15,3.7333333333333334,107.62666666666668,10.560469049940618
Metro Exodus,15,3.7333333333333334,118.73333333333333,10.560469049940618
Teocida + Estigma,15,3.7333333333333334,95.7,10.560469049940618
Rugby League 26,15,3.7333333333333334,117.49333333333334,10.560469049940618
Theatrhythm Final Bar Line,15,3.7333333333333334,88.58666666666666,10.560469049940618
Shark Adventure,15,3.7333333333333334,110.71333333333334,10.560469049940618
I Am An Air Traffic Controller Airport Hero Centrair 20Th Anniversary,15,3.7333333333333334,110.35333333333332,10.560469049940618
Gravel,15,3.7333333333333334,111.02666666666667,10.560469049940618
Dream Match Tennis Vr,13,4.153846153846154,120.6,10.551542639768568
Tin Hearts,13,4.153846153846154,100.21538461538461,10.551542639768568
Motorstorm 3D Rift,13,4.153846153846154,77.67692307692307,10.551542639768568
Greak: Memories Of Azur,13,4.153846153846154,107.02307692307691,10.551542639768568
Monster Energy Supercross - The Official Videogame 6 Ps4 & Ps5,13,4.153846153846154,87.46923076923076,10.551542639768568
Gravity Rush 2 – Bande Originale,13,4.153846153846154,70.36923076923077,10.551542639768568
Sonic & Sega All-Stars Racing,13,4.153846153846154,100.98461538461538,10.551542639768568
Baby Hands,13,4.153846153846154,127.4923076923077,10.551542639768568
Driverio,13,4.153846153846154,129.6,10.551542639768568
Minami Lane,13,4.153846153846154,98.08461538461538,10.551542639768568
Mad Dog Mccree (Trial),13,4.153846153846154,92.52307692307691,10.551542639768568
Bug Fables: The Everlasting Sapling,13,4.153846153846154,104.65384615384616,10.551542639768568
Dogchild,13,4.153846153846154,97.33846153846154,10.551542639768568
Backyard Baseball '97,13,4.153846153846154,86.30000000000001,10.551542639768568
De-Exit - Eternal Matters,13,4.153846153846154,94.58461538461538,10.551542639768568
House Flipper Vr,13,4.153846153846154,97.3076923076923,10.551542639768568
Escape First,13,4.153846153846154,116.97692307692309,10.551542639768568
Laser Shield,13,4.153846153846154,87.58461538461538,10.551542639768568
Dredge,13,4.153846153846154,112.37692307692308,10.551542639768568
Galaxy Of Pen & Paper +1 Edition,13,4.153846153846154,100.03846153846153,10.551542639768568
Box Smash,13,4.153846153846154,136.8846153846154,10.551542639768568
A Bibelot: Prototo,13,4.153846153846154,86.35384615384615,10.551542639768568
Skateboarding - Breakthrough Gaming Arcade,13,4.153846153846154,105.65384615384616,10.551542639768568
Widget'S Odyssey 2,13,4.153846153846154,102.93076923076923,10.551542639768568
Dream Town Island,13,4.153846153846154,112.44615384615385,10.551542639768568
The Legend Of Bum-Bo,16,3.5625,99.925,10.547790631707432
Disorder,16,3.5625,114.53750000000001,10.547790631707432
Resist,16,3.5625,110.4125,10.547790631707432
Gemz Burst,16,3.5625,114.25,10.547790631707432
Fruits' Harvest Sorter,16,3.5625,91.875,10.547790631707432
Connect It!,16,3.5625,77.68125,10.547790631707432
Elemental War,16,3.5625,124.01875,10.547790631707432
Scurge: Hive Ps4 & Ps5,16,3.5625,101.925,10.547790631707432
Snake 1,16,3.5625,89.55,10.547790631707432
Where Are My Friends?,16,3.5625,64.875,10.547790631707432
Sonic Adventure 2,16,3.5625,108.7625,10.547790631707432
Blackjack,16,3.5625,111.5875,10.547790631707432
Morgan: Metal Detective,16,3.5625,114.88125,10.547790631707432
Check And Slash,16,3.5625,89.575,10.547790631707432
Bright Side: Quiz,16,3.5625,93.1375,10.547790631707432
Motogp21,16,3.5625,103.925,10.547790631707432
Missing Banban,16,3.5625,109.4,10.547790631707432
Hex Gambit: Respawned,16,3.5625,109.35,10.547790631707432
Dragon Sinker: Descendants Of Legend,17,3.411764705882353,101.37058823529412,10.526842325127046
Legend Of Kay Anniversary,17,3.411764705882353,104.62941176470588,10.526842325127046
Anomaly Seeker: The Diner,17,3.411764705882353,98.40588235294118,10.526842325127046
The Chase: Police Rush,17,3.411764705882353,98.73529411764706,10.526842325127046
Wreckfest: Drive Hard. Die Last.,17,3.411764705882353,91.31176470588235,10.526842325127046
Xump Jump,17,3.411764705882353,135.19411764705885,10.526842325127046
Cauldron Forager Ps4 & Ps5,12,4.416666666666667,114.25,10.52347475441025
Summer Tri-Peaks Solitaire,12,4.416666666666667,95.30833333333334,10.52347475441025
Strategic Mind: Spirit Of Liberty,12,4.416666666666667,86.29166666666667,10.52347475441025
Demon Gaze Ii,12,4.416666666666667,89.27499999999999,10.52347475441025
Radikal Fighters,12,4.416666666666667,76.30833333333334,10.52347475441025
Amaze!,12,4.416666666666667,70.71666666666667,10.52347475441025
Gardenia,12,4.416666666666667,103.56666666666666,10.52347475441025
Neonwall,12,4.416666666666667,97.77499999999999,10.52347475441025
New Year'S Jam,12,4.416666666666667,118.22500000000001,10.52347475441025
Invasion Du Métro,12,4.416666666666667,113.25,10.52347475441025
Hyperdimension Neptunia Rebirth2,12,4.416666666666667,71.06666666666666,10.52347475441025
An Aisling,12,4.416666666666667,96.69166666666666,10.52347475441025
Flame Over,22,2.9545454545454546,107.0909090909091,10.510633795970135
Crowd Fighters,18,3.2777777777777777,125.03333333333333,10.499377032433088
Heroic Pirates,18,3.2777777777777777,106.26111111111112,10.499377032433088
Green Hell,18,3.2777777777777777,117.6222222222222,10.499377032433088
Weben Blocks,14,3.857142857142857,76.14285714285714,10.47436587044681
Bud Spencer & Terence Hill - Slaps And Beans,14,3.857142857142857,122.40714285714286,10.47436587044681
Flight Of Light,14,3.857142857142857,92.97142857142856,10.47436587044681
Iconoclasts,14,3.857142857142857,92.28571428571429,10.47436587044681
Toy Drop Balance Challenge,14,3.857142857142857,101.28571428571429,10.47436587044681
Battle Chef Brigade Deluxe Demo,14,3.857142857142857,112.58571428571429,10.47436587044681
Démo Uncharted: Golden Abyss,14,3.857142857142857,122.77857142857144,10.47436587044681
Zombies Crusher,14,3.857142857142857,116.0,10.47436587044681
Ea Sports College Football 26,14,3.857142857142857,96.58571428571429,10.47436587044681
Run Ghost Run,14,3.857142857142857,85.92857142857143,10.47436587044681
Yasha: Légendes De La Lame Démoniaque,14,3.857142857142857,92.07142857142857,10.47436587044681
Medal Of Honor,14,3.857142857142857,105.0,10.47436587044681
Super Kids Racing,14,3.857142857142857,70.55,10.47436587044681
Aca Neogeo Fatal Fury Special,14,3.857142857142857,119.37857142857142,10.47436587044681
Bpop Attack,14,3.857142857142857,109.54285714285713,10.47436587044681
Wobbledogs Console Edition,14,3.857142857142857,108.61428571428571,10.47436587044681
Quest For Infamy Ps4 & Ps5,14,3.857142857142857,96.74285714285713,10.47436587044681
Car Mechanic Simulator,14,3.857142857142857,102.68571428571428,10.47436587044681
Leftredrightblue,14,3.857142857142857,96.23571428571428,10.47436587044681
Assassin'S CreedIii Classique,14,3.857142857142857,106.02857142857144,10.47436587044681
Deemo -Reborn-,14,3.857142857142857,107.14285714285714,10.47436587044681
Bartender Vr Simulator,14,3.857142857142857,118.59285714285714,10.47436587044681
Ball Cannon,14,3.857142857142857,105.67857142857143,10.47436587044681
Urban Skater - Skateboard Delivery City Challenge,14,3.857142857142857,107.22857142857143,10.47436587044681
Battalion Commander,14,3.857142857142857,107.98571428571428,10.47436587044681
Helicopter Flight Simulator,14,3.857142857142857,92.10714285714286,10.47436587044681
Supermarket Ceo Simulator,14,3.857142857142857,107.50714285714285,10.47436587044681
Mind Over Magnet,14,3.857142857142857,109.03571428571429,10.47436587044681
Creature Lab,14,3.857142857142857,122.91428571428571,10.47436587044681
The Jumping Food Delivery - Ps4 & Ps5,14,3.857142857142857,102.97142857142856,10.47436587044681
Worldend Syndrome,14,3.857142857142857,120.46428571428571,10.47436587044681
Forest Golf Planner,14,3.857142857142857,80.07142857142857,10.47436587044681
Pixeljunk Eden,14,3.857142857142857,101.27142857142857,10.47436587044681
Hammerwatch Anniversary Edition,14,3.857142857142857,97.40714285714286,10.47436587044681
Match It,14,3.857142857142857,115.5,10.47436587044681
Best Of Arcade Games Deluxe Edition,14,3.857142857142857,86.32857142857142,10.47436587044681
Ak-Xolotl: Together,14,3.857142857142857,95.07857142857142,10.47436587044681
Samurai Warrior,14,3.857142857142857,122.85714285714286,10.47436587044681
Super Mutant Alien Assault,14,3.857142857142857,114.84285714285714,10.47436587044681
Bowling (Story Five) (Mark Version) - Project: Summer Ice,14,3.857142857142857,98.41428571428571,10.47436587044681
Blankspace Ps4 & Ps5,11,4.7272727272727275,112.39090909090909,10.47372011097376
Teraslide Ps4 & Ps5,11,4.7272727272727275,72.92727272727274,10.47372011097376
Enigmatis 3: The Shadow Of Karkhala,11,4.7272727272727275,116.76363636363637,10.47372011097376
Monark Demo,15,3.6666666666666665,94.86,10.472923555666155
Chernobyl Again,15,3.6666666666666665,86.61333333333333,10.472923555666155
Hakuoki: Edo Blossoms,15,3.6666666666666665,98.42,10.472923555666155
Beats Audio,15,3.6666666666666665,115.82,10.472923555666155
Sorry We'Re Closed,15,3.6666666666666665,128.30666666666667,10.472923555666155
Age Of Empires Iv: Anniversary Edition,15,3.6666666666666665,117.43333333333334,10.472923555666155
Taiko No Tatsujin: Rhythm Festival,15,3.6666666666666665,75.88000000000001,10.472923555666155
Space Channel 5 Vr Kinda Funky News Flash!,15,3.6666666666666665,118.32666666666667,10.472923555666155
Summoner Ps2 Emulation (2000),15,3.6666666666666665,78.3,10.472923555666155
Squirrel With A Gun,15,3.6666666666666665,117.33333333333333,10.472923555666155
Little Strays,15,3.6666666666666665,90.02666666666667,10.472923555666155
Steelrising,15,3.6666666666666665,91.23333333333333,10.472923555666155
Assassin'S Creed Double Edition,15,3.6666666666666665,88.66666666666667,10.472923555666155
Boxvr,15,3.6666666666666665,100.4,10.472923555666155
Sunrise Gp,15,3.6666666666666665,95.72,10.472923555666155
Mega Man 10 Complete,15,3.6666666666666665,85.95333333333333,10.472923555666155
Démo De Wipeout 2048,15,3.6666666666666665,109.83333333333333,10.472923555666155
No Sun To Worship,15,3.6666666666666665,91.23333333333333,10.472923555666155
Vlad Circus: Curse Of Asmodeus,15,3.6666666666666665,105.69333333333333,10.472923555666155
Dr. Atominus,19,3.1578947368421053,89.91052631578947,10.466791370277987
Galaxy Roll,13,4.076923076923077,102.80000000000001,10.462596429982456
Steamworld Dig,13,4.076923076923077,101.72307692307693,10.462596429982456
Cygni: All Guns Blazing,13,4.076923076923077,104.76923076923077,10.462596429982456
Curious Expedition,13,4.076923076923077,101.9076923076923,10.462596429982456
Tails Noir,13,4.076923076923077,71.00769230769231,10.462596429982456
Tv Studio Story,13,4.076923076923077,109.12307692307692,10.462596429982456
South Of The Circle,13,4.076923076923077,96.86153846153846,10.462596429982456
High On Life,13,4.076923076923077,121.65384615384616,10.462596429982456
Room Zoom - Race For Impact,13,4.076923076923077,104.04615384615384,10.462596429982456
Quriocity,13,4.076923076923077,92.26923076923077,10.462596429982456
Heavy Rain Move Edition,13,4.076923076923077,102.84615384615384,10.462596429982456
Ravenous Devils,13,4.076923076923077,95.3153846153846,10.462596429982456
American Fugitive,13,4.076923076923077,91.9076923076923,10.462596429982456
Vrider Sbk,13,4.076923076923077,134.3153846153846,10.462596429982456
Pixicharm - Spartunex,13,4.076923076923077,104.83846153846154,10.462596429982456
Sword Of The Necromancer: Resurrection,13,4.076923076923077,134.87692307692308,10.462596429982456
Tricky Thief Ps4 & Ps5,13,4.076923076923077,130.3153846153846,10.462596429982456
Bob L'Éponge : Cuisine En Folie,13,4.076923076923077,103.03076923076924,10.462596429982456
Altered Beast,13,4.076923076923077,111.83076923076922,10.462596429982456
Unsolved Case: The Scarlet Hyacinth Ce,13,4.076923076923077,136.2,10.462596429982456
Castle Of Heart: Retold,13,4.076923076923077,93.70769230769231,10.462596429982456
Hakuoki: Stories Of The Shinsengumi,13,4.076923076923077,128.59230769230768,10.462596429982456
Blaster Rush Blocks,13,4.076923076923077,116.66923076923078,10.462596429982456
Starship Disco,13,4.076923076923077,112.86923076923077,10.462596429982456
Wild & Horror Pinball,13,4.076923076923077,111.12307692307692,10.462596429982456
"#Xmas, Super Puzzles Dream",13,4.076923076923077,99.51538461538462,10.462596429982456
Starhawk - Mode Campagne,13,4.076923076923077,86.73846153846154,10.462596429982456
Jotun: Valhalla Edition,16,3.5,115.90625,10.461069155086415
Final Fantasy X/X-2 Hd Remaster,16,3.5,101.375,10.461069155086415
Blazblue　Chronophantasma,16,3.5,80.2125,10.461069155086415
Foto Boy: A New Job Ps4 & Ps5,16,3.5,124.25625,10.461069155086415
Raiden Iii X Mikado Maniax,16,3.5,102.48125,10.461069155086415
X-Morph: Defense,16,3.5,142.51875,10.461069155086415
Madden Nfl 24,16,3.5,82.425,10.461069155086415
Ai Tycoon,16,3.5,114.58749999999999,10.461069155086415
Démo De Trash Panic,16,3.5,84.21875,10.461069155086415
Cavorite,16,3.5,120.9875,10.461069155086415
Warriors Orochi 3 Ultimate,16,3.5,113.21875,10.461069155086415
Quiz Thiz Italy: Bronze Edition,17,3.3529411764705883,114.3529411764706,10.440998865521909
Sokorobot,17,3.3529411764705883,95.4470588235294,10.440998865521909
Convenience Stories,17,3.3529411764705883,124.54117647058823,10.440998865521909
O-Void: Console Edition Ps4 & Ps5,17,3.3529411764705883,94.6470588235294,10.440998865521909
The Sinking City Remastered,17,3.3529411764705883,90.47058823529412,10.440998865521909
New Super Lucky'S Tale,12,4.333333333333333,86.075,10.434010996589839
Metro: Last Light,12,4.333333333333333,94.73333333333333,10.434010996589839
Txk,12,4.333333333333333,94.06666666666666,10.434010996589839
The Jumping Melon Rush 2 - Ps4 & Ps5,12,4.333333333333333,99.06666666666666,10.434010996589839
Gibbon: Beyond The Trees Ps4 & Ps5,12,4.333333333333333,113.75,10.434010996589839
House Of 1000 Doors: Evil Inside Collector'S Edition,12,4.333333333333333,101.35833333333333,10.434010996589839
Scott Pilgrim Contre Le Monde : Le Jeu – Édition Intégrale,12,4.333333333333333,91.95,10.434010996589839
Stilt Fella,12,4.333333333333333,71.21666666666667,10.434010996589839
Les Chevaliers De Baphomet : La Malédiction Du Serpent - Ép2,12,4.333333333333333,95.79166666666667,10.434010996589839
Chicory: A Colorful Tale,12,4.333333333333333,117.10833333333333,10.434010996589839
"#Wish Travel, Super Puzzle Dreams",12,4.333333333333333,124.60000000000001,10.434010996589839
The Chantry,12,4.333333333333333,126.675,10.434010996589839
Space Fist,12,4.333333333333333,129.18333333333334,10.434010996589839
Moorhuhn Crazy Chicken Pirates,12,4.333333333333333,118.5,10.434010996589839
Faraway Train,12,4.333333333333333,83.84166666666667,10.434010996589839
The Legend Of Cyber Cowboy Ps4 & Ps5,12,4.333333333333333,76.325,10.434010996589839
Wavetale,12,4.333333333333333,92.89166666666667,10.434010996589839
Basketball Club Story,12,4.333333333333333,84.71666666666667,10.434010996589839
Abyss: The Wraiths Of Eden,12,4.333333333333333,100.2,10.434010996589839
Air Conflicts: Pacific Carriers - Playstation4 Edition,12,4.333333333333333,79.03333333333333,10.434010996589839
Memory Holder: The Alphabet,12,4.333333333333333,88.71666666666665,10.434010996589839
The Unknown City (Horror Begins Now.....Episode 1),12,4.333333333333333,88.54166666666667,10.434010996589839
Jumbo Airport Story,12,4.333333333333333,130.54166666666666,10.434010996589839
Warhammer: Chaosbane Slayer Edition,12,4.333333333333333,123.84166666666665,10.434010996589839
Sparkle Unleashed Ps4 & Ps5,12,4.333333333333333,114.85833333333333,10.434010996589839
Worms,18,3.2222222222222223,107.37222222222222,10.414450100038707
Speed Or Death,18,3.2222222222222223,94.49444444444444,10.414450100038707
Tactics Ogre: Reborn,18,3.2222222222222223,90.49444444444445,10.414450100038707
Remember Christmas,18,3.2222222222222223,117.74444444444445,10.414450100038707
Legions,18,3.2222222222222223,98.35555555555555,10.414450100038707
Crysis,14,3.7857142857142856,113.62142857142858,10.386070236728015
Arcade Archives 2 Air Combat 22,14,3.7857142857142856,110.58571428571429,10.386070236728015
2Md: Vr Football Unleashed All☆Star,14,3.7857142857142856,105.29285714285713,10.386070236728015
Second Coat,14,3.7857142857142856,117.60000000000001,10.386070236728015
Professional Farmer 2017,14,3.7857142857142856,96.12142857142858,10.386070236728015
Toaplan Arcade Collection Vol.1,14,3.7857142857142856,122.57142857142857,10.386070236728015
Scaffold Now,14,3.7857142857142856,107.32857142857142,10.386070236728015
"Zippy The Circle Challenge (Level 5C, Level 6C, And Level 7C)",14,3.7857142857142856,68.78571428571429,10.386070236728015
Ys: Memories Of Celceta - Full Game,14,3.7857142857142856,117.64999999999999,10.386070236728015
Snezhinka,14,3.7857142857142856,90.95,10.386070236728015
Rocket Knight Adventures: Re-Sparked Collection Ps4 & Ps5,14,3.7857142857142856,100.13571428571429,10.386070236728015
Wailing Heights,14,3.7857142857142856,70.05714285714285,10.386070236728015
Warriors Orochi [Psp],14,3.7857142857142856,101.10714285714286,10.386070236728015
Project Highrise: Architect'S Edition,14,3.7857142857142856,115.3,10.386070236728015
Slavicpunk: Oldtimer,14,3.7857142857142856,118.52857142857144,10.386070236728015
Holiday Eye Spy,14,3.7857142857142856,85.37142857142858,10.386070236728015
God Of Weapons,14,3.7857142857142856,100.31428571428572,10.386070236728015
Which Country Is Larger?,14,3.7857142857142856,111.25,10.386070236728015
Dead Secret,14,3.7857142857142856,113.10714285714286,10.386070236728015
Sushi Attack,14,3.7857142857142856,77.25,10.386070236728015
Taco Break Head To Head,14,3.7857142857142856,115.89999999999999,10.386070236728015
Robbery Rush,14,3.7857142857142856,86.48571428571428,10.386070236728015
Deception Iv: The Nightmare Princess,14,3.7857142857142856,97.47857142857143,10.386070236728015
Atomfall Ps4 & Ps5,14,3.7857142857142856,54.91428571428571,10.386070236728015
Submarine Survivor Ps4 & Ps5,14,3.7857142857142856,119.24285714285713,10.386070236728015
Kitty Krawler,15,3.6,98.78666666666666,10.38537806139169
Halloween Pumpkin Brawl,15,3.6,58.82666666666667,10.38537806139169
Immortals Fenyx Rising Demo,15,3.6,91.41333333333334,10.38537806139169
Ea Sports Wrc 24,15,3.6,120.64,10.38537806139169
Hairdresser Simulator,15,3.6,103.54,10.38537806139169
Final Vendetta,15,3.6,125.11333333333333,10.38537806139169
Salt And Sacrifice,15,3.6,103.11333333333333,10.38537806139169
Big Buck Hunter: Ultimate Trophy,15,3.6,71.32,10.38537806139169
Colorful Boi 2,15,3.6,80.76,10.38537806139169
Robocop: Rogue City - Unfinished Business,15,3.6,106.98,10.38537806139169
Atelier Marie Remake: The Alchemist Of Salburg (Ps4 & Ps5),15,3.6,115.52666666666667,10.38537806139169
Tribes Of Midgard Ps4 & Ps5,15,3.6,141.84666666666666,10.38537806139169
Fieldrunners 2,15,3.6,96.20666666666666,10.38537806139169
Nightshade Ninja Warrior,15,3.6,89.08666666666666,10.38537806139169
Arcade Archives Track & Field,15,3.6,88.44,10.38537806139169
Highway Racer,11,4.636363636363637,72.72727272727273,10.38391587751137
Pixicharm - Shurikoo Sprint,11,4.636363636363637,76.56363636363636,10.38391587751137
Strafe,19,3.1052631578947367,99.34736842105262,10.382807342037333
Ninja Run,16,3.4375,106.8375,10.374347678465398
Smash 'N' Survive,16,3.4375,57.88125,10.374347678465398
Severed,16,3.4375,126.5625,10.374347678465398
Diorama Dungeoncrawl - Master Of The Living Castle Ps4 & Ps5,16,3.4375,109.66875,10.374347678465398
Case 2: Animatronics Survival,16,3.4375,104.2,10.374347678465398
Kawaii Puzzle Quest,16,3.4375,88.83125,10.374347678465398
Rope Hope,16,3.4375,104.925,10.374347678465398
Case Records: Fear Of Abduction,16,3.4375,120.16875,10.374347678465398
Submerged: Hidden Depths,16,3.4375,113.5125,10.374347678465398
Avicii Invector,16,3.4375,109.1625,10.374347678465398
Runbean Galactic Ps4 & Ps5,13,4.0,94.9076923076923,10.373650220196344
Endling - Extinction Is Forever,13,4.0,113.20769230769231,10.373650220196344
Paper Flight: Future Battles,13,4.0,104.06923076923077,10.373650220196344
Pankapu,13,4.0,114.69999999999999,10.373650220196344
Démo De Kung Fu Rider,13,4.0,98.1,10.373650220196344
Pixicharm - Darkwood Dash,13,4.0,83.99230769230768,10.373650220196344
Pixicharm - Chromastronaut,13,4.0,140.6076923076923,10.373650220196344
Makis Adventure Ps4 & Ps5,13,4.0,94.07692307692308,10.373650220196344
Phantom Blade: Executioners Full Game,13,4.0,109.89230769230768,10.373650220196344
Gourmet Warriors (Qubyte Classics),13,4.0,104.88461538461539,10.373650220196344
All Mighty Tower,13,4.0,113.06923076923077,10.373650220196344
Wave Buxters,13,4.0,112.05384615384615,10.373650220196344
Tents And Trees Ps4 & Ps5,13,4.0,96.8076923076923,10.373650220196344
Metal Eden,13,4.0,105.56153846153846,10.373650220196344
Frog Hop,13,4.0,105.36923076923077,10.373650220196344
Gunfire Reborn,13,4.0,93.03076923076924,10.373650220196344
Tennis Elbow 4,13,4.0,91.56153846153846,10.373650220196344
Darkness Rollercoaster - Anniversary Edition,13,4.0,104.73076923076923,10.373650220196344
Crystal Crisis,13,4.0,111.70000000000002,10.373650220196344
Norco,13,4.0,81.89230769230768,10.373650220196344
Spirit Of The North: Enhanced Edition,13,4.0,73.3923076923077,10.373650220196344
Castle Crashers Remastered,13,4.0,95.6923076923077,10.373650220196344
Indoor Kickball,13,4.0,121.20769230769231,10.373650220196344
Arcade Archives Super Dodge Ball,13,4.0,80.14615384615385,10.373650220196344
Assassin'S Creed Chronicles – Trilogy,13,4.0,104.3153846153846,10.373650220196344
World Cup Soccer 2026,13,4.0,121.07692307692308,10.373650220196344
Bmx City Run,13,4.0,89.74615384615385,10.373650220196344
Ultrashot: Kill Protocol,13,4.0,85.4,10.373650220196344
Resistance 3 (Psn),13,4.0,101.37692307692308,10.373650220196344
Mécanos Dingos,13,4.0,89.67692307692307,10.373650220196344
Bowling - Breakthrough Gaming Arcade,17,3.2941176470588234,107.58235294117648,10.355155405916772
Melatonin,17,3.2941176470588234,124.1058823529412,10.355155405916772
Quantum Of Solace,17,3.2941176470588234,104.84117647058824,10.355155405916772
Skully,12,4.25,95.35000000000001,10.344547238769431
Reflex Drop Time Race,12,4.25,109.625,10.344547238769431
Where Winds Meet (F2P),12,4.25,98.49166666666667,10.344547238769431
Banner Saga 3,12,4.25,118.875,10.344547238769431
Aqua Vita,12,4.25,87.07499999999999,10.344547238769431
Digimon Story Time Stranger,12,4.25,141.13333333333333,10.344547238769431
Monarchy,12,4.25,89.40833333333335,10.344547238769431
Beaver Run,12,4.25,88.91666666666667,10.344547238769431
Aery - Midnight Hour,12,4.25,102.97500000000001,10.344547238769431
Duck: Dangerous Ultimate Cartridge Kidnapper,12,4.25,106.125,10.344547238769431
>Start Ai,12,4.25,121.375,10.344547238769431
Drift Fuel Loop,12,4.25,126.75,10.344547238769431
God Of War: Ascension,12,4.25,88.01666666666667,10.344547238769431
Loblocks,12,4.25,76.25,10.344547238769431
Lego Bricktales,12,4.25,102.05833333333334,10.344547238769431
Overland,12,4.25,103.85833333333333,10.344547238769431
Lovecraft´S Untold Stories,12,4.25,64.38333333333334,10.344547238769431
Jotunnslayer: Hordes Of Hel,12,4.25,99.45833333333333,10.344547238769431
Puzzle Quest: Immortal Edition,12,4.25,125.28333333333335,10.344547238769431
Schtroumpfs Kart,12,4.25,105.375,10.344547238769431
Rag Doll Kung Fu: Fists Of Plastic,12,4.25,130.17499999999998,10.344547238769431
Fuel Station Simulator,12,4.25,109.27499999999999,10.344547238769431
Parasite Pack Ps4 & Ps5,12,4.25,107.675,10.344547238769431
"Slice, Dice & Rice",12,4.25,114.25833333333333,10.344547238769431
Bunny Memory,12,4.25,97.89999999999999,10.344547238769431
Restaurant Tycoon My Cooking Empire,12,4.25,125.175,10.344547238769431
Sliding Cubes 2048 Mania,12,4.25,86.78333333333335,10.344547238769431
Worms Revolution Extreme,12,4.25,116.825,10.344547238769431
Astérix & Obélix Xxxl : Le Bélier D’Hibernie,12,4.25,108.54166666666667,10.344547238769431
Iris.Fall,12,4.25,118.60833333333333,10.344547238769431
Nape Retroverse Collection,12,4.25,107.22500000000001,10.344547238769431
Grand Prix Rock 'N Racing,12,4.25,112.65833333333335,10.344547238769431
Life In Terminal Simulator : Airport Adventures,12,4.25,102.03333333333335,10.344547238769431
Medieval Match Master,12,4.25,130.60833333333332,10.344547238769431
Yonder: The Cloud Catcher Chronicles,12,4.25,106.21666666666665,10.344547238769431
Greed: The Mad Scientist,18,3.1666666666666665,121.83888888888889,10.329523167644323
Forest Of Terenu,15,3.533333333333333,77.02,10.297832567117224
Démo Motorstorm,15,3.533333333333333,99.87333333333332,10.297832567117224
Blade Dancer: Lineage Of Light,15,3.533333333333333,118.20666666666666,10.297832567117224
Zombie Survivors,15,3.533333333333333,112.2,10.297832567117224
Lego Voyagers,15,3.533333333333333,118.43333333333334,10.297832567117224
Arcade Archives 2 Gee Bee,15,3.533333333333333,98.42,10.297832567117224
Metro: Last Light Complete Edition,15,3.533333333333333,83.74666666666667,10.297832567117224
All I Want For Christmas Are Subgames,15,3.533333333333333,86.47333333333333,10.297832567117224
Wall2Wall,15,3.533333333333333,113.72,10.297832567117224
Jeremy Mcgrath’S Offroad,15,3.533333333333333,94.95333333333333,10.297832567117224
Amazing Breaker,15,3.533333333333333,98.99333333333334,10.297832567117224
Windborn - Journey To The South,15,3.533333333333333,87.34666666666666,10.297832567117224
Lost & Found Agency Collector'S Edition,15,3.533333333333333,92.68,10.297832567117224
Ki11Er Clutter,15,3.533333333333333,120.14,10.297832567117224
Holyhunt,15,3.533333333333333,101.14666666666668,10.297832567117224
Space Penguins,15,3.533333333333333,109.40666666666667,10.297832567117224
Port Logistics Simulator: Dockside Harbor Handling,15,3.533333333333333,102.57333333333332,10.297832567117224
Saints Row: The Third,15,3.533333333333333,91.78,10.297832567117224
Gravity Crash Ultra,15,3.533333333333333,107.08,10.297832567117224
I Am Your President,15,3.533333333333333,113.86666666666666,10.297832567117224
Astérix & Obélix - Mission Babylone,15,3.533333333333333,101.14666666666668,10.297832567117224
Lego Marvel Super Heroes,14,3.7142857142857144,102.42142857142858,10.297774603009222
Humanity,14,3.7142857142857144,110.43571428571428,10.297774603009222
Endless Deaths,14,3.7142857142857144,105.90714285714286,10.297774603009222
Unicorn Break,14,3.7142857142857144,110.67857142857143,10.297774603009222
Hentai Girls Succubus,14,3.7142857142857144,104.72857142857143,10.297774603009222
Nidhogg 2,14,3.7142857142857144,101.45714285714287,10.297774603009222
Wildshade: Unicorn Champions,14,3.7142857142857144,85.56428571428572,10.297774603009222
Truck Simulator 25 Vr - American Driver,14,3.7142857142857144,82.37857142857142,10.297774603009222
Word Quest,14,3.7142857142857144,101.3,10.297774603009222
2013: Infected Wars,14,3.7142857142857144,105.71428571428571,10.297774603009222
Ruined King: A League Of Legends Story Ps4 & Ps5,14,3.7142857142857144,106.78571428571429,10.297774603009222
Defeat Me,14,3.7142857142857144,123.58571428571429,10.297774603009222
Project Wingman: Frontline 59,14,3.7142857142857144,96.39999999999999,10.297774603009222
Scarlet Nexus Ps4 & Ps5,14,3.7142857142857144,106.52142857142857,10.297774603009222
Maquette,14,3.7142857142857144,100.86428571428571,10.297774603009222
Workshop Simulator Vr,14,3.7142857142857144,93.47142857142856,10.297774603009222
Atelier Ayesha: The Alchemist Of Dusk,14,3.7142857142857144,95.22142857142858,10.297774603009222
The Jumping Falafel,14,3.7142857142857144,104.82857142857142,10.297774603009222
Chained Up Together,14,3.7142857142857144,103.02142857142857,10.297774603009222
Pyramids And Aliens: Escape Room,14,3.7142857142857144,112.95,10.297774603009222
Track - Breakthrough Gaming Arcade,14,3.7142857142857144,97.82857142857142,10.297774603009222
The Zebra Z,11,4.545454545454546,100.95454545454545,10.29411164404898
Crypt Of The Necrodancer,11,4.545454545454546,87.35454545454546,10.29411164404898
Italian Brainrot,11,4.545454545454546,87.43636363636364,10.29411164404898
Ratchet & Clank: Opération Destruction,11,4.545454545454546,100.25454545454545,10.29411164404898
God Of War Collection Volume Ii,11,4.545454545454546,97.45454545454545,10.29411164404898
She Sees Red - Interactive Movie,11,4.545454545454546,79.08181818181818,10.29411164404898
Fill The Cup 2,11,4.545454545454546,108.99090909090908,10.29411164404898
Lawn Mowing Simulator Ps4 & Ps5,11,4.545454545454546,99.52727272727272,10.29411164404898
Christmas Break 2 Head To Head,11,4.545454545454546,84.29090909090908,10.29411164404898
Cubic Odyssey,11,4.545454545454546,93.62727272727274,10.29411164404898
Hoa,16,3.375,111.59375,10.28762620184438
Stories Untold,16,3.375,90.325,10.28762620184438
The Wanderer: Frankenstein’S Creature,16,3.375,90.09375,10.28762620184438
Quantum: Recharged,16,3.375,122.925,10.28762620184438
Yooka-Replaylee,16,3.375,71.475,10.28762620184438
Dead Island: Riptide Definitive Edition,16,3.375,124.4375,10.28762620184438
Disney La Planète Au Trésor,16,3.375,91.08125000000001,10.28762620184438
Voodoo Dice,13,3.923076923076923,109.33846153846154,10.284704010410232
Lorelei And The Laser Eyes,13,3.923076923076923,106.74615384615385,10.284704010410232
Color Dodge,13,3.923076923076923,72.58461538461539,10.284704010410232
Rocket Spin Orbit Glide,13,3.923076923076923,106.01538461538462,10.284704010410232
Sky Of Destruction,13,3.923076923076923,109.35384615384615,10.284704010410232
Skydance'S Behemoth,13,3.923076923076923,103.93076923076923,10.284704010410232
Starlight Legacy Ps4 & Ps5,13,3.923076923076923,99.64615384615385,10.284704010410232
The Trials Of Topoq,13,3.923076923076923,130.86153846153846,10.284704010410232
Aca Neogeo Waku Waku 7,13,3.923076923076923,96.45384615384616,10.284704010410232
Dcl - The Game,13,3.923076923076923,105.57692307692308,10.284704010410232
Arken Age,13,3.923076923076923,87.22307692307693,10.284704010410232
Annihilation,13,3.923076923076923,93.16153846153846,10.284704010410232
Angry Bunnies,13,3.923076923076923,94.6923076923077,10.284704010410232
Deliver At All Costs,13,3.923076923076923,83.23846153846155,10.284704010410232
Time Flies,13,3.923076923076923,90.71538461538461,10.284704010410232
Luna,13,3.923076923076923,81.82307692307693,10.284704010410232
Rapala Fishing: Pro Series,13,3.923076923076923,114.26153846153846,10.284704010410232
Plot Of The Druid,13,3.923076923076923,113.97692307692309,10.284704010410232
Song Of Nunu: A League Of Legends Story Ps4 & Ps5,13,3.923076923076923,122.36923076923077,10.284704010410232
Mokoko X,13,3.923076923076923,133.94615384615383,10.284704010410232
Go! Explore (Psn),13,3.923076923076923,112.47692307692309,10.284704010410232
So Much Stuff 5: Mix-Knacks Collector’S Edition,13,3.923076923076923,119.13076923076923,10.284704010410232
Snow Scout,13,3.923076923076923,103.9076923076923,10.284704010410232
Virgo Versus The Zodiac,13,3.923076923076923,89.11538461538461,10.284704010410232
The Jumping Ball,13,3.923076923076923,82.80000000000001,10.284704010410232
Rugrats: Adventures In Gameland,13,3.923076923076923,104.41538461538462,10.284704010410232
Lovers In A Dangerous Spacetime,13,3.923076923076923,99.84615384615384,10.284704010410232
Sword Art Online: Fatal Bullet Trial Version,13,3.923076923076923,112.17692307692307,10.284704010410232
Cave Crave,13,3.923076923076923,82.53076923076924,10.284704010410232
Scars Above,13,3.923076923076923,82.77692307692307,10.284704010410232
Rainbow Advanced,13,3.923076923076923,103.24615384615385,10.284704010410232
Armello,13,3.923076923076923,127.84615384615384,10.284704010410232
"Warhammer 40,000: Shootas, Blood & Teef",13,3.923076923076923,78.86153846153846,10.284704010410232
Prodeus,13,3.923076923076923,93.36153846153846,10.284704010410232
The Jumping Fries: Turbo,13,3.923076923076923,124.32307692307693,10.284704010410232
Fresh Tracks,13,3.923076923076923,132.45384615384617,10.284704010410232
Open Roads,13,3.923076923076923,125.43846153846154,10.284704010410232
Dark Arcana: The Carnival,13,3.923076923076923,111.3153846153846,10.284704010410232
Super Crazy Rhythm Castle,13,3.923076923076923,67.46153846153847,10.284704010410232
Pixicharm - Aradia'S Journey,13,3.923076923076923,112.80000000000001,10.284704010410232
Giant Rush,13,3.923076923076923,107.06923076923076,10.284704010410232
Cazzarion: Forest Defense,13,3.923076923076923,100.28461538461539,10.284704010410232
Final Frog,17,3.235294117647059,105.71176470588235,10.269311946311634
"Cash Guardian: Collector Operation ""Capital Defense""",17,3.235294117647059,130.16470588235296,10.269311946311634
Cazzarion: Adventureland,17,3.235294117647059,100.07058823529412,10.269311946311634
Beyond Border,17,3.235294117647059,110.61764705882354,10.269311946311634
Sébastien Loeb Rally Evo,12,4.166666666666667,101.56666666666666,10.255083480949022
Shmoupity Shmoup,12,4.166666666666667,101.45,10.255083480949022
Copycat,12,4.166666666666667,104.55833333333334,10.255083480949022
Lightning Returns: Final Fantasy Xiii,12,4.166666666666667,86.24166666666667,10.255083480949022
Tt Isle Of Man: Ride On The Edge 3,12,4.166666666666667,104.10833333333333,10.255083480949022
Pretty Bird 4,12,4.166666666666667,91.7,10.255083480949022
Dynasty Warriors 5,12,4.166666666666667,94.69166666666666,10.255083480949022
The Monkey P,12,4.166666666666667,72.30833333333334,10.255083480949022
Arkanoid Eternal Battle,12,4.166666666666667,104.96666666666665,10.255083480949022
Euro Fishing,12,4.166666666666667,114.5,10.255083480949022
Karateka,12,4.166666666666667,116.0,10.255083480949022
Comic Store Arcade,12,4.166666666666667,121.08333333333333,10.255083480949022
Bubbelsche Deluxe,12,4.166666666666667,76.76666666666667,10.255083480949022
Summer Games Challenge,12,4.166666666666667,136.16666666666666,10.255083480949022
Lego Builder'S Journey,12,4.166666666666667,86.125,10.255083480949022
Wings Of Endless,12,4.166666666666667,94.925,10.255083480949022
Bowling (Story One) (Pammy Version) - Project: Summer Ice,12,4.166666666666667,90.575,10.255083480949022
Deep Beyond,12,4.166666666666667,108.20833333333333,10.255083480949022
Mark - Project: Summer Ice Pinball,12,4.166666666666667,92.625,10.255083480949022
The Jumping Tomato Rush - Ps4 & Ps5,12,4.166666666666667,94.94166666666666,10.255083480949022
Songs Of Conquest,12,4.166666666666667,106.31666666666666,10.255083480949022
Race Boat Simulator Racing,12,4.166666666666667,100.38333333333333,10.255083480949022
Islanders: Console Edition,12,4.166666666666667,91.66666666666667,10.255083480949022
Smoots Pinball,12,4.166666666666667,115.35833333333333,10.255083480949022
Draconic Resurgence,12,4.166666666666667,92.05833333333334,10.255083480949022
Smalland: Survive The Wilds,12,4.166666666666667,82.925,10.255083480949022
Lone Wolf,12,4.166666666666667,115.46666666666665,10.255083480949022
Ghosts Of Tabor Starter Pack,12,4.166666666666667,96.7,10.255083480949022
Arcade Archives 2 Ridge Racer,12,4.166666666666667,88.05833333333334,10.255083480949022
The Punchuin,12,4.166666666666667,96.10833333333333,10.255083480949022
United Assault - Normandy '44,12,4.166666666666667,95.38333333333333,10.255083480949022
Ovivo,18,3.111111111111111,96.20555555555556,10.244596235249942
Démo Killzone2,18,3.111111111111111,98.41111111111111,10.244596235249942
Gekido Kintaro'S Revenge,15,3.466666666666667,102.32666666666667,10.210287072842759
Carx Street,15,3.466666666666667,105.79333333333332,10.210287072842759
Mind Maze,15,3.466666666666667,101.29333333333334,10.210287072842759
Cazzarion: Pacific Winds,15,3.466666666666667,116.36,10.210287072842759
Mini Metro,15,3.466666666666667,117.61333333333333,10.210287072842759
Let'S Sing 2016,15,3.466666666666667,93.46000000000001,10.210287072842759
Brotato Ps4 & Ps5,15,3.466666666666667,101.67333333333333,10.210287072842759
Taxi Simulator Driver: Ny City Rides,14,3.642857142857143,107.70714285714287,10.209478969290425
Racing Skill,14,3.642857142857143,107.75714285714285,10.209478969290425
Chibi Ninja Shino-Kun Treasure Of Demon Tower Ps4 & Ps5,14,3.642857142857143,84.27142857142857,10.209478969290425
Manifold Garden,14,3.642857142857143,103.72857142857143,10.209478969290425
Virtua Fighter 5 R.E.V.O. World Stage Édition Standard,14,3.642857142857143,142.85,10.209478969290425
Tina'S Toy Factory,14,3.642857142857143,91.34285714285714,10.209478969290425
Ancient Ants Adventure,14,3.642857142857143,104.02142857142857,10.209478969290425
How 2 Escape: Lost Submarine,14,3.642857142857143,112.63571428571427,10.209478969290425
Curling,14,3.642857142857143,86.27857142857144,10.209478969290425
Arcade Archives Moon Patrol,14,3.642857142857143,99.77142857142857,10.209478969290425
Troopers,14,3.642857142857143,119.17142857142858,10.209478969290425
Days Gone Remastered,14,3.642857142857143,105.10714285714286,10.209478969290425
Death Mask,14,3.642857142857143,99.47857142857143,10.209478969290425
Attractio,14,3.642857142857143,63.0,10.209478969290425
Army Of Two,14,3.642857142857143,117.10000000000001,10.209478969290425
Assassin’S Creed,14,3.642857142857143,65.7,10.209478969290425
Asdivine Menace,14,3.642857142857143,133.17857142857142,10.209478969290425
Ghost Song,14,3.642857142857143,81.10714285714286,10.209478969290425
Egypt City Builder,14,3.642857142857143,75.23571428571428,10.209478969290425
The Giraffe G,14,3.642857142857143,81.75714285714285,10.209478969290425
Aery - Path Of Corruption,14,3.642857142857143,109.43571428571428,10.209478969290425
Puzzle Piecer: Leaves Of Autumn,14,3.642857142857143,96.79285714285713,10.209478969290425
Just Find It 3 Collector'S Edition,14,3.642857142857143,85.19285714285715,10.209478969290425
The Coma 2 - Bande-Son,11,4.454545454545454,98.8,10.204307410586587
Aca Neogeo Soccer Brawl,11,4.454545454545454,82.82727272727273,10.204307410586587
Dragons Online,11,4.454545454545454,88.01818181818182,10.204307410586587
Course Avec Ryan Édition Road Trip Deluxe,11,4.454545454545454,67.19090909090909,10.204307410586587
Chorus Demo,11,4.454545454545454,125.56363636363636,10.204307410586587
Big Sky Infinity,11,4.454545454545454,53.01818181818182,10.204307410586587
Worm War: Greengrocer,11,4.454545454545454,67.34545454545454,10.204307410586587
Yasuke: Black Samurai Legend,11,4.454545454545454,100.87272727272729,10.204307410586587
Fitting In,11,4.454545454545454,105.76363636363637,10.204307410586587
The Angry 4,11,4.454545454545454,96.95454545454545,10.204307410586587
Persian Nights 2: Moonlight Veil,11,4.454545454545454,113.03636363636365,10.204307410586587
The Vale: Shadow Of The Crown,11,4.454545454545454,104.28181818181817,10.204307410586587
Gnomes Garden 3: The Thief Of Castles,11,4.454545454545454,112.64545454545454,10.204307410586587
Memory Holder: Scent Of Life,11,4.454545454545454,98.84545454545454,10.204307410586587
Ctrl Alt Ego,16,3.3125,95.3375,10.200904725223364
Outcast - A New Beginning,16,3.3125,96.21875,10.200904725223364
Guacamelee! Bande-Son Officielle,13,3.8461538461538463,98.34615384615384,10.195757800624119
Truck Simulator 25: Euro Driver,13,3.8461538461538463,73.58461538461539,10.195757800624119
Toem,13,3.8461538461538463,116.58461538461538,10.195757800624119
10 Second Ninja X,13,3.8461538461538463,114.66153846153846,10.195757800624119
2048 Snake,13,3.8461538461538463,112.62307692307692,10.195757800624119
90S Extreme Skiing,13,3.8461538461538463,110.65384615384616,10.195757800624119
Sheep Running,13,3.8461538461538463,96.73076923076923,10.195757800624119
Paint By Pixel 3,13,3.8461538461538463,104.34615384615384,10.195757800624119
The Jumping Choco Santa: Turbo,13,3.8461538461538463,125.15384615384616,10.195757800624119
The Coma: Recut,13,3.8461538461538463,129.33076923076922,10.195757800624119
Halloween Candy Fun,13,3.8461538461538463,91.78461538461539,10.195757800624119
Drift City,13,3.8461538461538463,129.02307692307693,10.195757800624119
Speed Journey: Nitro,13,3.8461538461538463,127.87692307692308,10.195757800624119
Monster Jam Showdown Ps4 & Ps5,13,3.8461538461538463,97.8153846153846,10.195757800624119
Path Of Legends,13,3.8461538461538463,118.28461538461539,10.195757800624119
Trucking School: Truck Simulator Driving 2024,13,3.8461538461538463,107.21538461538461,10.195757800624119
Sword Art Online Last Recollection Ps4 & Ps5,13,3.8461538461538463,121.06923076923077,10.195757800624119
Wild & Adventure Pinball,13,3.8461538461538463,101.80000000000001,10.195757800624119
Aero Striker - World Invasion,13,3.8461538461538463,99.3153846153846,10.195757800624119
Like A Dragon: Pirate Yakuza In Hawaii Ps4 & Ps5,13,3.8461538461538463,118.61538461538461,10.195757800624119
Fishing Simulator 2025,13,3.8461538461538463,107.22307692307693,10.195757800624119
Koira,13,3.8461538461538463,133.3,10.195757800624119
The Last Of Us: Left Behind (Extension Indépendante),13,3.8461538461538463,81.13076923076923,10.195757800624119
Robots At Midnight,13,3.8461538461538463,85.93846153846154,10.195757800624119
Superliminal,13,3.8461538461538463,131.53076923076924,10.195757800624119
Pixel Junk Monsters: Ultimate Hd,13,3.8461538461538463,75.69999999999999,10.195757800624119
Buried Stars,13,3.8461538461538463,79.28461538461539,10.195757800624119
Gonner,13,3.8461538461538463,116.32307692307693,10.195757800624119
Vampire: The Masquerade - Justice,13,3.8461538461538463,125.0923076923077,10.195757800624119
Ghost Giant,13,3.8461538461538463,74.73076923076923,10.195757800624119
Colorful Boi,13,3.8461538461538463,91.76153846153846,10.195757800624119
Dariusburst Chronicle Saviours,13,3.8461538461538463,107.9923076923077,10.195757800624119
Paranormal Watcher,13,3.8461538461538463,75.86923076923077,10.195757800624119
Takotan,13,3.8461538461538463,89.44615384615385,10.195757800624119
Railway Empire,13,3.8461538461538463,90.91538461538462,10.195757800624119
Tilting Tiles,13,3.8461538461538463,98.82307692307693,10.195757800624119
Racing (4 Player Cooperation Edition) - Breakthrough Gaming Arcade,13,3.8461538461538463,88.4,10.195757800624119
Atelier Totori: The Adventurer Of Arland,17,3.176470588235294,84.49411764705883,10.183468486706495
Grime,17,3.176470588235294,106.77058823529411,10.183468486706495
Uncle Chop'S Rocket Shop,17,3.176470588235294,92.52352941176471,10.183468486706495
Total Recoil,12,4.083333333333333,125.35833333333333,10.165619723128613
Ninja Usagimaru: Two Tails Of Adventure,12,4.083333333333333,93.46666666666668,10.165619723128613
Dandy Ace,12,4.083333333333333,107.74166666666667,10.165619723128613
Eyes: The Horror Game,12,4.083333333333333,128.39166666666668,10.165619723128613
Football Manager 2024 Console,12,4.083333333333333,90.19166666666666,10.165619723128613
D Laser,12,4.083333333333333,84.04166666666667,10.165619723128613
Virtua Fighter 4: Evolution,12,4.083333333333333,79.39166666666667,10.165619723128613
Eventide 2: Sorcerer'S Mirror,12,4.083333333333333,98.06666666666666,10.165619723128613
Blazblue Cross Tag Battle,12,4.083333333333333,98.56666666666666,10.165619723128613
Tralalero Tralala Jumper,12,4.083333333333333,131.60833333333332,10.165619723128613
Light Tracer,12,4.083333333333333,102.65833333333335,10.165619723128613
The Backrooms: Maze Escape,12,4.083333333333333,107.375,10.165619723128613
Clan N,12,4.083333333333333,114.40833333333335,10.165619723128613
Hotel Barcelona,12,4.083333333333333,100.25833333333333,10.165619723128613
Party Games: 15 In 1,12,4.083333333333333,115.43333333333334,10.165619723128613
Anno 117: Pax Romana,12,4.083333333333333,110.39999999999999,10.165619723128613
Arcade Archives Seicross,12,4.083333333333333,99.09166666666668,10.165619723128613
Timesplitters 2,12,4.083333333333333,82.10000000000001,10.165619723128613
Architect Life: A House Design Simulator,12,4.083333333333333,107.31666666666666,10.165619723128613
Soulcalibur Ⅵ,12,4.083333333333333,80.55,10.165619723128613
Aca Neogeo Real Bout Fatal Fury,12,4.083333333333333,79.79166666666667,10.165619723128613
Ni No Kuni: Wrath Of The White Witch Remastered,12,4.083333333333333,113.64999999999999,10.165619723128613
My Universe - Interior Designer,12,4.083333333333333,110.98333333333333,10.165619723128613
Demeo Battles Vr,12,4.083333333333333,118.23333333333333,10.165619723128613
Escape First 3,12,4.083333333333333,118.38333333333333,10.165619723128613
Star Wars Battlefront Ii,12,4.083333333333333,84.27499999999999,10.165619723128613
Chorus,12,4.083333333333333,101.05,10.165619723128613
Techno Banter,12,4.083333333333333,125.48333333333333,10.165619723128613
Mad Dog Mccree,12,4.083333333333333,92.15833333333335,10.165619723128613
Alisa Developer'S Cut,12,4.083333333333333,88.5,10.165619723128613
The Golf G,12,4.083333333333333,125.30833333333334,10.165619723128613
Ninja Break,12,4.083333333333333,112.83333333333333,10.165619723128613
The Angry Birds Movie 2 Vr: Under Pressure,12,4.083333333333333,86.43333333333334,10.165619723128613
Barista Simulator,12,4.083333333333333,113.3,10.165619723128613
Word Quest Pirates,12,4.083333333333333,126.00833333333334,10.165619723128613
Sugar Tanks Arena,12,4.083333333333333,75.075,10.165619723128613
Jamestown+,12,4.083333333333333,112.46666666666665,10.165619723128613
Off-The-Ground Survival,12,4.083333333333333,97.18333333333334,10.165619723128613
Bunny Mazes,19,2.9473684210526314,97.65789473684211,10.13085525731538
Bus Sim 25 - City Simulator,10,4.8,133.19,10.126297393302364
Learn To Play Vol. 2 - A Simple Shooter,10,4.8,101.36999999999999,10.126297393302364
Little Big Adventure – Twinsen’S Quest Ps4 & Ps5,15,3.4,104.17333333333335,10.122741578568293
Mad Devils,15,3.4,101.41333333333334,10.122741578568293
Survival After War,15,3.4,88.23333333333333,10.122741578568293
Human Bowling,15,3.4,88.39333333333335,10.122741578568293
Wrc 10 Fia World Rally Championship,14,3.5714285714285716,120.88571428571429,10.121183335571631
Tainted Grail: The Fall Of Avalon,14,3.5714285714285716,84.38571428571429,10.121183335571631
Match Quest : Numbers,14,3.5714285714285716,118.67857142857143,10.121183335571631
Blazblue Centralfiction,14,3.5714285714285716,95.75714285714285,10.121183335571631
Dead Block,14,3.5714285714285716,79.42142857142858,10.121183335571631
Nobody Wants To Die,14,3.5714285714285716,121.53571428571429,10.121183335571631
Coconut Dodge Revitalised,14,3.5714285714285716,84.68571428571428,10.121183335571631
Shatter Remastered Deluxe Ps4 & Ps5,14,3.5714285714285716,126.42857142857143,10.121183335571631
Bang-On Balls: Chronicles,14,3.5714285714285716,91.2,10.121183335571631
Before We Leave,14,3.5714285714285716,106.28571428571429,10.121183335571631
Overcooked,14,3.5714285714285716,107.45714285714284,10.121183335571631
Lilliput Hero: Miniature World,14,3.5714285714285716,118.75,10.121183335571631
Ages Of Mages: The Last Keeper,14,3.5714285714285716,71.12857142857142,10.121183335571631
Kumi-Daiko Beatoff,14,3.5714285714285716,101.26428571428572,10.121183335571631
Super Stardust Ultra,14,3.5714285714285716,117.80714285714285,10.121183335571631
Pet Show,14,3.5714285714285716,74.63571428571429,10.121183335571631
Labyrinth Of The Demon King,14,3.5714285714285716,89.88571428571429,10.121183335571631
Jagged Alliance 3,11,4.363636363636363,86.39999999999999,10.114503177124197
Digimon Survive,11,4.363636363636363,105.69090909090909,10.114503177124197
Hide The Corpse,11,4.363636363636363,95.92727272727274,10.114503177124197
Pac-Man Championship Edition 2,11,4.363636363636363,97.9090909090909,10.114503177124197
1917 - The Alien Invasion Dx Remastered,11,4.363636363636363,112.83636363636364,10.114503177124197
A Memoir Blue,11,4.363636363636363,97.21818181818183,10.114503177124197
Alien: Rogue Incursion Vr Deluxe,11,4.363636363636363,109.68181818181819,10.114503177124197
Nexomon,11,4.363636363636363,87.44545454545454,10.114503177124197
Pixel Piracy,11,4.363636363636363,99.4090909090909,10.114503177124197
World Championship Boxing Manager 2,11,4.363636363636363,138.87272727272727,10.114503177124197
Farm Together,11,4.363636363636363,84.34545454545454,10.114503177124197
Laika: Aged Through Blood,11,4.363636363636363,117.53636363636365,10.114503177124197
Air Bounce - Jump & Run Challenge,11,4.363636363636363,114.31818181818181,10.114503177124197
Crazy Cats Vs. Crazy Cyborgs Ps4 & Ps5,11,4.363636363636363,77.81818181818181,10.114503177124197
Toodee And Topdee,16,3.25,112.55,10.114183248602348
Laws Of Machine,16,3.25,114.125,10.114183248602348
Chess Gambit,16,3.25,99.95,10.114183248602348
Dark Burial,16,3.25,97.75625,10.114183248602348
Réussir : Code De La Route - Nouvelle Édition,13,3.769230769230769,117.43076923076923,10.106811590838007
The Sushi Spinnery,13,3.769230769230769,124.03846153846153,10.106811590838007
Caravan Journey: Nitro,13,3.769230769230769,95.5,10.106811590838007
Motogp15 Compact,13,3.769230769230769,104.33846153846154,10.106811590838007
Exoprimal Ps4 & Ps5,13,3.769230769230769,101.74615384615385,10.106811590838007
Portal Shooter,13,3.769230769230769,115.63846153846154,10.106811590838007
Stranger Of Sword City,13,3.769230769230769,92.20769230769231,10.106811590838007
From One World To Another,13,3.769230769230769,84.46153846153847,10.106811590838007
A Bibelot: Y-Break,13,3.769230769230769,118.35384615384615,10.106811590838007
Aca Neogeo Magical Drop Ii,13,3.769230769230769,108.82307692307693,10.106811590838007
Aca Neogeo Samurai Shodown,13,3.769230769230769,107.04615384615384,10.106811590838007
Close To The Sun,13,3.769230769230769,105.6,10.106811590838007
Fruit Ninja,13,3.769230769230769,68.7,10.106811590838007
Gundam Breaker 4 Ps4 & Ps5,13,3.769230769230769,125.5923076923077,10.106811590838007
Lots Of Things 2 Collector'S Edition,13,3.769230769230769,89.23076923076923,10.106811590838007
Mutazione,13,3.769230769230769,96.3153846153846,10.106811590838007
Chef Life - A Restaurant Simulator,13,3.769230769230769,79.60769230769232,10.106811590838007
Star Archer,13,3.769230769230769,124.1846153846154,10.106811590838007
Beef Cat Ultra,13,3.769230769230769,82.17692307692307,10.106811590838007
The Chronicles Of Riddick: Assault On Dark Athena,13,3.769230769230769,130.46153846153845,10.106811590838007
Cazzarion: Little Dragon,13,3.769230769230769,140.3923076923077,10.106811590838007
Super Mega Baseball 4,13,3.769230769230769,112.46153846153847,10.106811590838007
Sophstar,13,3.769230769230769,103.66923076923078,10.106811590838007
Twisted Metal Iii,13,3.769230769230769,126.34615384615384,10.106811590838007
Tiny Pixels Vol. 2 - Stormy Knights Ps4 & Ps5,13,3.769230769230769,85.80000000000001,10.106811590838007
Pong,13,3.769230769230769,101.83846153846154,10.106811590838007
Planet Alpha,12,4.0,84.53333333333333,10.076155965308203
Pizza Break Head To Head,12,4.0,96.33333333333333,10.076155965308203
Minecraft: PlaystationVita Edition,12,4.0,79.41666666666667,10.076155965308203
Planet Coaster 2,12,4.0,83.63333333333334,10.076155965308203
Gang Beasts,12,4.0,111.675,10.076155965308203
The Midnight Walk,12,4.0,76.46666666666667,10.076155965308203
Subterrain,12,4.0,119.54166666666667,10.076155965308203
Code: Realize ~Wintertide Miracles~,12,4.0,106.35000000000001,10.076155965308203
Capcom Fighting Collection 2,12,4.0,82.31666666666666,10.076155965308203
My Friend Pedro,12,4.0,119.45833333333333,10.076155965308203
Simple Dominoes,12,4.0,96.75833333333333,10.076155965308203
Bowling (Story Three) (Pammy Version) - Project: Summer Ice,12,4.0,103.15833333333335,10.076155965308203
Wayfinder,12,4.0,104.625,10.076155965308203
Arcade Archives Water Ski,12,4.0,95.875,10.076155965308203
Somerville,12,4.0,117.72500000000001,10.076155965308203
Shattered: Tale Of The Forgotten King,12,4.0,96.08333333333333,10.076155965308203
Diablo Iv,12,4.0,95.19166666666666,10.076155965308203
The Witness,12,4.0,88.72500000000001,10.076155965308203
Lisa: The Joyful - Definitive Edition,12,4.0,124.10000000000001,10.076155965308203
Wipeout Omega Collection,12,4.0,128.1,10.076155965308203
Only Up!,12,4.0,68.375,10.076155965308203
Super Fruitfall [Psp],12,4.0,74.36666666666666,10.076155965308203
Act It Out! Un Jeu De Mime,12,4.0,115.01666666666667,10.076155965308203
Arcade Archives Konami'S Table Tennis,12,4.0,62.84166666666667,10.076155965308203
Ultimate Runner,12,4.0,140.11666666666667,10.076155965308203
Racing Champions,12,4.0,120.19166666666666,10.076155965308203
Sniper Warrior Elite,12,4.0,68.95833333333333,10.076155965308203
Kabounce,12,4.0,85.89166666666667,10.076155965308203
Fruit Collector: Beach Edition,12,4.0,94.06666666666666,10.076155965308203
Death Tales,12,4.0,115.95,10.076155965308203
Killing Floor 3,12,4.0,91.83333333333333,10.076155965308203
Death End Request,12,4.0,102.02499999999999,10.076155965308203
A-Red Walking Robot,12,4.0,126.59166666666665,10.076155965308203
Tom Clancy'S Splinter Cell Double Agent,12,4.0,115.20833333333333,10.076155965308203
Prison Life Sim 2025 - Survival,12,4.0,92.45,10.076155965308203
The Jumping Burger,12,4.0,97.25,10.076155965308203
Jewel Fever 3,12,4.0,111.91666666666667,10.076155965308203
Elemental Monster -Online Card Game-,12,4.0,85.21666666666667,10.076155965308203
Monster Panic,12,4.0,96.75,10.076155965308203
Harry Potter: Champions De Quidditch Ps4 & Ps5,12,4.0,78.16666666666667,10.076155965308203
Space Pirate Trainer,12,4.0,49.925000000000004,10.076155965308203
Luminaria: Dark Echoes,18,3.0,91.41111111111111,10.074742370461177
Anime Dance-Off – Space Party,18,3.0,99.9388888888889,10.074742370461177
Notice Me Leena-Senpai! Ps4 & Ps5,19,2.8947368421052633,94.29473684210525,10.04687122907473
Operation Babel: New Tokyo Legacy,10,4.7,85.92,10.036388441840025
Meteorfall: Krumit'S Tale,10,4.7,106.14000000000001,10.036388441840025
Arcade Archives Vs. Family Tennis,10,4.7,90.03,10.036388441840025
Underdogs,15,3.3333333333333335,128.2133333333333,10.03519608429383
Bendy And The Dark Revival,15,3.3333333333333335,116.86666666666666,10.03519608429383
Rabbit Raid,15,3.3333333333333335,118.25333333333333,10.03519608429383
Towa And The Guardians Of The Sacred Tree,15,3.3333333333333335,114.28666666666666,10.03519608429383
The Last Worker,15,3.3333333333333335,115.73333333333333,10.03519608429383
Ninja Shodown,15,3.3333333333333335,113.51333333333334,10.03519608429383
5 Star Wrestling: Regenesis,15,3.3333333333333335,121.06666666666666,10.03519608429383
Monsterbag,14,3.5,107.60000000000001,10.032887701852836
Spec Ops: The Line,14,3.5,105.76428571428572,10.032887701852836
Aero The Acro-Bat 2 Ps4 & Ps5,14,3.5,98.39999999999999,10.032887701852836
Swarm Madness,14,3.5,115.42857142857143,10.032887701852836
"Warhammer 40,000: Space Marine 2",14,3.5,117.70714285714287,10.032887701852836
Tribe: Primitive Builder,14,3.5,82.38571428571429,10.032887701852836
Brotherhood United,14,3.5,106.29285714285713,10.032887701852836
Population Quiz,14,3.5,123.86428571428571,10.032887701852836
Fatalzone,14,3.5,89.17857142857143,10.032887701852836
Disgaea 6 Complete,14,3.5,95.87857142857142,10.032887701852836
Disney Pixar Cars 2 Le Jeu Vidéo,14,3.5,102.85714285714286,10.032887701852836
Funky Punch,14,3.5,107.07142857142857,10.032887701852836
Vampire: The Masquerade - Swansong,14,3.5,113.16428571428571,10.032887701852836
Road 96,14,3.5,90.90714285714286,10.032887701852836
Ape Escape [Psp],14,3.5,118.25,10.032887701852836
Peppa Pig : Aventures Autour Du Monde,14,3.5,108.12142857142858,10.032887701852836
Ball 28 In Space,14,3.5,100.27857142857144,10.032887701852836
Star Ocean The Second Story R - Ps4 & Ps5,16,3.1875,81.60625,10.027461771981331
Air Conflicts: Double Pack,16,3.1875,92.675,10.027461771981331
Alien Hominid Invasion Ps4 & Ps5,16,3.1875,100.39375,10.027461771981331
Canis Canem Edit,11,4.2727272727272725,110.47272727272728,10.024698943661805
King'S Bounty Ii,11,4.2727272727272725,117.31818181818181,10.024698943661805
Lost At Sea,11,4.2727272727272725,136.5909090909091,10.024698943661805
As Dusk Falls Ps4 & Ps5,11,4.2727272727272725,129.0909090909091,10.024698943661805
Cursed Feed,11,4.2727272727272725,103.37272727272726,10.024698943661805
Penguin'S Road,11,4.2727272727272725,101.64545454545454,10.024698943661805
Catch & Release,11,4.2727272727272725,95.48181818181818,10.024698943661805
Prince Of Persia Trilogy,11,4.2727272727272725,114.47272727272728,10.024698943661805
Monark,11,4.2727272727272725,110.9909090909091,10.024698943661805
Amnesia: Rebirth,11,4.2727272727272725,111.44545454545455,10.024698943661805
Henry Halfhead,11,4.2727272727272725,130.12727272727273,10.024698943661805
Cash Wash Simulator,11,4.2727272727272725,99.78181818181817,10.024698943661805
Grappin,11,4.2727272727272725,131.24545454545455,10.024698943661805
Super Kids Racing - Jungle Edition,11,4.2727272727272725,114.65454545454546,10.024698943661805
Motorcycle Mechanic Simulator 2021,11,4.2727272727272725,94.63636363636364,10.024698943661805
The Sly Trilogy,11,4.2727272727272725,116.9909090909091,10.024698943661805
Memory Holder: The Numbers,11,4.2727272727272725,97.42727272727274,10.024698943661805
Sky Dunk,11,4.2727272727272725,84.02727272727272,10.024698943661805
Livelock,11,4.2727272727272725,100.25454545454545,10.024698943661805
Agatha Christie - Hercule Poirot: The London Case,11,4.2727272727272725,118.74545454545455,10.024698943661805
Parappa The Rapper – Bande Originale,11,4.2727272727272725,78.22727272727273,10.024698943661805
Wobbly Life (Ps5),11,4.2727272727272725,119.82727272727271,10.024698943661805
The Jumping Chicken Wings,11,4.2727272727272725,103.28181818181817,10.024698943661805
Duck Detective: The Ghost Of Glamping,11,4.2727272727272725,119.65454545454546,10.024698943661805
Futuregrind,11,4.2727272727272725,105.23636363636363,10.024698943661805
Bookypets Legends,11,4.2727272727272725,88.0,10.024698943661805
Cube Decider,11,4.2727272727272725,77.02727272727272,10.024698943661805
Diluvian Winds,11,4.2727272727272725,92.67272727272727,10.024698943661805
Kowloon High-School Chronicle,11,4.2727272727272725,96.28181818181817,10.024698943661805
Wizards Tourney,11,4.2727272727272725,88.22727272727273,10.024698943661805
Transformers : Battlegrounds,11,4.2727272727272725,113.9909090909091,10.024698943661805
Adrian'S Tale,11,4.2727272727272725,91.15454545454544,10.024698943661805
Daxter [Psp],11,4.2727272727272725,115.55454545454545,10.024698943661805
Firefighting Heroes: Truck 911 Simulator,11,4.2727272727272725,79.06363636363636,10.024698943661805
Collection Galactique,11,4.2727272727272725,96.7090909090909,10.024698943661805
Cazzarion: Zombie Drive,13,3.6923076923076925,105.6923076923077,10.017865381051896
Arcade Archives Power Spikes,13,3.6923076923076925,100.89230769230768,10.017865381051896
Saga Frontier 2 Remastered Ps4 & Ps5,13,3.6923076923076925,98.81538461538463,10.017865381051896
Trippy Trader : Schedule & Sell,13,3.6923076923076925,99.36923076923077,10.017865381051896
Everything,13,3.6923076923076925,102.26923076923077,10.017865381051896
Splinter Cell Essentials,13,3.6923076923076925,114.30000000000001,10.017865381051896
Aca Neogeo Big Tournament Golf,13,3.6923076923076925,124.74615384615385,10.017865381051896
Ea Sports College Football 25,13,3.6923076923076925,88.29230769230769,10.017865381051896
Poppy Playtime: Chapitre 4,13,3.6923076923076925,103.78461538461539,10.017865381051896
Postal: Brain Damaged,13,3.6923076923076925,105.76153846153846,10.017865381051896
Aca Neogeo Stakes Winner,13,3.6923076923076925,106.46923076923076,10.017865381051896
Rainbow Moon Melodies,13,3.6923076923076925,70.83076923076923,10.017865381051896
After Us,13,3.6923076923076925,84.65384615384616,10.017865381051896
Aery - A Journey Beyond Time,13,3.6923076923076925,97.84615384615384,10.017865381051896
Ea Sports Pga Tour,13,3.6923076923076925,97.23846153846154,10.017865381051896
Football - Breakthrough Gaming Arcade,13,3.6923076923076925,81.56923076923077,10.017865381051896
Sokomage,13,3.6923076923076925,119.70769230769231,10.017865381051896
Giant Machines 2017,13,3.6923076923076925,93.45384615384616,10.017865381051896
Of Mice And Sand -Revised-,13,3.6923076923076925,85.82307692307693,10.017865381051896
Telebbit,13,3.6923076923076925,122.43076923076923,10.017865381051896
Motorstorm Pacific Rift,13,3.6923076923076925,121.87692307692308,10.017865381051896
Sker Ritual,13,3.6923076923076925,116.4076923076923,10.017865381051896
The House Of The Dead: Overkill Extended Cut,13,3.6923076923076925,121.63846153846154,10.017865381051896
Vev: Viva Ex Vivo‎ Vr Edition,13,3.6923076923076925,87.76153846153846,10.017865381051896
Vegas Party,13,3.6923076923076925,121.96923076923076,10.017865381051896
Next Of Kin,13,3.6923076923076925,111.13846153846154,10.017865381051896
Immortality,13,3.6923076923076925,118.03076923076924,10.017865381051896
Integrifix,13,3.6923076923076925,101.74615384615385,10.017865381051896
Quisisana,13,3.6923076923076925,98.03076923076924,10.017865381051896
Valentine Revolution,13,3.6923076923076925,108.14615384615385,10.017865381051896
Kill The Emoji,13,3.6923076923076925,106.21538461538461,10.017865381051896
Luftrausers,13,3.6923076923076925,96.15384615384616,10.017865381051896
Cryptmaster,13,3.6923076923076925,112.83076923076922,10.017865381051896
Nekoburo - Cats Block,13,3.6923076923076925,100.15384615384616,10.017865381051896
Big Adventure: Trip To Europe 3 Collector'S Edition,13,3.6923076923076925,99.6,10.017865381051896
Garden Life: A Cozy Simulator,13,3.6923076923076925,119.5,10.017865381051896
Demeo Battles,13,3.6923076923076925,114.1923076923077,10.017865381051896
Burger Run,13,3.6923076923076925,85.65384615384616,10.017865381051896
Premium Pool Arena,13,3.6923076923076925,90.66153846153846,10.017865381051896
Turbo Hyper Drive,12,3.9166666666666665,96.825,9.986692207487794
Tung Tung Tung Sahur Runner,12,3.9166666666666665,97.90833333333335,9.986692207487794
Exographer,12,3.9166666666666665,110.29166666666667,9.986692207487794
Summer In Trigue Ps4 & Ps5,12,3.9166666666666665,101.25,9.986692207487794
Sunsoft Is Back! Retro Game Selection,12,3.9166666666666665,90.07499999999999,9.986692207487794
Morels The Hunt 2,12,3.9166666666666665,95.31666666666666,9.986692207487794
Dicey Dungeons Ps4 & Ps5,12,3.9166666666666665,82.33333333333333,9.986692207487794
The Whiskey Story,12,3.9166666666666665,94.25833333333333,9.986692207487794
Cazzarion: Mosquito Hunt,12,3.9166666666666665,71.325,9.986692207487794
Mittelborg: City Of Mages,12,3.9166666666666665,80.03333333333333,9.986692207487794
Wilmot'S Warehouse,12,3.9166666666666665,108.14999999999999,9.986692207487794
Adventure Bar Story,12,3.9166666666666665,111.55833333333334,9.986692207487794
Blur,12,3.9166666666666665,91.28333333333335,9.986692207487794
Khara The Game,12,3.9166666666666665,116.26666666666667,9.986692207487794
Space Gladiators,12,3.9166666666666665,135.525,9.986692207487794
Dirt 5 Ps4 & Ps5,12,3.9166666666666665,110.35000000000001,9.986692207487794
Aery - Stone Age,12,3.9166666666666665,80.10000000000001,9.986692207487794
Chroma Quaternion,12,3.9166666666666665,103.76666666666667,9.986692207487794
Wipeout 2048,12,3.9166666666666665,73.47500000000001,9.986692207487794
Démo D'Escape Plan,12,3.9166666666666665,102.43333333333334,9.986692207487794
Maestro,12,3.9166666666666665,94.59166666666668,9.986692207487794
Ma Vie : Vétérinaire Du Zoo,12,3.9166666666666665,102.00833333333333,9.986692207487794
The Last Spell,12,3.9166666666666665,61.525,9.986692207487794
Potion Permit,12,3.9166666666666665,106.44166666666666,9.986692207487794
Course Avec Ryan,12,3.9166666666666665,84.35833333333333,9.986692207487794
Ape Academy 2,12,3.9166666666666665,124.95833333333333,9.986692207487794
Snake 2048,12,3.9166666666666665,106.00833333333333,9.986692207487794
Holy Potatoes! A Weapon Shop?!,12,3.9166666666666665,135.76666666666668,9.986692207487794
Shellshock Nam '67,12,3.9166666666666665,96.66666666666667,9.986692207487794
Maze - The Amazing Labyrinth,12,3.9166666666666665,85.29166666666667,9.986692207487794
Capcom Fighting Collection,12,3.9166666666666665,100.79166666666667,9.986692207487794
Bia Hell'S Highway,12,3.9166666666666665,107.55,9.986692207487794
Nightghast,12,3.9166666666666665,62.95000000000001,9.986692207487794
Dungeon Rushers,12,3.9166666666666665,96.625,9.986692207487794
Videoball,12,3.9166666666666665,86.39999999999999,9.986692207487794
Vigour,12,3.9166666666666665,74.38333333333334,9.986692207487794
Robodunk,12,3.9166666666666665,88.05,9.986692207487794
The Jumping Tofu,12,3.9166666666666665,112.0,9.986692207487794
Jump Race,12,3.9166666666666665,117.16666666666667,9.986692207487794
Bit Dungeon Plus [Cross-Buy],12,3.9166666666666665,92.10000000000001,9.986692207487794
Elden Ring Ps4 & Ps5,12,3.9166666666666665,133.74166666666667,9.986692207487794
Buildozer Simulator,12,3.9166666666666665,74.20833333333333,9.986692207487794
Avenging Spirit Ps4 & Ps5,12,3.9166666666666665,112.625,9.986692207487794
Cuisineer,12,3.9166666666666665,86.97500000000001,9.986692207487794
Tralalero Tralala Jigsaw Puzzles,12,3.9166666666666665,115.64999999999999,9.986692207487794
Castlestorm Complete Edition,12,3.9166666666666665,102.3,9.986692207487794
Lake Ps4 & Ps5,12,3.9166666666666665,123.05833333333334,9.986692207487794
Perles De L'Atlantide : La Crique,12,3.9166666666666665,104.84166666666665,9.986692207487794
Bones Of Halloween Ps4 & Ps5,15,3.2666666666666666,87.36,9.947650590019364
The Thaumaturge,15,3.2666666666666666,121.89333333333335,9.947650590019364
The Jumping Carrot Race - Ps4 & Ps5,15,3.2666666666666666,108.78666666666666,9.947650590019364
Everspace 2,10,4.6,105.80999999999999,9.946479490377685
To A T,10,4.6,129.37,9.946479490377685
Soulbind: Tales Of The Underworld,10,4.6,116.89000000000001,9.946479490377685
Socom: U.S. Navy Seals Tactical Strike,10,4.6,104.55999999999999,9.946479490377685
Venture Towns,10,4.6,123.39000000000001,9.946479490377685
Awesome Pea 3,10,4.6,95.72,9.946479490377685
Strength Of The Sword: Ultimate,10,4.6,73.03,9.946479490377685
Zj The Ball Calculator,10,4.6,69.76,9.946479490377685
Tardy,10,4.6,93.24,9.946479490377685
Island Flight Simulator,10,4.6,105.72999999999999,9.946479490377685
Dungeons 2,14,3.4285714285714284,96.63571428571429,9.944592068134039
Sturmfront - The Mutant War: Übel Edition,14,3.4285714285714284,103.4357142857143,9.944592068134039
Aery - Sky Castle,14,3.4285714285714284,108.15714285714286,9.944592068134039
Gex Trilogy,14,3.4285714285714284,119.12142857142858,9.944592068134039
Sprint For Survival,14,3.4285714285714284,116.55,9.944592068134039
Beat The Beats Vr,14,3.4285714285714284,93.34285714285714,9.944592068134039
Vengeful Guardian: Moonrider,14,3.4285714285714284,123.98571428571428,9.944592068134039
Culinary Cooking Master Simulator,14,3.4285714285714284,121.01428571428572,9.944592068134039
G1 Jockey 4,14,3.4285714285714284,127.56428571428572,9.944592068134039
Robobit8,14,3.4285714285714284,86.28571428571429,9.944592068134039
Donut County,14,3.4285714285714284,107.55,9.944592068134039
All You Need Is Help,14,3.4285714285714284,136.21428571428572,9.944592068134039
Bloodstained: Curse Of The Moon,14,3.4285714285714284,82.34285714285714,9.944592068134039
Exitslum11,14,3.4285714285714284,70.47857142857143,9.944592068134039
F1 Manager 2024 Ps4 & Ps5,11,4.181818181818182,114.88181818181819,9.934894710199416
Princess Farmer,11,4.181818181818182,101.46363636363635,9.934894710199416
Hungry Monster,11,4.181818181818182,64.04545454545455,9.934894710199416
Teeter,11,4.181818181818182,109.81818181818181,9.934894710199416
Alvo Vr,11,4.181818181818182,89.69090909090909,9.934894710199416
The Jumping Bonbon Match 2 - Ps4 & Ps5,11,4.181818181818182,63.14545454545455,9.934894710199416
7Th Sector,11,4.181818181818182,108.5,9.934894710199416
Paperbound,11,4.181818181818182,122.67272727272729,9.934894710199416
Fate: Reawakened,11,4.181818181818182,104.35454545454546,9.934894710199416
I Love Finding More Pups Collector'S Edition,11,4.181818181818182,90.78181818181817,9.934894710199416
The Capybara P,11,4.181818181818182,92.99090909090908,9.934894710199416
Through The Woods,11,4.181818181818182,111.9909090909091,9.934894710199416
Party Saboteurs: After Party,11,4.181818181818182,138.1727272727273,9.934894710199416
Flintlock: The Siege Of Dawn,11,4.181818181818182,58.56363636363637,9.934894710199416
Gorogoa,11,4.181818181818182,110.11818181818181,9.934894710199416
Battle Chasers: Nightwar,11,4.181818181818182,90.65454545454546,9.934894710199416
Song Of Horror,11,4.181818181818182,95.67272727272729,9.934894710199416
Let Them Come,11,4.181818181818182,106.61818181818181,9.934894710199416
Before Your Eyes,11,4.181818181818182,112.80909090909091,9.934894710199416
So Much Stuff 4,11,4.181818181818182,106.41818181818181,9.934894710199416
Bestanden! Dein Weg Zum Führerschein (Code De La Route Allemand),11,4.181818181818182,87.7,9.934894710199416
Riptide Gp: Renegade,11,4.181818181818182,120.86363636363636,9.934894710199416
Blackhole: Complete Edition,11,4.181818181818182,129.20909090909092,9.934894710199416
Safari Puzzle Match,11,4.181818181818182,64.98181818181818,9.934894710199416
Payday 2: Crimewave Edition.,11,4.181818181818182,113.04545454545455,9.934894710199416
Battlefront Trench Warriors: Ops Of Warfare,11,4.181818181818182,109.88181818181819,9.934894710199416
Gallery Gunner - Ps4 & Ps5,11,4.181818181818182,62.33636363636364,9.934894710199416
Démo Everybody’S Golf,11,4.181818181818182,85.8,9.934894710199416
Immortal Planet,11,4.181818181818182,118.14545454545454,9.934894710199416
Archangel,11,4.181818181818182,83.12727272727273,9.934894710199416
Simulacra,11,4.181818181818182,111.63636363636364,9.934894710199416
Mage Battle Arena,11,4.181818181818182,106.46363636363635,9.934894710199416
Smily Angry,11,4.181818181818182,119.34545454545454,9.934894710199416
Neptunia: Sisters Vs Sisters,11,4.181818181818182,87.53636363636363,9.934894710199416
Coolpaintrvr Deluxe Edition,11,4.181818181818182,101.30909090909091,9.934894710199416
Cave Ranger,11,4.181818181818182,117.16363636363636,9.934894710199416
Rattle Royale,11,4.181818181818182,84.44545454545454,9.934894710199416
Catch The Bowling Balls (Challenge Mode Edition) - Breakthrough Gaming Arcade,11,4.181818181818182,113.23636363636363,9.934894710199416
Saints Row 2,11,4.181818181818182,125.36363636363636,9.934894710199416
Jetpack Kiwi Ps4 & Ps5,11,4.181818181818182,89.50909090909092,9.934894710199416
Disney Pixar Toy Story 2,11,4.181818181818182,87.5,9.934894710199416
Sphinx And The Cursed Mummy,11,4.181818181818182,132.88181818181818,9.934894710199416
Boiling Bolt,11,4.181818181818182,141.42727272727274,9.934894710199416
Mechwarrior 5: Mercenaries,11,4.181818181818182,117.03636363636365,9.934894710199416
Command & Conquer Alerte Rouge 3 Le Challenge,11,4.181818181818182,86.42727272727274,9.934894710199416
Dungeons 3,13,3.6153846153846154,124.36923076923077,9.928919171265782
Disgaea 7: Vows Of The Virtueless,13,3.6153846153846154,95.63076923076923,9.928919171265782
Damn,13,3.6153846153846154,85.89230769230768,9.928919171265782
Let It Die: Inferno,13,3.6153846153846154,110.83076923076922,9.928919171265782
Siren Blood Curse Chapitre Trois – Le Nid Des Démons,13,3.6153846153846154,96.3076923076923,9.928919171265782
Amer Fighting,13,3.6153846153846154,100.23076923076923,9.928919171265782
Burger Fun,13,3.6153846153846154,95.92307692307692,9.928919171265782
Rogue Aces,13,3.6153846153846154,101.1846153846154,9.928919171265782
Coffee Break Head To Head,13,3.6153846153846154,104.97692307692309,9.928919171265782
System Shock,13,3.6153846153846154,92.44615384615385,9.928919171265782
Date Z,13,3.6153846153846154,106.06153846153846,9.928919171265782
Super Dark Deception,13,3.6153846153846154,128.96153846153845,9.928919171265782
Ratchet: Gladiator,13,3.6153846153846154,122.43846153846154,9.928919171265782
Mise À Jour Rainbow Moon Ps4,13,3.6153846153846154,79.78461538461539,9.928919171265782
Cruz Brothers - Combat School Edition,13,3.6153846153846154,90.21538461538461,9.928919171265782
Farming Simulator 19,13,3.6153846153846154,101.5076923076923,9.928919171265782
Blood Of Mehran,13,3.6153846153846154,112.07692307692308,9.928919171265782
Gnomes And Knights,13,3.6153846153846154,115.14615384615385,9.928919171265782
Lost Chiko 2,13,3.6153846153846154,106.56923076923077,9.928919171265782
Ball Destiny,13,3.6153846153846154,109.98461538461538,9.928919171265782
Pirate Solitaire,13,3.6153846153846154,113.6846153846154,9.928919171265782
Karma City Police Ps4 & Ps5,13,3.6153846153846154,99.11538461538461,9.928919171265782
Taco Run,13,3.6153846153846154,99.9,9.928919171265782
Square Logic Ps4 & Ps5,13,3.6153846153846154,118.35384615384616,9.928919171265782
Stylist Girl,13,3.6153846153846154,118.87692307692308,9.928919171265782
Driverio 3,13,3.6153846153846154,85.53076923076924,9.928919171265782
Horror Break,13,3.6153846153846154,103.60769230769232,9.928919171265782
Quiz Thiz Croatia: Bronze Edition,13,3.6153846153846154,87.46923076923076,9.928919171265782
God Of War Hd,13,3.6153846153846154,99.34615384615384,9.928919171265782
Tales Of Monkey Island Ch 4: The Trial & Execution Of Guybrush,13,3.6153846153846154,106.57692307692308,9.928919171265782
Statik,13,3.6153846153846154,96.96923076923076,9.928919171265782
Teslagrad 2 Ps4 & Ps5,13,3.6153846153846154,121.16153846153846,9.928919171265782
Battle Trivia Knockout,13,3.6153846153846154,97.71538461538461,9.928919171265782
Grim Legends 2: Song Of The Dark Swan,13,3.6153846153846154,111.66923076923078,9.928919171265782
Spartan Fist,12,3.8333333333333335,129.625,9.897228449667384
Block & Shot,12,3.8333333333333335,96.74166666666667,9.897228449667384
King Arthur: Knight'S Tale,12,3.8333333333333335,97.0,9.897228449667384
Le Monde De Nemo,12,3.8333333333333335,110.59166666666665,9.897228449667384
Corridor Vr,12,3.8333333333333335,129.31666666666666,9.897228449667384
Castlevania Dominus Collection,12,3.8333333333333335,119.10833333333333,9.897228449667384
A-Men 2,12,3.8333333333333335,97.7,9.897228449667384
Homme Du Braquage,12,3.8333333333333335,99.52499999999999,9.897228449667384
Werewolf Hunter - Survive The Howl,12,3.8333333333333335,126.23333333333333,9.897228449667384
Finding America: The West Collector'S Edition,12,3.8333333333333335,113.41666666666667,9.897228449667384
Pathfinder: Wrath Of The Righteous - Enhanced Edition,12,3.8333333333333335,102.375,9.897228449667384
Christmas Racing,12,3.8333333333333335,102.55833333333334,9.897228449667384
Agarta,12,3.8333333333333335,83.96666666666667,9.897228449667384
Descending,12,3.8333333333333335,98.01666666666667,9.897228449667384
Townsmen - A Kingdom Rebuilt,12,3.8333333333333335,102.625,9.897228449667384
Rooftop Rascal: The Midnight Cat,12,3.8333333333333335,96.95833333333333,9.897228449667384
Flip It,12,3.8333333333333335,103.04166666666667,9.897228449667384
Gemstones Rush Mania,12,3.8333333333333335,105.61666666666667,9.897228449667384
Breaker Brick Smashing,12,3.8333333333333335,143.69166666666666,9.897228449667384
Magnitude,12,3.8333333333333335,147.70833333333334,9.897228449667384
Maize,12,3.8333333333333335,85.63333333333333,9.897228449667384
Far From Noise,12,3.8333333333333335,116.67500000000001,9.897228449667384
Root Letter,12,3.8333333333333335,111.75833333333333,9.897228449667384
No Mosaic Girls With Sess-Ai 2.0,12,3.8333333333333335,127.03333333333335,9.897228449667384
Affaire Non Résolue : Popularité Meurtrière Ce,12,3.8333333333333335,123.40833333333332,9.897228449667384
Ninja 1987 Ps4 & Ps5,12,3.8333333333333335,93.01666666666667,9.897228449667384
Skydivers Paradise,12,3.8333333333333335,99.39166666666667,9.897228449667384
Cat In Rain,12,3.8333333333333335,111.15833333333335,9.897228449667384
Pet Shop Simulator,12,3.8333333333333335,85.90833333333335,9.897228449667384
Persona 3 Reload Ps4 Et Ps5,12,3.8333333333333335,124.93333333333334,9.897228449667384
Shredders,12,3.8333333333333335,72.20833333333333,9.897228449667384
Nun Of Your Business,12,3.8333333333333335,113.07499999999999,9.897228449667384
Motogp18,12,3.8333333333333335,97.85000000000001,9.897228449667384
Ufouria: The Saga 2,12,3.8333333333333335,94.95,9.897228449667384
Resident Evil Village Ps4 & Ps5,12,3.8333333333333335,102.79166666666667,9.897228449667384
Écoutez ! On A Essayé De Rendre « Ces Jeux » Encore Plus Extrêmes ! Certaines Choses Doivent Être Apprises À La Dure !,15,3.2,104.01333333333334,9.860105095744899
A Prison Digging Game,10,4.5,82.24,9.856570538915348
Mystic Warriors Battleground,10,4.5,92.85,9.856570538915348
Back To The Future: Episode 5 - Outatime,10,4.5,115.95,9.856570538915348
Saltsea Chronicles,10,4.5,101.42,9.856570538915348
Kill The Emoji 2,10,4.5,98.17999999999999,9.856570538915348
Art Of Balance,10,4.5,107.6,9.856570538915348
Offroad Jeep Adventure: Mountain Trails Challenge,10,4.5,76.45,9.856570538915348
After You,10,4.5,100.08,9.856570538915348
Quern - Pensées Immortelles,10,4.5,90.26,9.856570538915348
Worm War,10,4.5,90.26,9.856570538915348
Mother Russia Bleeds,10,4.5,99.38,9.856570538915348
Orcs Must Die! 3 Ps4 & Ps5,14,3.357142857142857,97.78571428571429,9.856296434415245
Orbital Dance,14,3.357142857142857,116.85714285714286,9.856296434415245
Cube Stack Ultimate,14,3.357142857142857,126.82857142857142,9.856296434415245
Monster Energy Supercross - The Official Videogame 4,14,3.357142857142857,98.96428571428571,9.856296434415245
Pixicharm - Gravenguard,14,3.357142857142857,97.37142857142858,9.856296434415245
Cazzarion: Hell Biker,14,3.357142857142857,112.41428571428571,9.856296434415245
Dymension:Scary Horror Survival Shooter Adventure,14,3.357142857142857,95.39285714285714,9.856296434415245
Jdm Pixel Street Car Racing,14,3.357142857142857,100.78571428571429,9.856296434415245
Chornobyl Liquidators,14,3.357142857142857,92.75714285714285,9.856296434415245
My Child Lebensborn Remastered,14,3.357142857142857,96.52857142857144,9.856296434415245
Fear Of Biosec,14,3.357142857142857,75.32142857142857,9.856296434415245
No Time To Relax,16,3.0625,108.5,9.854018818739297
Combat The Space,11,4.090909090909091,73.12727272727273,9.845090476737024
Blind Postman,11,4.090909090909091,91.62727272727274,9.845090476737024
Kvark,11,4.090909090909091,89.47272727272728,9.845090476737024
Do Not Feed The Monkeys,11,4.090909090909091,115.42727272727274,9.845090476737024
The King Of Fighters Xiii,11,4.090909090909091,104.5909090909091,9.845090476737024
Elasto Mania Ii,11,4.090909090909091,99.57272727272726,9.845090476737024
Back To The Future: Episode 4 - Double Visions,11,4.090909090909091,87.7090909090909,9.845090476737024
Popslinger,11,4.090909090909091,84.7090909090909,9.845090476737024
Nine Sols Ps4 & Ps5,11,4.090909090909091,114.2,9.845090476737024
Fuga: Melodies Of Steel 2 - Démo,11,4.090909090909091,111.14545454545454,9.845090476737024
Amazing Discoveries In Outer Space,11,4.090909090909091,130.79090909090908,9.845090476737024
Rock 'N Racing Off Road & Grand Prix,11,4.090909090909091,92.53636363636363,9.845090476737024
South Park: Le Bâton De La Vérité,11,4.090909090909091,73.42727272727274,9.845090476737024
Carpieces,11,4.090909090909091,87.4,9.845090476737024
Leo: The Firefighter Cat,11,4.090909090909091,100.7,9.845090476737024
Feu De Camp,11,4.090909090909091,95.75454545454545,9.845090476737024
Nba 2K Playgrounds 2,11,4.090909090909091,115.68181818181819,9.845090476737024
Invizimals: L’Alliance,11,4.090909090909091,101.76363636363637,9.845090476737024
Easter Candy Run,11,4.090909090909091,93.75454545454545,9.845090476737024
Injection Π23 'Ars Regia',11,4.090909090909091,84.37272727272727,9.845090476737024
Maze Of Portals - Ps4 & Ps5,11,4.090909090909091,87.38181818181819,9.845090476737024
Tcg Card Shop Empire,11,4.090909090909091,63.372727272727275,9.845090476737024
Number Line,11,4.090909090909091,108.31818181818181,9.845090476737024
The Talos Principle: Reawakened,11,4.090909090909091,93.69090909090909,9.845090476737024
Bats Bits Balls,11,4.090909090909091,116.38181818181819,9.845090476737024
The Tiger T,11,4.090909090909091,135.06363636363636,9.845090476737024
Aquarun,11,4.090909090909091,94.35454545454546,9.845090476737024
Siren Blood Curse Chapitre Quatre – La Fin N'Est Que Le Début,11,4.090909090909091,117.78181818181817,9.845090476737024
Eyepet Adventures,11,4.090909090909091,98.19090909090909,9.845090476737024
Secret Ponchos,11,4.090909090909091,117.26363636363637,9.845090476737024
Démo De Resistance 3,11,4.090909090909091,96.39090909090909,9.845090476737024
Mirror'S Edge,11,4.090909090909091,106.08181818181819,9.845090476737024
18 Floors,11,4.090909090909091,76.60000000000001,9.845090476737024
Pin Climb,11,4.090909090909091,91.22727272727273,9.845090476737024
Arcade Archives Ninja-Kid Ii,11,4.090909090909091,96.56363636363636,9.845090476737024
1989 After The War Ps4 & Ps5,11,4.090909090909091,97.76363636363637,9.845090476737024
Oddworld: New 'N' Tasty (Ps4),17,2.9411764705882355,126.36470588235294,9.840094648285946
Lorn'S Lure,17,2.9411764705882355,88.65882352941176,9.840094648285946
Cazzarion: Flak Battle,13,3.5384615384615383,90.4076923076923,9.83997296147967
Sakura Melody Ps4 & Ps5,13,3.5384615384615383,95.39230769230768,9.83997296147967
Lego Legends Of Chima : Le Voyage De Laval,13,3.5384615384615383,118.76923076923077,9.83997296147967
World War Z: Aftermath,13,3.5384615384615383,113.32307692307693,9.83997296147967
Aliens: Fireteam Elite Ps4 & Ps5,13,3.5384615384615383,89.24615384615385,9.83997296147967
Ice Block Slide Rush,13,3.5384615384615383,94.57692307692308,9.83997296147967
Taqoban Ps4 & Ps5,13,3.5384615384615383,103.73076923076923,9.83997296147967
Coach Culturel : Des Quiz Passionnants !,13,3.5384615384615383,100.0,9.83997296147967
Descenders,13,3.5384615384615383,113.91538461538462,9.83997296147967
The Jumping Cheese Maze - Ps4 & Ps5,13,3.5384615384615383,102.64615384615385,9.83997296147967
The Tartarus Key,13,3.5384615384615383,75.3153846153846,9.83997296147967
Kamibako - Mythology Of Cube -,13,3.5384615384615383,136.24615384615385,9.83997296147967
Asdivine Hearts Ii,13,3.5384615384615383,70.99230769230769,9.83997296147967
Smash Drums,13,3.5384615384615383,121.52307692307691,9.83997296147967
Rock 'N Racing Bundle 3 In 1,13,3.5384615384615383,99.37692307692308,9.83997296147967
Robocrush,13,3.5384615384615383,123.4076923076923,9.83997296147967
Lasso Catch,13,3.5384615384615383,107.0076923076923,9.83997296147967
Patapon 2 Remastered,13,3.5384615384615383,68.08461538461538,9.83997296147967
Tilting Tiles: Ultimate Tilt Remix,13,3.5384615384615383,108.3153846153846,9.83997296147967
Sopa - Tale Of The Stolen Potato,13,3.5384615384615383,96.86153846153846,9.83997296147967
The Walking Dead : Saison Un,13,3.5384615384615383,115.06923076923077,9.83997296147967
Ferrari Challenge: Trofeo Pirelli,13,3.5384615384615383,103.53076923076924,9.83997296147967
Twins Of Legacy : Elemental,13,3.5384615384615383,106.01538461538462,9.83997296147967
Kitaria Fables,12,3.75,100.45833333333333,9.807764691846975
Top Racer Collection,12,3.75,103.14999999999999,9.807764691846975
Strikers Edge,12,3.75,86.05,9.807764691846975
Aca Neogeo World Heroes 2,12,3.75,133.46666666666667,9.807764691846975
Defend The Rook,12,3.75,89.55833333333334,9.807764691846975
Démo Everybody'S Golf Vr,12,3.75,96.11666666666666,9.807764691846975
8 & 9 Ball Pocket,12,3.75,86.075,9.807764691846975
Lushfoil Photography Sim,12,3.75,98.425,9.807764691846975
Princess Maker 2 Regeneration,12,3.75,120.325,9.807764691846975
Atelier Ryza 2 : Les Légendes Oubliées & Le Secret De La Fée Ps4 & Ps5,12,3.75,122.68333333333334,9.807764691846975
Bayala - Le Jeu,12,3.75,114.25833333333333,9.807764691846975
Furi,12,3.75,112.875,9.807764691846975
Sly 3: Même Les Voleurs Ont Un Honneur,12,3.75,84.50833333333334,9.807764691846975
Get Out!,12,3.75,70.99166666666666,9.807764691846975
Fossilfuel 2,12,3.75,123.55833333333334,9.807764691846975
Stardust Galaxy Warriors: Stellar Climax,12,3.75,95.36666666666667,9.807764691846975
Dragon Quest Vii Reimagined,12,3.75,95.35000000000001,9.807764691846975
Flying Hamster Hd,12,3.75,102.125,9.807764691846975
Long Edge Wins,12,3.75,127.925,9.807764691846975
Patapon Remastered,12,3.75,129.04999999999998,9.807764691846975
Shantae Advance: Risky Revolution,12,3.75,95.41666666666667,9.807764691846975
Undead Citadel,12,3.75,103.66666666666667,9.807764691846975
Layers Of Fear (2016),12,3.75,104.96666666666665,9.807764691846975
Aca Neogeo The King Of Fighters '96,12,3.75,144.625,9.807764691846975
Remnant: From The Ashes,12,3.75,108.83333333333333,9.807764691846975
Sengoku Dynasty,12,3.75,90.83333333333333,9.807764691846975
Gravity Rush,12,3.75,113.7,9.807764691846975
Dog,12,3.75,98.325,9.807764691846975
Santa'S Speedy Quest,15,3.1333333333333333,86.39333333333335,9.772559601470435
Ultimate Chicken Horse,15,3.1333333333333333,108.59333333333333,9.772559601470435
Chernobyl Vr Project,15,3.1333333333333333,96.88000000000001,9.772559601470435
Castaway,14,3.2857142857142856,104.12857142857142,9.768000800696448
Cazzarion: Shellfish Frenzy,14,3.2857142857142856,96.62857142857142,9.768000800696448
Soul Sacrifice,14,3.2857142857142856,114.76428571428572,9.768000800696448
Ys Memoire: The Oath In Felghana,14,3.2857142857142856,129.94285714285715,9.768000800696448
Gravity Crash Portable,14,3.2857142857142856,104.60000000000001,9.768000800696448
Cyber Clutch: Hot Import Nights,14,3.2857142857142856,81.31428571428572,9.768000800696448
Masters Tennis Hd,16,3.0,99.34375,9.76729734211828
Animal Well,16,3.0,130.7625,9.76729734211828
Cobra Kai: The Karate Kid Saga Continues,10,4.4,100.16999999999999,9.766661587453012
Mighty Mouse Cheese Hunt,10,4.4,88.15,9.766661587453012
Yoku'S Island Express,10,4.4,87.07,9.766661587453012
Baseball,10,4.4,110.62,9.766661587453012
Vr Sportive Tout-En-Un,10,4.4,108.25999999999999,9.766661587453012
Diy Fashion Star,10,4.4,119.99000000000001,9.766661587453012
Hyperdevotion Noire: Goddess Black Heart,10,4.4,83.22999999999999,9.766661587453012
The Legend Of Heroes: Trails Through Daybreak Ii,10,4.4,100.74,9.766661587453012
Call Of Cthulhu,10,4.4,98.38,9.766661587453012
Galacticare,10,4.4,116.5,9.766661587453012
My Lovely Pets Collector'S Edition,10,4.4,127.1,9.766661587453012
Highlaundry Overwashed - Play With Your Friends!,10,4.4,104.75999999999999,9.766661587453012
Cyberdimension Neptunia: 4 Goddesses Online,10,4.4,111.02000000000001,9.766661587453012
Code: Realize ~Guardian Of Rebirth~,10,4.4,88.97,9.766661587453012
Elite Dangerous,10,4.4,94.47999999999999,9.766661587453012
Nature Escapes 3 Collector'S Edition,10,4.4,95.25999999999999,9.766661587453012
Bright Side: Riddles And Puzzles,10,4.4,89.22999999999999,9.766661587453012
Star Trucker,10,4.4,127.22,9.766661587453012
Ultimate Ski Jumping 2020,10,4.4,118.87,9.766661587453012
Ginger - The Tooth Fairy,10,4.4,99.37,9.766661587453012
Strong Buy Strong Sell,10,4.4,99.1,9.766661587453012
The Jumping Ice Cube - Ps4 & Ps5,10,4.4,121.14000000000001,9.766661587453012
Garden Catcher,10,4.4,111.25999999999999,9.766661587453012
Arcade Archives Gradius,10,4.4,58.410000000000004,9.766661587453012
Various Daylife,10,4.4,84.71000000000001,9.766661587453012
Doug'S Nightmare Ps4 & Ps5,20,2.65,97.52000000000001,9.766010704145476
Tombi! Special Edition,11,4.0,108.25454545454545,9.755286243274634
Sam & Max: Beyond Time & Space,11,4.0,104.10909090909091,9.755286243274634
Red Johnson'S Chronicles - Seul Contre Tous,11,4.0,98.68181818181819,9.755286243274634
Swoon!Earth Escape,11,4.0,120.63636363636364,9.755286243274634
Aliens Attack,11,4.0,97.68181818181819,9.755286243274634
Rise Eterna 2,11,4.0,90.86363636363636,9.755286243274634
Shaman'S Mask Of The Rune Magic,11,4.0,116.85454545454546,9.755286243274634
Extremely Powerful Capybaras,11,4.0,121.65454545454546,9.755286243274634
Earth Defense Force 6 Ps4 & Ps5,11,4.0,127.81818181818181,9.755286243274634
Happy Hoop Endless Journey,11,4.0,125.73636363636363,9.755286243274634
Lies Of P,11,4.0,96.04545454545455,9.755286243274634
Abzû,11,4.0,78.73636363636363,9.755286243274634
Ww2 Rebuilder,11,4.0,93.6,9.755286243274634
Maximo,11,4.0,99.3090909090909,9.755286243274634
Bejeweled 3,11,4.0,109.35454545454546,9.755286243274634
Command Under Fire Rts,11,4.0,88.83636363636364,9.755286243274634
Conga Master,11,4.0,103.21818181818183,9.755286243274634
Arcade Archives Arcade Flak Attack,11,4.0,116.0,9.755286243274634
Démo D'Infamous 2,11,4.0,120.9,9.755286243274634
Démo De Gravity Rush,11,4.0,111.73636363636363,9.755286243274634
Wanderjahr,11,4.0,111.46363636363635,9.755286243274634
Layers Of Fear,11,4.0,119.91818181818184,9.755286243274634
Socom: Fireteam Bravo [Psp],11,4.0,81.96363636363637,9.755286243274634
Inside,11,4.0,79.15454545454546,9.755286243274634
Gal*Gun: Double Peace,11,4.0,133.1909090909091,9.755286243274634
Romancing Saga 3,11,4.0,146.9,9.755286243274634
The Dog Quiz,11,4.0,118.13636363636364,9.755286243274634
Park Beyond,11,4.0,99.26363636363637,9.755286243274634
Unravel,11,4.0,89.17272727272727,9.755286243274634
V Rising,11,4.0,104.51818181818182,9.755286243274634
Buddy Simulator 1984,11,4.0,102.88181818181819,9.755286243274634
Final Fantasy Iv,11,4.0,105.2181818181818,9.755286243274634
Disciples: Liberation Ps4 & Ps5,11,4.0,103.51818181818182,9.755286243274634
Arcade Archives Shusse Ozumo,11,4.0,112.67272727272729,9.755286243274634
Castaway Paradise,11,4.0,118.28181818181817,9.755286243274634
Axis Football 2026,11,4.0,111.5909090909091,9.755286243274634
The Jumping Boy,11,4.0,98.30909090909091,9.755286243274634
Luto,11,4.0,103.64545454545454,9.755286243274634
Ambidextro,11,4.0,84.0909090909091,9.755286243274634
Atelier Escha & Logy Plus ~Alchemists Of The Dusk Sky~,11,4.0,99.8,9.755286243274634
Froooog,11,4.0,121.9090909090909,9.755286243274634
Fbc: Firebreak,11,4.0,127.86363636363636,9.755286243274634
Neptunia Riders Vs Dogoos,11,4.0,103.73636363636363,9.755286243274634
Class Of Heroes 3 Remaster,11,4.0,91.02727272727272,9.755286243274634
Pixel Driver,11,4.0,79.42727272727274,9.755286243274634
The Ancient Magus' Bride Midsummer Pilgrimage,11,4.0,92.30909090909091,9.755286243274634
Hatoful Boyfriend,11,4.0,110.7818181818182,9.755286243274634
Space 2 (2 Player Cooperation Edition) - Breakthrough Gaming Arcade,11,4.0,98.11818181818181,9.755286243274634
The Cow Quiz,11,4.0,92.14545454545454,9.755286243274634
Rento Fortune,11,4.0,74.04545454545455,9.755286243274634
Hauntii,11,4.0,91.38181818181819,9.755286243274634
Raptor Rampage: Dino Hunter,11,4.0,110.24545454545455,9.755286243274634
Absolum,11,4.0,115.72727272727273,9.755286243274634
Phantom Breaker: Omnia,11,4.0,77.89090909090909,9.755286243274634
Zombie Driver Hd Bande-Originale,13,3.4615384615384617,103.62307692307692,9.75102675169356
13 Sentinels: Aegis Rim,13,3.4615384615384617,76.36923076923077,9.75102675169356
Potionomics,13,3.4615384615384617,107.87692307692308,9.75102675169356
The King Of Fighters Xv Edition Standard Ps4 & Ps5,13,3.4615384615384617,116.0076923076923,9.75102675169356
Chip ‘N Clawz Vs. The Brainioids,13,3.4615384615384617,109.89230769230768,9.75102675169356
Pickle Invasion,13,3.4615384615384617,82.84615384615384,9.75102675169356
Super Stardust Hd Complete,13,3.4615384615384617,126.98461538461538,9.75102675169356
Drunkn Bar Fight 2,13,3.4615384615384617,71.8076923076923,9.75102675169356
Royal Roads 3: Portal,13,3.4615384615384617,83.76153846153846,9.75102675169356
Oniken: Unstoppable Edition,13,3.4615384615384617,131.41538461538462,9.75102675169356
Sonar Beat,13,3.4615384615384617,101.73076923076923,9.75102675169356
Psychopathy Assessment,13,3.4615384615384617,92.91538461538462,9.75102675169356
Minecraft Legends,13,3.4615384615384617,73.33846153846153,9.75102675169356
Rebirth,13,3.4615384615384617,82.9,9.75102675169356
Shadow Labyrinth,13,3.4615384615384617,69.79230769230769,9.75102675169356
Shooter Of The Arcana,13,3.4615384615384617,110.36153846153846,9.75102675169356
Urban Trial Tricky Édition Deluxe,13,3.4615384615384617,116.85384615384615,9.75102675169356
Aery - A New Frontier,13,3.4615384615384617,129.6846153846154,9.75102675169356
Winkings,13,3.4615384615384617,79.13846153846154,9.75102675169356
Boxstacker,13,3.4615384615384617,81.0076923076923,9.75102675169356
Fur Squadron,13,3.4615384615384617,96.98461538461538,9.75102675169356
The Escapists,13,3.4615384615384617,84.73076923076923,9.75102675169356
Brawl,13,3.4615384615384617,101.25384615384615,9.75102675169356
Pacify,9,4.888888888888889,113.73333333333333,9.743805312749352
Martha Is Dead Ps4 & Ps5,12,3.6666666666666665,66.925,9.718300934026566
Afl 26,12,3.6666666666666665,84.925,9.718300934026566
Cardpocalypse Soundtrack,12,3.6666666666666665,87.74166666666667,9.718300934026566
Hyper Rider,12,3.6666666666666665,105.95,9.718300934026566
Pirate Treasure: Island Of Mazes,12,3.6666666666666665,128.85,9.718300934026566
Heavy Fire: Shattered Spear,12,3.6666666666666665,90.79166666666667,9.718300934026566
Forbidden Siren,12,3.6666666666666665,113.60833333333333,9.718300934026566
Truck Driver - Gold Edition,12,3.6666666666666665,91.41666666666667,9.718300934026566
Spin Around,12,3.6666666666666665,105.50833333333333,9.718300934026566
Punch Line,12,3.6666666666666665,75.61666666666666,9.718300934026566
Robin Hood - Sherwood Builders,12,3.6666666666666665,89.425,9.718300934026566
Anime Uni 3,12,3.6666666666666665,102.44166666666666,9.718300934026566
Hunt: Showdown 1896,12,3.6666666666666665,111.425,9.718300934026566
Naruto Shippuden: Ultimate Ninja Storm Trilogy,12,3.6666666666666665,100.76666666666667,9.718300934026566
Deliver Us The Moon Ps4 & Ps5,12,3.6666666666666665,136.99166666666667,9.718300934026566
Withering Rooms,12,3.6666666666666665,96.02499999999999,9.718300934026566
Lego Star Wars Ii,12,3.6666666666666665,105.63333333333333,9.718300934026566
Klonoa Phantasy Reverie Series Demo Version,12,3.6666666666666665,89.02499999999999,9.718300934026566
Act It Out Xl! Un Jeu De Mime,12,3.6666666666666665,105.925,9.718300934026566
Tralalero Tralala Slot Machine Casino Heaven,12,3.6666666666666665,106.85000000000001,9.718300934026566
Falling Blocks,12,3.6666666666666665,80.7,9.718300934026566
Blow It Up,12,3.6666666666666665,115.075,9.718300934026566
Fishing: North Atlantic,12,3.6666666666666665,91.29166666666667,9.718300934026566
Gorilla Jungle King Simulator,12,3.6666666666666665,118.83333333333333,9.718300934026566
Wild Hunter: Sniper Rifle Adventures Simulator,12,3.6666666666666665,103.25,9.718300934026566
Chiro Gravitas,12,3.6666666666666665,90.25,9.718300934026566
Zombie Legion,12,3.6666666666666665,114.425,9.718300934026566
Konrad'S Kittens - Pack Thème Chat,12,3.6666666666666665,105.825,9.718300934026566
Journey To Foundation,14,3.2142857142857144,102.0,9.679705166977655
Disney Princesse : Un Voyage Enchanté,14,3.2142857142857144,103.71428571428571,9.679705166977655
Classic Journey,14,3.2142857142857144,88.66428571428571,9.679705166977655
Samurai Shodown,14,3.2142857142857144,91.8,9.679705166977655
Icenoid,10,4.3,117.85,9.676752635990672
Ball Dodge,10,4.3,127.58,9.676752635990672
Dante'S Inferno,10,4.3,96.19,9.676752635990672
Arcade Archives Ninja-Kid,10,4.3,124.22,9.676752635990672
Harvest Moon: Home Sweet Home Special Edition,10,4.3,117.91,9.676752635990672
Track (Challenge Mode Edition) - Breakthrough Gaming Arcade,10,4.3,73.44,9.676752635990672
Loot Rascals,10,4.3,139.93,9.676752635990672
Capcom Beat 'Em Up Bundle,10,4.3,100.11,9.676752635990672
Aca Neogeo Blazing Star,10,4.3,112.54,9.676752635990672
Super Stardust Ultra Vr,10,4.3,119.25,9.676752635990672
Circle Triangle Cross,10,4.3,121.69000000000001,9.676752635990672
Sunflowers,10,4.3,126.79,9.676752635990672
Tarutobi,10,4.3,102.99000000000001,9.676752635990672
Castlevania: The Dracula X Chronicles,10,4.3,94.42,9.676752635990672
Space Junkies,10,4.3,114.12,9.676752635990672
Tiny Town Roll,10,4.3,118.03,9.676752635990672
Eriksholm: The Stolen Dream,10,4.3,107.02000000000001,9.676752635990672
We Sing Pop,10,4.3,92.85,9.676752635990672
World Of Final Fantasy Demo,10,4.3,121.75999999999999,9.676752635990672
Don Bradman Cricket,10,4.3,100.67,9.676752635990672
"Injection Π23 'No Name, No Number' - Complete Edition",10,4.3,95.43,9.676752635990672
Roundout By Powgi,10,4.3,75.72,9.676752635990672
"The Table Game Deluxe Pack 　-Mahjong, Go, Shogi, Tsume Shogi, Othello, Card, Hanafuda, Shisen Mahjong Solitaire, Chess, Backgammon-",10,4.3,121.72999999999999,9.676752635990672
Mushroom Savior,10,4.3,106.85999999999999,9.676752635990672
The Penguin P,10,4.3,78.78,9.676752635990672
Stackzap,10,4.3,102.72,9.676752635990672
Aca2Neogeo The King Of Fighters '98,10,4.3,87.27000000000001,9.676752635990672
Ape Escape,10,4.3,92.36,9.676752635990672
United Assault - Final Stand,10,4.3,97.24,9.676752635990672
Devil Girl,10,4.3,85.78999999999999,9.676752635990672
Sprint Journey,10,4.3,81.52000000000001,9.676752635990672
Akiba'S Beat,10,4.3,79.22,9.676752635990672
Drive Drive Drive,10,4.3,75.92999999999999,9.676752635990672
Who Needs A Hero? Ps4 & Ps5,10,4.3,102.9,9.676752635990672
Aca Neogeo Sengoku 2,10,4.3,115.0,9.676752635990672
"Penn & Teller Vr: F U, U, U, & U",10,4.3,74.14,9.676752635990672
Explosion De Gang,10,4.3,128.88000000000002,9.676752635990672
Bob L'Éponge,11,3.909090909090909,80.60909090909091,9.665482009812244
Sundered : Édition Surnaturelle,11,3.909090909090909,102.0090909090909,9.665482009812244
Yamayama,11,3.909090909090909,87.85454545454546,9.665482009812244
Cube Farmer,11,3.909090909090909,118.47272727272728,9.665482009812244
Heist Simulator: Urban Thief Shadows,11,3.909090909090909,140.79090909090908,9.665482009812244
Guest Rush Ps4 & Ps5,11,3.909090909090909,101.48181818181818,9.665482009812244
Heading Out,11,3.909090909090909,99.82727272727271,9.665482009812244
Aca Neogeo The King Of Fighters '95,11,3.909090909090909,90.98181818181818,9.665482009812244
Stirring Tea Perfection,11,3.909090909090909,118.0090909090909,9.665482009812244
Key Of Heaven,11,3.909090909090909,90.02727272727273,9.665482009812244
Ed & Edda: Grand Prix – Racing Champions,11,3.909090909090909,96.4,9.665482009812244
Bedrotting,11,3.909090909090909,84.50909090909092,9.665482009812244
Unepic,11,3.909090909090909,104.5909090909091,9.665482009812244
Mutant Year Zero: Road To Eden,11,3.909090909090909,109.84545454545454,9.665482009812244
Fables Mosaic: Little Red Hood,11,3.909090909090909,95.32727272727274,9.665482009812244
Knights Of Pen And Paper +1 Deluxier Edition,11,3.909090909090909,106.2909090909091,9.665482009812244
Little Red Lie,11,3.909090909090909,67.16363636363636,9.665482009812244
Only Up Rush,11,3.909090909090909,130.8090909090909,9.665482009812244
Super Blackjack Battle Ii - Turbo Edition - The Card Warriors,11,3.909090909090909,86.39090909090909,9.665482009812244
Skater Bunny Simulator,11,3.909090909090909,83.44545454545454,9.665482009812244
Bunny Rampage: History Of Revenge,11,3.909090909090909,104.9,9.665482009812244
Tumble Vr,11,3.909090909090909,91.73636363636363,9.665482009812244
Arcade Archives Magmax,11,3.909090909090909,109.27272727272727,9.665482009812244
Mia'S Picnic,11,3.909090909090909,103.11818181818181,9.665482009812244
Parasol Stars: The Story Of Bubble Bobble Iii,11,3.909090909090909,108.51818181818182,9.665482009812244
Deceive Inc Ps5,11,3.909090909090909,103.33636363636364,9.665482009812244
Fairy Fencer F,11,3.909090909090909,91.88181818181819,9.665482009812244
Ninja Pizza Girl,11,3.909090909090909,84.67272727272727,9.665482009812244
Dodge The Ball,11,3.909090909090909,106.88181818181819,9.665482009812244
Ratchet & Clank: La Taille,11,3.909090909090909,147.94545454545457,9.665482009812244
The Huntsman: Winter’S Curse,11,3.909090909090909,93.81818181818181,9.665482009812244
Repentless 2,11,3.909090909090909,78.48181818181818,9.665482009812244
Eperon Defend,11,3.909090909090909,72.94545454545454,9.665482009812244
Fruitbus,11,3.909090909090909,98.93636363636364,9.665482009812244
Glitch: Dead Loop Horror,11,3.909090909090909,84.77272727272727,9.665482009812244
Dragon Quest Iii Hd-2D Remake,11,3.909090909090909,98.60909090909091,9.665482009812244
How To: Superhero!,11,3.909090909090909,75.44545454545454,9.665482009812244
Need For Speed Rivals,11,3.909090909090909,78.5,9.665482009812244
Velocity Riders,11,3.909090909090909,77.61818181818181,9.665482009812244
Tiny Battles,11,3.909090909090909,93.04545454545455,9.665482009812244
Tropico 5 - Complete Collection,11,3.909090909090909,96.35454545454546,9.665482009812244
Tekken 7,11,3.909090909090909,118.75454545454545,9.665482009812244
Plox Neon,11,3.909090909090909,78.33636363636364,9.665482009812244
The Llama L,11,3.909090909090909,113.9,9.665482009812244
Assassin'S Creed 2 Game Of The Year Edition,11,3.909090909090909,103.7,9.665482009812244
Operation Abyss: New Tokyo Legacy - Full Game,11,3.909090909090909,129.0,9.665482009812244
Die Again,11,3.909090909090909,91.88181818181818,9.665482009812244
Fears To Fathom - Ironbark Lookout,11,3.909090909090909,131.87272727272727,9.665482009812244
Sports Pinball Bundle,11,3.909090909090909,79.48181818181818,9.665482009812244
Pode,11,3.909090909090909,120.10909090909091,9.665482009812244
Time Machine Vr,11,3.909090909090909,85.93636363636364,9.665482009812244
The Jackbox Party Pack 5,13,3.3846153846153846,90.5923076923077,9.662080541907448
PlaystationHome,13,3.3846153846153846,104.94615384615385,9.662080541907448
Medal Of Honor : Les Faucons De Guerr,13,3.3846153846153846,128.4153846153846,9.662080541907448
Polimines Deluxe Ps4 & Ps5,13,3.3846153846153846,85.11538461538461,9.662080541907448
Puzzle Piecer: The World Below,13,3.3846153846153846,103.94615384615385,9.662080541907448
Zheros‎,13,3.3846153846153846,99.58461538461538,9.662080541907448
Bomb Rush Cyberfunk Ps4 & Ps5,13,3.3846153846153846,92.66923076923078,9.662080541907448
Ducati - 90Th Anniversary,13,3.3846153846153846,105.15384615384616,9.662080541907448
Hot Wheels Unleashed 2 - Turbocharged Ps4 & Ps5,13,3.3846153846153846,82.43076923076923,9.662080541907448
Bridge Race,13,3.3846153846153846,111.44615384615385,9.662080541907448
Nova Strike,13,3.3846153846153846,75.56923076923077,9.662080541907448
Warhammer: Chaosbane,13,3.3846153846153846,111.93076923076923,9.662080541907448
Dead Land 2 Vr,13,3.3846153846153846,78.24615384615385,9.662080541907448
Voodoo Chronicles: The First Sign,13,3.3846153846153846,94.91538461538462,9.662080541907448
Nurse Love Addiction,13,3.3846153846153846,95.96153846153847,9.662080541907448
Ghost Of Tsushima: Legends,13,3.3846153846153846,77.50769230769231,9.662080541907448
Element4L,13,3.3846153846153846,95.06153846153846,9.662080541907448
Coffee Run,9,4.777777777777778,70.11111111111111,9.654106769283086
Rematch,9,4.777777777777778,76.01111111111112,9.654106769283086
Conarium,9,4.777777777777778,107.93333333333334,9.654106769283086
Warzone Chronicles: Virtual Warfare Shooter,12,3.5833333333333335,117.65833333333335,9.628837176206158
Football Striker 2025 - Ps4 & Ps5,12,3.5833333333333335,113.375,9.628837176206158
The Jumping Bonbon Match 3 - Ps4 & Ps5,12,3.5833333333333335,83.3,9.628837176206158
Axe Ace,12,3.5833333333333335,108.93333333333334,9.628837176206158
Robocop: Rogue City,12,3.5833333333333335,79.52499999999999,9.628837176206158
Night In The Woods,12,3.5833333333333335,112.50833333333333,9.628837176206158
Tiny Tina'S Wonderlands Pour Ps4,12,3.5833333333333335,94.325,9.628837176206158
Street Fighter Iii: Third Strike Online Edition,12,3.5833333333333335,118.08333333333333,9.628837176206158
Pretty Bird 9,12,3.5833333333333335,105.08333333333333,9.628837176206158
Vagrus - The Riven Realms Prologue,12,3.5833333333333335,88.24166666666667,9.628837176206158
The Escapists 2,12,3.5833333333333335,104.52499999999999,9.628837176206158
Puzzle Dimension,12,3.5833333333333335,84.46666666666667,9.628837176206158
Road To Ballhalla,12,3.5833333333333335,111.58333333333333,9.628837176206158
Project Tower,12,3.5833333333333335,116.38333333333334,9.628837176206158
Resident Evil 4 (2005),12,3.5833333333333335,102.55,9.628837176206158
Pixel Warrior,12,3.5833333333333335,120.06666666666666,9.628837176206158
Between Horizons,12,3.5833333333333335,105.14166666666667,9.628837176206158
Dash & Roll,12,3.5833333333333335,103.61666666666667,9.628837176206158
Bottle: Pilgrim Redux,12,3.5833333333333335,103.95,9.628837176206158
Sekimorigami Saien,12,3.5833333333333335,83.04166666666667,9.628837176206158
3D Arcade Fishing,12,3.5833333333333335,120.04166666666667,9.628837176206158
Jex,12,3.5833333333333335,110.30833333333334,9.628837176206158
Windlands 2,12,3.5833333333333335,100.125,9.628837176206158
Super Stardust Hd,12,3.5833333333333335,111.68333333333334,9.628837176206158
Hardspace: Shipbreaker,12,3.5833333333333335,111.75833333333333,9.628837176206158
Reflector,12,3.5833333333333335,84.375,9.628837176206158
Penny’S Big Breakaway,12,3.5833333333333335,122.94166666666666,9.628837176206158
Dream Bakery,15,3.0,84.48666666666666,9.597468612921505
Sbk22 Ps4 & Ps5,14,3.142857142857143,98.79285714285713,9.591409533258858
Pursuit Force: Extreme Justice (Esn),14,3.142857142857143,103.62142857142858,9.591409533258858
1945 I & Ii - The Arcade Games,14,3.142857142857143,87.16428571428571,9.591409533258858
Cazzarion: Kutululu,10,4.2,62.970000000000006,9.586843684528333
Pretty Bird 8,10,4.2,99.84,9.586843684528333
Tales Of Arise Ps4 & Ps5,10,4.2,116.78,9.586843684528333
Prey: Typhon Hunter,10,4.2,114.35,9.586843684528333
Mr. Massagy,10,4.2,127.92999999999999,9.586843684528333
Canada Break Head To Head,10,4.2,107.03,9.586843684528333
Golden Rails 5,10,4.2,103.25,9.586843684528333
Chroma Squad,10,4.2,110.69000000000001,9.586843684528333
Battlefield 2042 Sur Ps5,10,4.2,83.01,9.586843684528333
Les Aventuriers Du Rail,10,4.2,77.64000000000001,9.586843684528333
Ball Lab Ii Ps4 & Ps5,10,4.2,111.25,9.586843684528333
Minecraft Dungeons,10,4.2,87.97999999999999,9.586843684528333
We Are Ofk,10,4.2,93.75,9.586843684528333
I Love Finding Pups! Collector'S Edition,10,4.2,101.69,9.586843684528333
Encircled,10,4.2,149.44,9.586843684528333
Horror & Sports Pinball,10,4.2,89.17999999999999,9.586843684528333
Unsolved Case: Above The Law Ce,10,4.2,105.99000000000001,9.586843684528333
Zombie Scream,10,4.2,99.28,9.586843684528333
Kaku - Ancient Seal,10,4.2,101.28,9.586843684528333
Carnival Heroes : 24 Mini-Jeux Super Fête,10,4.2,102.10999999999999,9.586843684528333
Rex N Run,10,4.2,74.65,9.586843684528333
Mimi The Cat: Mimi'S Scratcher,10,4.2,112.05999999999999,9.586843684528333
The Legend Of Dragoon,10,4.2,119.25,9.586843684528333
Ghost Of A Tale,10,4.2,109.54,9.586843684528333
Revita,10,4.2,112.91,9.586843684528333
The Swords Of Ditto: Mormo'S Curse,10,4.2,92.41,9.586843684528333
Final Fantasy Type-0,10,4.2,130.22,9.586843684528333
Convoy: A Tactical Roguelike,10,4.2,73.11,9.586843684528333
Kuukiyomi 2: Consider It More! - New Era,10,4.2,88.03,9.586843684528333
A Plague Tale: Innocence,10,4.2,97.22,9.586843684528333
Rocketsrocketsrockets,10,4.2,110.08,9.586843684528333
Nik And Kit'S Math Quiz - Breakthrough Gaming Activity Center,10,4.2,89.76,9.586843684528333
Dark Souls Iii,10,4.2,86.97,9.586843684528333
Frog Jumper,10,4.2,95.97999999999999,9.586843684528333
Aliens: Dark Descent,10,4.2,97.82000000000001,9.586843684528333
Assassin'S Creed Ii,10,4.2,116.94000000000001,9.586843684528333
Wackylands Boss,17,2.764705882352941,105.34705882352941,9.582564269470534
Death'S Gambit: Afterlife,11,3.8181818181818183,112.1,9.575677776349853
Bō: Path Of The Teal Lotus,11,3.8181818181818183,105.07272727272726,9.575677776349853
Locoroco [Psp],11,3.8181818181818183,114.33636363636364,9.575677776349853
Steel Rats,11,3.8181818181818183,101.25454545454545,9.575677776349853
Alphadia Iii,11,3.8181818181818183,118.23636363636363,9.575677776349853
Prey,11,3.8181818181818183,118.83636363636364,9.575677776349853
Rocket Lift,11,3.8181818181818183,104.26363636363637,9.575677776349853
Orb Slide Dodge Danger,11,3.8181818181818183,128.73636363636362,9.575677776349853
Rock Of Ages 2: Bigger & Boulder,11,3.8181818181818183,123.48181818181818,9.575677776349853
The Evil Within 2,11,3.8181818181818183,110.10909090909091,9.575677776349853
Oniriam,11,3.8181818181818183,96.5090909090909,9.575677776349853
Dungeon Village,11,3.8181818181818183,98.0090909090909,9.575677776349853
Cat Quest,11,3.8181818181818183,102.69090909090909,9.575677776349853
Uno,11,3.8181818181818183,115.06363636363636,9.575677776349853
Ra.One: The Game,11,3.8181818181818183,87.67272727272727,9.575677776349853
Path Of The Builder,11,3.8181818181818183,125.21818181818183,9.575677776349853
Worms Armageddon: Anniversary Edition,11,3.8181818181818183,111.60909090909091,9.575677776349853
Killing Time: Resurrected,11,3.8181818181818183,95.85454545454546,9.575677776349853
Zombie Rush,11,3.8181818181818183,100.47272727272728,9.575677776349853
Raging Loop,11,3.8181818181818183,93.22727272727273,9.575677776349853
Sly 2 : Association De Voleurs,11,3.8181818181818183,79.28181818181818,9.575677776349853
Dragon Ball: Sparking! Zero,11,3.8181818181818183,99.75454545454545,9.575677776349853
Obduction,11,3.8181818181818183,76.52727272727272,9.575677776349853
Bunkers 1944 Fps,11,3.8181818181818183,107.06363636363636,9.575677776349853
Akimbot,11,3.8181818181818183,83.02727272727273,9.575677776349853
"Ratchet & Clank: La Taille, Ça Compte [Psp]",11,3.8181818181818183,110.56363636363636,9.575677776349853
Clockwork Tales: Of Glass And Ink,11,3.8181818181818183,93.17272727272729,9.575677776349853
Paradox Error,11,3.8181818181818183,119.98181818181818,9.575677776349853
Escaping Wonderland,11,3.8181818181818183,99.71818181818183,9.575677776349853
Nhl 24 Ps4,11,3.8181818181818183,102.1,9.575677776349853
It'S Quiz Time,11,3.8181818181818183,99.44545454545455,9.575677776349853
Crash Drive 3,11,3.8181818181818183,108.55454545454545,9.575677776349853
Sudden Strike 4,11,3.8181818181818183,95.94545454545455,9.575677776349853
Hayfever,11,3.8181818181818183,120.2,9.575677776349853
Shadow Tactics: Blades Of The Shogun,11,3.8181818181818183,125.14545454545454,9.575677776349853
Heian City Story,11,3.8181818181818183,107.58181818181819,9.575677776349853
Puzzle Vacations: France,11,3.8181818181818183,108.08181818181819,9.575677776349853
Duck Hunt Vr,11,3.8181818181818183,122.78181818181817,9.575677776349853
Cario 4,11,3.8181818181818183,101.34545454545454,9.575677776349853
Pirates Vr: Jolly Roger,11,3.8181818181818183,101.58181818181819,9.575677776349853
Space Ace,13,3.3076923076923075,99.94615384615385,9.573134332121334
Muv-Luv,13,3.3076923076923075,92.71538461538461,9.573134332121334
The Jumping Onigiri: Turbo,13,3.3076923076923075,111.76153846153846,9.573134332121334
Neurovoider,13,3.3076923076923075,92.92307692307692,9.573134332121334
My Time At Portia,13,3.3076923076923075,108.4,9.573134332121334
It'S Kooky!,13,3.3076923076923075,105.23076923076923,9.573134332121334
My Summer Drive,13,3.3076923076923075,135.8923076923077,9.573134332121334
Rudolph The Red-Nosed Reindeer,13,3.3076923076923075,96.07692307692308,9.573134332121334
Naruto Shippuden: Ultimate Ninja Storm 4 Road To Boruto,13,3.3076923076923075,93.23846153846154,9.573134332121334
Pet The Pup At The Party,13,3.3076923076923075,69.56153846153846,9.573134332121334
Peter Pan,9,4.666666666666667,92.47777777777777,9.564408225816823
Aca Neogeo Super Sidekicks,9,4.666666666666667,108.53333333333333,9.564408225816823
Ao Tennis 2,9,4.666666666666667,88.33333333333333,9.564408225816823
The Longest Five Minutes,9,4.666666666666667,156.03333333333333,9.564408225816823
Super Star Wars,9,4.666666666666667,113.46666666666667,9.564408225816823
Scarlet Nexus Story Demo,9,4.666666666666667,114.07777777777778,9.564408225816823
Crypt Custodian,9,4.666666666666667,149.7111111111111,9.564408225816823
Rocket Car : Ultimate Ball League Machines,9,4.666666666666667,91.42222222222222,9.564408225816823
Space Hulk: Deathwing - Enhanced Edition,9,4.666666666666667,107.73333333333333,9.564408225816823
Cazzarion: Builder,9,4.666666666666667,86.35555555555555,9.564408225816823
Zero-G Gunfight,9,4.666666666666667,95.03333333333333,9.564408225816823
Mega Mall Story2,9,4.666666666666667,92.54444444444444,9.564408225816823
Alan Wake 2,9,4.666666666666667,66.57777777777778,9.564408225816823
Double Dangereux,9,4.666666666666667,76.76666666666667,9.564408225816823
Pixel Hunter,9,4.666666666666667,73.8111111111111,9.564408225816823
Cars La Coupe Internationale De Marti,12,3.5,105.81666666666666,9.539373418385749
The Precinct,12,3.5,98.825,9.539373418385749
Exocars,12,3.5,112.60833333333333,9.539373418385749
Symphony Of The Machine,12,3.5,130.73333333333332,9.539373418385749
Section 8,12,3.5,112.23333333333333,9.539373418385749
Lost Twins 2,12,3.5,79.04166666666667,9.539373418385749
Resonance Of Fate,12,3.5,115.76666666666667,9.539373418385749
Dragon Quest I & Ii Hd-2D Remake,12,3.5,115.25833333333333,9.539373418385749
Rush Rally Origins,12,3.5,111.7,9.539373418385749
Bid Battle: Auction War Simulator Storage Hunter,12,3.5,111.28333333333335,9.539373418385749
Olympic 2024 Journey,12,3.5,93.89999999999999,9.539373418385749
The Jumping Bagel,12,3.5,136.45,9.539373418385749
The Fisherman - Fishing Planet,12,3.5,75.86666666666667,9.539373418385749
Persona 3: Dancing In Moonlight,12,3.5,91.84166666666665,9.539373418385749
Circle Defense,12,3.5,73.03333333333333,9.539373418385749
The Spidy Quiz,12,3.5,84.02499999999999,9.539373418385749
Geometry Survivor,12,3.5,95.50833333333333,9.539373418385749
Moving Out 2,12,3.5,84.64166666666667,9.539373418385749
Lego Party!,12,3.5,132.42499999999998,9.539373418385749
Would You Like To Run An Idol Café? Ps4 & Ps5,12,3.5,118.93333333333334,9.539373418385749
Duck Duck Shoot,12,3.5,91.05,9.539373418385749
Timemelters,15,2.933333333333333,122.02666666666667,9.50992311864704
Knytt Underground,14,3.0714285714285716,97.46428571428571,9.503113899540065
Ball Jumper,10,4.1,120.27000000000001,9.496934733065995
Sleeping Dogs - Édition Numérique,10,4.1,112.95,9.496934733065995
Blackguards 2,10,4.1,121.47999999999999,9.496934733065995
Crysis 2,10,4.1,122.59,9.496934733065995
Minute Of Islands,10,4.1,139.04000000000002,9.496934733065995
Xcom 2,10,4.1,122.85999999999999,9.496934733065995
Zombie Harvest: Survival Farming Simulator,10,4.1,63.4,9.496934733065995
Nano Assault Neo-X,10,4.1,100.59,9.496934733065995
Tropico 6,10,4.1,84.34,9.496934733065995
Germanfest,10,4.1,96.78999999999999,9.496934733065995
Valentine Candy Break 2 Head To Head,10,4.1,92.53,9.496934733065995
Aery - Souvenirs Brisés,10,4.1,151.35999999999999,9.496934733065995
Rooftop Rascal: The Spooky Cat,10,4.1,92.72,9.496934733065995
Bowling (Story Six) (Pammy Version) - Project: Summer Ice,10,4.1,126.6,9.496934733065995
The Dark Pictures: Switchback Vr,10,4.1,74.83,9.496934733065995
Bombe Zone! Tournoi,10,4.1,83.87,9.496934733065995
S.O.L Search Of Light,10,4.1,108.08,9.496934733065995
Charon'S Staircase,10,4.1,88.85,9.496934733065995
American Arcadia,10,4.1,128.62,9.496934733065995
Death Squared,10,4.1,119.4,9.496934733065995
The Nameless City,10,4.1,114.63,9.496934733065995
Gas Station: Idle Simulator,10,4.1,91.78,9.496934733065995
Grim Legends: The Forsaken Bride,10,4.1,131.49,9.496934733065995
Chaoschild,10,4.1,94.56,9.496934733065995
Tetris Effect: Connected,10,4.1,122.02000000000001,9.496934733065995
Cazzarion: Ufo Kidnapping,10,4.1,95.22999999999999,9.496934733065995
Flipbomb,10,4.1,94.34,9.496934733065995
Actraiser Renaissance,10,4.1,78.24,9.496934733065995
Mahjong Woods,10,4.1,97.9,9.496934733065995
Monster Spa Center Simulator,10,4.1,57.83,9.496934733065995
Alone With You,11,3.727272727272727,118.86363636363636,9.485873542887463
Super Robot Wars Y,11,3.727272727272727,113.0,9.485873542887463
Ricky Recharge,11,3.727272727272727,84.58181818181818,9.485873542887463
Highway Drifter: Hajwala Simulator,11,3.727272727272727,107.97272727272728,9.485873542887463
The Door,11,3.727272727272727,84.10000000000001,9.485873542887463
Aca Neogeo Power Spikes Ii,11,3.727272727272727,105.17272727272729,9.485873542887463
One Fear,11,3.727272727272727,110.5090909090909,9.485873542887463
Flywrench,11,3.727272727272727,114.75454545454545,9.485873542887463
Oddworld: Stranger'S Wrath Hd - Ps3 Demo,11,3.727272727272727,94.46363636363635,9.485873542887463
Halloween Memory Quest,11,3.727272727272727,129.11818181818182,9.485873542887463
Inkulinati,11,3.727272727272727,122.26363636363637,9.485873542887463
Retro Cave Flyer,11,3.727272727272727,80.94545454545454,9.485873542887463
Fatal Inertia Ex Full,11,3.727272727272727,89.95454545454545,9.485873542887463
Around The World 3: Amazing Countries Collector'S Edition,11,3.727272727272727,105.34545454545454,9.485873542887463
Nhl 25 Pour Ps5,11,3.727272727272727,94.34545454545454,9.485873542887463
Little Nightmares Enhanced Edition,11,3.727272727272727,97.5909090909091,9.485873542887463
Shoppe Keep,11,3.727272727272727,119.56363636363636,9.485873542887463
Grimgrimoire Oncemore,11,3.727272727272727,115.44545454545455,9.485873542887463
Nba 2K24 Édition Kobe Bryant Pour Ps4,11,3.727272727272727,94.1,9.485873542887463
Hypermarket Simulator Empire 2024,11,3.727272727272727,73.67272727272727,9.485873542887463
Epic Astro Story,11,3.727272727272727,75.97272727272728,9.485873542887463
All Zombies Must Die!,11,3.727272727272727,112.77272727272727,9.485873542887463
Sugar Tanks,11,3.727272727272727,79.87272727272727,9.485873542887463
Cafe 0 ~The Sleeping Beast~ Remastered Ps4 & Ps5,11,3.727272727272727,104.34545454545454,9.485873542887463
Lego Worlds,11,3.727272727272727,85.72727272727273,9.485873542887463
Yumeutsutsu Re:Master,11,3.727272727272727,95.56363636363636,9.485873542887463
Transcripted,11,3.727272727272727,83.2,9.485873542887463
Fate/Samurai Remnant(Ps4 & Ps5),11,3.727272727272727,111.97272727272728,9.485873542887463
Vrog,11,3.727272727272727,85.12727272727274,9.485873542887463
Frogger: Hyper Arcade Edition,11,3.727272727272727,109.22727272727273,9.485873542887463
Thea: The Awakening,11,3.727272727272727,106.35454545454546,9.485873542887463
Takorita Meets Fries Ps4 & Ps5,11,3.727272727272727,96.83636363636364,9.485873542887463
Grooverider Slot Car Racing,11,3.727272727272727,98.76363636363637,9.485873542887463
Mortal Kombat 1,13,3.230769230769231,90.93076923076923,9.484188122335222
Magnitude: Epsilon,13,3.230769230769231,116.78461538461539,9.484188122335222
Spirit Valor,13,3.230769230769231,113.83076923076922,9.484188122335222
Far Cry2,13,3.230769230769231,114.98461538461538,9.484188122335222
Stable Stories - Forest And Meadow Ride,13,3.230769230769231,73.98461538461538,9.484188122335222
Pipe,9,4.555555555555555,117.27777777777777,9.474709682350557
Unicorn Fun,9,4.555555555555555,105.82222222222222,9.474709682350557
Iron Heart,9,4.555555555555555,104.61111111111111,9.474709682350557
Samurai Shodown Neogeo Collection,9,4.555555555555555,91.92222222222222,9.474709682350557
Little Orpheus,9,4.555555555555555,66.25555555555555,9.474709682350557
Gears Of War: Reloaded,9,4.555555555555555,134.97777777777776,9.474709682350557
Nachtmahr,9,4.555555555555555,106.94444444444444,9.474709682350557
Le Jour De La Marmotte: Tel Père Tel Fils,9,4.555555555555555,129.8111111111111,9.474709682350557
Story Of Seasons: A Wonderful Life,9,4.555555555555555,89.47777777777779,9.474709682350557
Applesnatch! Ps4 & Ps5,9,4.555555555555555,120.67777777777776,9.474709682350557
Aventures Élastiques,9,4.555555555555555,82.11111111111111,9.474709682350557
Burger Break Head To Head,9,4.555555555555555,85.5,9.474709682350557
Shadow Of The Colossus Classics Hd,9,4.555555555555555,78.62222222222222,9.474709682350557
The Last Hero: Journey To The Unknown Ps4 & Ps5,9,4.555555555555555,126.26666666666665,9.474709682350557
Wild West Shooter,12,3.4166666666666665,111.48333333333333,9.44990966056534
Stray Gods: The Roleplaying Musical,12,3.4166666666666665,110.825,9.44990966056534
Solitaire Dreamscapes,12,3.4166666666666665,103.825,9.44990966056534
Save Farty The Trivia Game,12,3.4166666666666665,115.90833333333335,9.44990966056534
Megalan 11,12,3.4166666666666665,124.89999999999999,9.44990966056534
Echochrome Ii,12,3.4166666666666665,105.875,9.44990966056534
Golf With Your Friends,12,3.4166666666666665,119.675,9.44990966056534
Learn The Letters,12,3.4166666666666665,85.8,9.44990966056534
Offroad Masters: Motocross Races,12,3.4166666666666665,103.875,9.44990966056534
Soul Sacrifice Delta,12,3.4166666666666665,87.63333333333333,9.44990966056534
Hotel Business Simulator,12,3.4166666666666665,124.00833333333333,9.44990966056534
Golden Racing,12,3.4166666666666665,73.74166666666666,9.44990966056534
Hordecore Console Edition,12,3.4166666666666665,87.68333333333334,9.44990966056534
Arcade Archives Armed F,12,3.4166666666666665,93.04166666666667,9.44990966056534
Wolffang Skullfang Saturn Tribute Boosted Ps4 & Ps5,12,3.4166666666666665,131.65,9.44990966056534
Monster Survivors: Hunting Wilds,12,3.4166666666666665,136.00833333333335,9.44990966056534
Potato Arena,10,4.0,105.34,9.407025781603657
A Hole New World Ps5,10,4.0,116.0,9.407025781603657
Decaylore,10,4.0,114.96,9.407025781603657
Cop Officers: Police Simulator Of Nypd City,10,4.0,108.78,9.407025781603657
From Earth To Heaven,10,4.0,101.73,9.407025781603657
Powershot Pinball,10,4.0,129.17000000000002,9.407025781603657
Learn To Play Vol. 4 - Happy Racer,10,4.0,67.89,9.407025781603657
Lost Records: Bloom & Rage,10,4.0,91.38,9.407025781603657
Assassin'S Creed Valhalla,10,4.0,130.14000000000001,9.407025781603657
Pack Super Stardust Delta + Advanced Star Fighter,10,4.0,125.84,9.407025781603657
Brawlout Demo,10,4.0,91.42999999999999,9.407025781603657
Suikoden Iii,10,4.0,95.06,9.407025781603657
Stikbold! Une Aventure De Balle Au Prisonnier,10,4.0,97.47999999999999,9.407025781603657
Quarantine Lockdown Simulator: Zombie Border,10,4.0,117.72,9.407025781603657
The Jumping Nuggets,10,4.0,90.82000000000001,9.407025781603657
One Last Memory - Reimagined,10,4.0,67.6,9.407025781603657
Dig Or Die,10,4.0,116.21,9.407025781603657
Superdimension Neptune Vs Sega Hard Girls,10,4.0,103.04,9.407025781603657
Eventide 3: Legacy Of Legends,10,4.0,97.11,9.407025781603657
Zombie Army Vr,10,4.0,95.16,9.407025781603657
Towers Watch,10,4.0,118.05,9.407025781603657
Void* Trrlm2(),10,4.0,82.99,9.407025781603657
Klaus Lee - Thunderballs,10,4.0,115.0,9.407025781603657
Shot Block,10,4.0,98.47,9.407025781603657
The Closing Walls,10,4.0,93.52000000000001,9.407025781603657
The Walking Dead: Saints & Sinners,10,4.0,96.25,9.407025781603657
Twice Reborn: A Vampire Visual Novel Ps4 & Ps5,10,4.0,115.14000000000001,9.407025781603657
Dr. Oil,10,4.0,80.06,9.407025781603657
Unreal Tournament 3,10,4.0,99.28999999999999,9.407025781603657
Pixeljunk Nom Nom Galaxy,10,4.0,146.87,9.407025781603657
Mxgp 2019 - The Official Motocross Videogame,10,4.0,103.4,9.407025781603657
Super Mega Baseball 3,10,4.0,99.3,9.407025781603657
Unusual Findings,10,4.0,117.42999999999999,9.407025781603657
Avengexx,10,4.0,133.73,9.407025781603657
Rusty Spout Rescue Adventure,10,4.0,113.0,9.407025781603657
Murasaki Baby,10,4.0,128.42000000000002,9.407025781603657
Batora: Lost Haven,10,4.0,80.03999999999999,9.407025781603657
Nocturnal,10,4.0,77.02000000000001,9.407025781603657
Cronos: The New Dawn,10,4.0,83.08,9.407025781603657
Imp Of The Sun,10,4.0,133.34,9.407025781603657
Pentiment,10,4.0,110.65,9.407025781603657
Windjammers 2,11,3.6363636363636362,122.36363636363636,9.396069309425073
Formula Racing: Grand Prix League,11,3.6363636363636362,77.55454545454546,9.396069309425073
Rock Paper Scissors - Breakthrough Gaming Arcade,11,3.6363636363636362,99.98181818181818,9.396069309425073
Clock Jump,11,3.6363636363636362,100.25454545454545,9.396069309425073
Stretch Arcade,11,3.6363636363636362,89.35454545454546,9.396069309425073
The Invincible,11,3.6363636363636362,92.21818181818182,9.396069309425073
Loopy Ball,11,3.6363636363636362,139.0818181818182,9.396069309425073
Welcome To Jane'S Story In The World Of Project: Summer Ice (Visual Novel),11,3.6363636363636362,125.9,9.396069309425073
Clock Tower: Rewind,11,3.6363636363636362,77.08181818181818,9.396069309425073
Prototype,11,3.6363636363636362,91.22727272727273,9.396069309425073
Dungeon Twister - Version D'Essai,11,3.6363636363636362,100.80909090909091,9.396069309425073
Pro Deer Hunting,11,3.6363636363636362,88.10909090909091,9.396069309425073
The Idolm＠Ster Cinderella Girls Viewing Revolution,11,3.6363636363636362,110.30909090909091,9.396069309425073
Mamorukun Recurse! Ps4 & Ps5,11,3.6363636363636362,98.55454545454545,9.396069309425073
Promise Mascot Agency,11,3.6363636363636362,117.94545454545455,9.396069309425073
Dwarrows,11,3.6363636363636362,107.32727272727271,9.396069309425073
Jurassic World Evolution,11,3.6363636363636362,105.47272727272728,9.396069309425073
Cat Life Simulator,11,3.6363636363636362,125.02727272727272,9.396069309425073
Unbound Saga,11,3.6363636363636362,113.04545454545455,9.396069309425073
Keep Talking And Nobody Explodes,11,3.6363636363636362,130.03636363636363,9.396069309425073
The Hong Kong Massacre,11,3.6363636363636362,87.98181818181818,9.396069309425073
Dark Mist,11,3.6363636363636362,116.19090909090909,9.396069309425073
Bowling (Story Four) (Pammy Version) - Project: Summer Ice,11,3.6363636363636362,109.62727272727274,9.396069309425073
Hidden Cats In Paris,11,3.6363636363636362,75.15454545454546,9.396069309425073
Downward: Enhanced Edition,11,3.6363636363636362,86.5909090909091,9.396069309425073
Tennis Club Story,11,3.6363636363636362,109.45454545454545,9.396069309425073
Mechwarrior 5: Clans,11,3.6363636363636362,96.7090909090909,9.396069309425073
Live A Live Ps4&Ps5,11,3.6363636363636362,76.16363636363636,9.396069309425073
Ashes Cricket,11,3.6363636363636362,92.04545454545455,9.396069309425073
Deliver Us Mars Ps4 & Ps5,11,3.6363636363636362,106.88181818181819,9.396069309425073
Best Of Arcade Games,11,3.6363636363636362,64.76363636363637,9.396069309425073
Farm Frenzy: Refreshed,11,3.6363636363636362,107.46363636363635,9.396069309425073
Superfidos,13,3.1538461538461537,77.48461538461538,9.39524191254911
Cazzarion: Drone Flight,13,3.1538461538461537,75.06153846153846,9.39524191254911
Dare To Fly,9,4.444444444444445,76.38888888888889,9.385011138884293
The Witch’S Redemption,9,4.444444444444445,101.46666666666667,9.385011138884293
Who Pressed Mute On Uncle Marcus?,9,4.444444444444445,131.15555555555557,9.385011138884293
Mantis Burn Racing,9,4.444444444444445,121.1222222222222,9.385011138884293
Super Mega Space Blaster Special Turbo,9,4.444444444444445,101.60000000000001,9.385011138884293
Gleylancer Ps4 & Ps5,9,4.444444444444445,83.27777777777777,9.385011138884293
Veins Of Darkness Horror,9,4.444444444444445,77.62222222222222,9.385011138884293
I'M In Love With Your Dead Grandmother Presents: Noah Smalljohnson'S Puzzle Game: Digital Deluxe Mega Chad Edition,9,4.444444444444445,82.0,9.385011138884293
Project: Summer Ice Bowling Online,9,4.444444444444445,115.58888888888889,9.385011138884293
Shadowgate,9,4.444444444444445,125.45555555555555,9.385011138884293
Neptunia Reverse,9,4.444444444444445,125.44444444444444,9.385011138884293
Omg Hd Zombies!,9,4.444444444444445,114.94444444444444,9.385011138884293
Magicka 2,9,4.444444444444445,107.93333333333334,9.385011138884293
N Verlore Verstand - Démo,9,4.444444444444445,85.92222222222222,9.385011138884293
Wukong'S Child: Monkey King Myth,9,4.444444444444445,89.45555555555556,9.385011138884293
Bubble Monsters,9,4.444444444444445,69.4,9.385011138884293
Islets,9,4.444444444444445,106.61111111111111,9.385011138884293
The Council - Episode 1: The Mad Ones,9,4.444444444444445,96.80000000000001,9.385011138884293
Sniper Elite 4,9,4.444444444444445,89.36666666666666,9.385011138884293
Shoulders Of Giants: Ultimate,9,4.444444444444445,106.32222222222222,9.385011138884293
Pix'N Love Rush,12,3.3333333333333335,122.15833333333335,9.36044590274493
Pretty Bird 2,12,3.3333333333333335,80.05,9.36044590274493
Jitsu Squad,12,3.3333333333333335,97.625,9.36044590274493
Thunder,12,3.3333333333333335,109.29166666666667,9.36044590274493
Mind Labyrinth Vr Dreams,12,3.3333333333333335,92.325,9.36044590274493
Galactic Cat,12,3.3333333333333335,121.38333333333333,9.36044590274493
Hitman 2: Silent Assassin Hd,12,3.3333333333333335,121.75,9.36044590274493
Double Dragon & Kunio-Kun: Retro Brawler Bundle,12,3.3333333333333335,103.13333333333333,9.36044590274493
The Awakening Of Mummies,12,3.3333333333333335,137.95833333333334,9.36044590274493
Visions Of Mana Ps4 Et Ps5,12,3.3333333333333335,91.125,9.36044590274493
Cubicban,10,3.9,115.33,9.31711683014132
Toaplan Arcade Collection Vol. 2,10,3.9,118.66,9.31711683014132
Kona Ii: Brume,10,3.9,91.8,9.31711683014132
Pickleball Multisport Vr,10,3.9,109.17,9.31711683014132
Shady Part Of Me,10,3.9,96.95,9.31711683014132
Tom Clancy’S Rainbow Six Extraction,10,3.9,113.49000000000001,9.31711683014132
Real Heroes: Firefighter Hd,10,3.9,135.94,9.31711683014132
Four Sided Fantasy,10,3.9,132.99,9.31711683014132
Nump Jump,10,3.9,96.02000000000001,9.31711683014132
Indiana Jones And The Staff Of Kings,10,3.9,94.03,9.31711683014132
Kids On Site - Hard Hat Edition,10,3.9,103.63,9.31711683014132
No Longer Home,10,3.9,106.37,9.31711683014132
Brink,10,3.9,98.39,9.31711683014132
Rocketio 2,10,3.9,120.42999999999999,9.31711683014132
Hellmut: The Badass From Hell,10,3.9,101.08000000000001,9.31711683014132
Two Falls - Nishu Takuatshina,10,3.9,68.01,9.31711683014132
Monster Truck Journey,10,3.9,109.15,9.31711683014132
Discolored,10,3.9,132.53,9.31711683014132
Azure Striker Gunvolt Trilogy Enhanced,10,3.9,91.0,9.31711683014132
Round Invaders,10,3.9,115.24000000000001,9.31711683014132
Puzzle Vacations: Ireland,10,3.9,83.41,9.31711683014132
Oxenfree,10,3.9,112.16,9.31711683014132
So Much Stuff 2 Collector'S Edition,10,3.9,97.87,9.31711683014132
Our Church And Halloween Rpg - Story Five (James Version),10,3.9,108.7,9.31711683014132
Aero The Acro-Bat: Rascal Rival Revenge Ps4 & Ps5,10,3.9,117.45,9.31711683014132
The Path Of Motus,10,3.9,115.9,9.31711683014132
Platformer Saga,10,3.9,114.5,9.31711683014132
Aca Neogeo Art Of Fighting 2,10,3.9,125.12,9.31711683014132
Nobunaga'S Ambition: Sphere Of Influence - Ascension,10,3.9,91.42999999999999,9.31711683014132
Interspace,10,3.9,128.85,9.31711683014132
Dead Rising 2,10,3.9,113.78,9.31711683014132
Mizuchi,10,3.9,71.85,9.31711683014132
Dishonored,10,3.9,99.12,9.31711683014132
Dandara: Trials Of Fear Edition,10,3.9,100.17999999999999,9.31711683014132
Saint Patricks Day Break 2 Head To Head,10,3.9,85.08000000000001,9.31711683014132
Mythforce,10,3.9,85.36,9.31711683014132
Naruto Shippuden: Ultimate Ninja Storm 4,10,3.9,96.34,9.31711683014132
Butter & Friends: Babysitter Sim,10,3.9,118.15,9.31711683014132
Fat City,10,3.9,102.53,9.31711683014132
Witchspring R,10,3.9,87.07000000000001,9.31711683014132
Feed My Raptor,10,3.9,90.97,9.31711683014132
Aquadream,10,3.9,71.39,9.31711683014132
Motogp20,10,3.9,78.92999999999999,9.31711683014132
Temtem,10,3.9,100.31,9.31711683014132
Running Fox - Ps4 & Ps5,10,3.9,72.44,9.31711683014132
Case Files: Behind Closed Doors,10,3.9,81.01,9.31711683014132
I Love Finding Furbabies Collector'S Edition,10,3.9,100.6,9.31711683014132
Tri Breaker: A Sacred Symbols Odyssey,13,3.076923076923077,112.5076923076923,9.306295702762998
Left Right Dodge Race,13,3.076923076923077,99.85384615384615,9.306295702762998
Summoner,13,3.076923076923077,87.53076923076924,9.306295702762998
Jurassic World Evolution 3,13,3.076923076923077,113.48461538461538,9.306295702762998
Lego Les Indestructibles,13,3.076923076923077,99.47692307692309,9.306295702762998
Bibi Blocksberg – À Fond Les Balais 3,11,3.5454545454545454,118.99090909090908,9.30626507596268
Argonauts Agency 6: Missing Daughter,11,3.5454545454545454,96.24545454545455,9.30626507596268
Kitten Island 2,11,3.5454545454545454,96.87272727272726,9.30626507596268
Pinball (Machine #1) - Our Church And Halloween Rpg,11,3.5454545454545454,103.42727272727274,9.30626507596268
Air Conflicts: Pacific Carriers,11,3.5454545454545454,61.98181818181819,9.30626507596268
Clair Obscur: Expedition 33,11,3.5454545454545454,98.71818181818183,9.30626507596268
Pac-Man Museum+,11,3.5454545454545454,97.53636363636365,9.30626507596268
Gladiator Simulator: Arena Of Freedom,11,3.5454545454545454,100.78181818181817,9.30626507596268
Hunter'S Trophy 2 - America,11,3.5454545454545454,137.16363636363636,9.30626507596268
Pickle Run,11,3.5454545454545454,102.27272727272727,9.30626507596268
Dance Mania,11,3.5454545454545454,113.66363636363636,9.30626507596268
Dead Space 3,11,3.5454545454545454,110.35454545454546,9.30626507596268
Season Match 2,11,3.5454545454545454,118.48181818181818,9.30626507596268
Root Double -Before Crime * After Days- Xtend Edition,11,3.5454545454545454,119.17272727272729,9.30626507596268
Cazzarion: Fallen Kingdom,11,3.5454545454545454,115.03636363636365,9.30626507596268
Tractor Journey,11,3.5454545454545454,97.63636363636364,9.30626507596268
Chocolate Factory Simulator,11,3.5454545454545454,103.37272727272726,9.30626507596268
Puff Up,11,3.5454545454545454,127.65454545454546,9.30626507596268
Gem Smashers,11,3.5454545454545454,89.23636363636363,9.30626507596268
Horror Adventure : Zombie Edition (Psvr2),11,3.5454545454545454,115.35454545454546,9.30626507596268
Bear With Me: The Lost Robots,11,3.5454545454545454,104.96363636363635,9.30626507596268
The Bronze Age,11,3.5454545454545454,90.93636363636364,9.30626507596268
Contra Anniversary Collection,11,3.5454545454545454,92.49090909090908,9.30626507596268
Nature Escapes Collector'S Edition,11,3.5454545454545454,121.54545454545455,9.30626507596268
Breakout: Recharged,11,3.5454545454545454,95.0090909090909,9.30626507596268
Magnitude: Eta,11,3.5454545454545454,124.30909090909091,9.30626507596268
Plumber Hero,11,3.5454545454545454,86.88181818181819,9.30626507596268
Space Adventure Cobra - The Awakening,11,3.5454545454545454,100.03636363636365,9.30626507596268
Moon Mystery,11,3.5454545454545454,110.45454545454545,9.30626507596268
Disco Elysium - The Final Cut,11,3.5454545454545454,82.04545454545455,9.30626507596268
Justice Ninja Casey Ps4 & Ps5,11,3.5454545454545454,105.8,9.30626507596268
Magical Bakery,11,3.5454545454545454,110.60909090909091,9.30626507596268
Pillars Of Eternity Ii: Deadfire - Ultimate Edition,9,4.333333333333333,98.07777777777778,9.295312595418027
La Balançoire Magique De Princesse Pony,9,4.333333333333333,98.56666666666666,9.295312595418027
Persona 5 Tactica Ps4 & Ps5,9,4.333333333333333,101.80000000000001,9.295312595418027
Tralalero Tralala Simulator,9,4.333333333333333,54.7,9.295312595418027
Puzzle Vacations: Thailand And Cambodia,9,4.333333333333333,108.5,9.295312595418027
Expérience Nba 2Kvr,9,4.333333333333333,104.05555555555556,9.295312595418027
Balance Blox,9,4.333333333333333,131.14444444444445,9.295312595418027
Oreshika: Tainted Bloodlines,9,4.333333333333333,79.21111111111111,9.295312595418027
Absolute Drift: Zen Edition,9,4.333333333333333,100.27777777777777,9.295312595418027
Synesthesia Ps4 & Ps5,9,4.333333333333333,93.22222222222223,9.295312595418027
Lulu'S Temple Ps4 & Ps5,9,4.333333333333333,122.96666666666667,9.295312595418027
Cities: Vr - Enhanced Edition,9,4.333333333333333,138.10000000000002,9.295312595418027
Disgaea 1 Complete,9,4.333333333333333,68.83333333333333,9.295312595418027
Red Dead Redemption 2,9,4.333333333333333,123.91111111111111,9.295312595418027
Mindscapes Vr,9,4.333333333333333,72.91111111111111,9.295312595418027
Valhalla Hills - Definitive Edition,9,4.333333333333333,110.58888888888889,9.295312595418027
Electronic Super Joy,9,4.333333333333333,131.26666666666668,9.295312595418027
Punch Club,9,4.333333333333333,125.30000000000001,9.295312595418027
Bush Hockey League,9,4.333333333333333,78.6,9.295312595418027
Wargroove,9,4.333333333333333,93.44444444444444,9.295312595418027
Parappa The Rapper Remastered,9,4.333333333333333,108.86666666666666,9.295312595418027
Cat Quest Demo,9,4.333333333333333,116.45555555555555,9.295312595418027
Rocket Rats,9,4.333333333333333,117.1222222222222,9.295312595418027
Skygunner,9,4.333333333333333,100.3111111111111,9.295312595418027
Zombie Army 4: Dead War,9,4.333333333333333,76.15555555555555,9.295312595418027
Lost Ruins,9,4.333333333333333,108.32222222222222,9.295312595418027
Dungeons Of Hinterberg,9,4.333333333333333,91.47777777777777,9.295312595418027
Skulls Of The Shogun,9,4.333333333333333,98.72222222222223,9.295312595418027
Stunt Paradise,9,4.333333333333333,105.13333333333333,9.295312595418027
Atelier Ryza: Ever Darkness & The Secret Hideout,9,4.333333333333333,101.35555555555555,9.295312595418027
London Detective Mysteria,9,4.333333333333333,92.94444444444444,9.295312595418027
Assassin’S Creed Shadows,9,4.333333333333333,106.91111111111111,9.295312595418027
The Gap,9,4.333333333333333,87.72222222222223,9.295312595418027
Flipy,9,4.333333333333333,107.06666666666666,9.295312595418027
Runner Heroes - The Curse Of Night And Day - Enhanced Edition,9,4.333333333333333,113.07777777777777,9.295312595418027
The King Of Fighters 2000,9,4.333333333333333,106.76666666666667,9.295312595418027
Assault Suit Leynos,9,4.333333333333333,89.80000000000001,9.295312595418027
Viking Squad,9,4.333333333333333,73.17777777777778,9.295312595418027
Hatup Ps4 & Ps5,9,4.333333333333333,128.8,9.295312595418027
Birdcakes,9,4.333333333333333,101.15555555555555,9.295312595418027
Snow Journey,9,4.333333333333333,111.56666666666666,9.295312595418027
Muramasa Rebirth,9,4.333333333333333,103.58888888888889,9.295312595418027
Mutant Football League,9,4.333333333333333,121.53333333333333,9.295312595418027
The Trap Remake Winter,9,4.333333333333333,101.87777777777778,9.295312595418027
Lithium: Inmate 39 Relapsed Edition,9,4.333333333333333,79.75555555555555,9.295312595418027
"Car Flipper Simulator 25 - Car Mechanic, Wash, Repair, Sale",12,3.25,82.64166666666667,9.27098214492452
Tethered,12,3.25,91.84166666666665,9.27098214492452
The Shaking Chalice,12,3.25,124.79166666666667,9.27098214492452
Arcade Archives Terra Cresta,12,3.25,93.375,9.27098214492452
Legends Of Heropolis Dx,12,3.25,104.50833333333333,9.27098214492452
The Jumping Sushi: Turbo,12,3.25,83.85,9.27098214492452
Resistance: Retribution,12,3.25,116.19166666666666,9.27098214492452
Démo Resident Evil Revelations,12,3.25,77.66666666666667,9.27098214492452
Paper Ghost Stories: Third Eye Open,12,3.25,87.75833333333333,9.27098214492452
Rollercoaster Dreams,14,2.857142857142857,92.12142857142858,9.238226998383679
Iron Guard,8,4.875,122.5375,9.229523896303572
Dieselpunk Wars,8,4.875,72.6,9.229523896303572
Wild Pinball Bundle,8,4.875,114.225,9.229523896303572
Predator: Hunting Grounds,8,4.875,89.0,9.229523896303572
Weed Syndicate Empire,8,4.875,114.325,9.229523896303572
Crimen - Mercenary Tales,10,3.8,104.35999999999999,9.22720787867898
Criminal Girls 2: Party Favors,10,3.8,126.4,9.22720787867898
Cubikolor,10,3.8,118.9,9.22720787867898
Your Average Old School Shmup,10,3.8,101.97,9.22720787867898
Fran Bow,10,3.8,120.82000000000001,9.22720787867898
Blair Witch,10,3.8,104.07000000000001,9.22720787867898
Faircroft'S Antiques: The Forbidden Crypt Collector'S Edition,10,3.8,101.66,9.22720787867898
Sweetest Monster,10,3.8,106.55999999999999,9.22720787867898
Track Lab,10,3.8,113.25999999999999,9.22720787867898
Space Kabaam: Neon Iv,10,3.8,117.82000000000001,9.22720787867898
Sushi Break,10,3.8,130.67000000000002,9.22720787867898
Subside,10,3.8,119.50999999999999,9.22720787867898
Dmc Devil May Cry,10,3.8,115.17,9.22720787867898
True Fear: Forsaken Souls - Part 2,10,3.8,89.86999999999999,9.22720787867898
Jumping Ninja,10,3.8,73.78999999999999,9.22720787867898
Dollhouse: Behind The Broken Mirror,10,3.8,107.46,9.22720787867898
Plumber Puzzles,10,3.8,92.47999999999999,9.22720787867898
Paint Ball,10,3.8,81.07000000000001,9.22720787867898
Bumblebee - Little Bee Adventure,10,3.8,95.05,9.22720787867898
Typoman Original Soundtrack,10,3.8,92.87,9.22720787867898
Max: The Curse Of Brotherhood,10,3.8,84.92,9.22720787867898
Motogp24 Ps4 & Ps5,10,3.8,115.09,9.22720787867898
Motor Strike: Immortal Legends,10,3.8,105.64000000000001,9.22720787867898
Correct Picture,10,3.8,124.12,9.22720787867898
Our Church And Halloween Rpg - Story Five (Scott Version),10,3.8,85.34,9.22720787867898
Five Nights At Freddy'S 3,10,3.8,90.13,9.22720787867898
Beaver Fun,10,3.8,83.6,9.22720787867898
Eagle Flight,10,3.8,115.13,9.22720787867898
Mustache In Hell,10,3.8,118.97,9.22720787867898
Mx Nitro: Unleashed,10,3.8,86.94,9.22720787867898
Dawn Of Man,10,3.8,113.28999999999999,9.22720787867898
Oppidum,10,3.8,81.83,9.22720787867898
Paws And Clean,10,3.8,133.92000000000002,9.22720787867898
Past Easter,10,3.8,118.05999999999999,9.22720787867898
Söldner-X 2: Final Prototype + Söldner-X Himmelsstürmer Bundle,10,3.8,106.83,9.22720787867898
Yu-Gi-Oh! Legacy Of The Duelist: Link Evolution,10,3.8,112.33,9.22720787867898
Witch Of The Meta Loop,13,3.0,111.51538461538462,9.217349492976886
Strong Bad'S Cool Game For Attractive People,13,3.0,103.96153846153847,9.217349492976886
Criss Cross Bomb,13,3.0,133.2153846153846,9.217349492976886
Cazzarion: Space Ace,13,3.0,120.8076923076923,9.217349492976886
Caverns Of Mars: Recharged,11,3.4545454545454546,125.44545454545455,9.21646084250029
Caresser Le Koala,11,3.4545454545454546,95.34545454545454,9.21646084250029
Arise: A Simple Story,11,3.4545454545454546,89.85454545454546,9.21646084250029
Memories Of East Coast Ps4 & Ps5,11,3.4545454545454546,109.84545454545454,9.21646084250029
Pincer Attack,11,3.4545454545454546,115.30909090909091,9.21646084250029
Cyber Tank 2,11,3.4545454545454546,110.17272727272729,9.21646084250029
"Press ""X"" To Win",11,3.4545454545454546,107.19090909090909,9.21646084250029
Pro Virtual Racing,11,3.4545454545454546,151.8090909090909,9.21646084250029
Viking Heroes V Collector'S Edition,11,3.4545454545454546,112.34545454545454,9.21646084250029
Void Raiders,11,3.4545454545454546,105.22727272727273,9.21646084250029
Ancient Amuletor,11,3.4545454545454546,109.41818181818181,9.21646084250029
Sushi Plus,11,3.4545454545454546,90.62727272727273,9.21646084250029
Future Unfolding,11,3.4545454545454546,83.8,9.21646084250029
Gobelin Dans Le Château,11,3.4545454545454546,110.7,9.21646084250029
Jewel Fever 2,11,3.4545454545454546,105.84545454545454,9.21646084250029
The Rice Story,11,3.4545454545454546,84.88181818181818,9.21646084250029
The Jumping Chocolate: Turbo,11,3.4545454545454546,73.68181818181819,9.21646084250029
Machine Craft: Scrap Survival,11,3.4545454545454546,104.61818181818181,9.21646084250029
Gryphon Knight Epic: Édition Définitive,11,3.4545454545454546,80.87272727272726,9.21646084250029
House Flipper,9,4.222222222222222,132.9888888888889,9.205614051951763
Space 2 (4 Player Cooperation Edition) - Breakthrough Gaming Arcade,9,4.222222222222222,95.07777777777778,9.205614051951763
Bloomtown: A Different Story,9,4.222222222222222,98.43333333333334,9.205614051951763
Beach Buggy Racing,9,4.222222222222222,121.64444444444445,9.205614051951763
Dragon'S Lair Trilogie,9,4.222222222222222,109.52222222222223,9.205614051951763
Car Street,9,4.222222222222222,96.83333333333333,9.205614051951763
The Room Vr: A Dark Matter,9,4.222222222222222,111.64444444444445,9.205614051951763
Beam Driver,9,4.222222222222222,80.33333333333333,9.205614051951763
Space Race,9,4.222222222222222,144.39999999999998,9.205614051951763
Bloody Zombies,9,4.222222222222222,80.97777777777777,9.205614051951763
The Pillar: Puzzle Escape,9,4.222222222222222,102.97777777777777,9.205614051951763
Soleil Du Camp,9,4.222222222222222,97.83333333333333,9.205614051951763
Quick Mafs,9,4.222222222222222,121.65555555555557,9.205614051951763
Drizzlepath: Picturae,9,4.222222222222222,50.1888888888889,9.205614051951763
Spellforce: Conquest Of Eo,9,4.222222222222222,88.08888888888889,9.205614051951763
Espire 1: Vr Operative,9,4.222222222222222,115.25555555555555,9.205614051951763
9Th Dawn Remake,9,4.222222222222222,121.86666666666666,9.205614051951763
Digging A Hole 2025,9,4.222222222222222,68.08888888888889,9.205614051951763
Graven Ps4 & Ps5,9,4.222222222222222,86.56666666666666,9.205614051951763
Racing (2 Player Cooperation Edition) - Breakthrough Gaming Arcade,9,4.222222222222222,74.75555555555555,9.205614051951763
Arcade Archives Grobda,9,4.222222222222222,95.58888888888889,9.205614051951763
Master Of Bow,9,4.222222222222222,112.46666666666667,9.205614051951763
The Turing Test,9,4.222222222222222,110.74444444444444,9.205614051951763
Degrees Of Separation,9,4.222222222222222,104.83333333333333,9.205614051951763
Pixicharm - Dinoluship,9,4.222222222222222,100.06666666666666,9.205614051951763
The Flying Jet,9,4.222222222222222,69.69999999999999,9.205614051951763
Deadlight: Director'S Cut,9,4.222222222222222,96.24444444444445,9.205614051951763
Void Bastards,9,4.222222222222222,106.84444444444443,9.205614051951763
Brothers: A Tale Of Two Sons Remake,9,4.222222222222222,122.96666666666667,9.205614051951763
Infinifactory,9,4.222222222222222,96.82222222222222,9.205614051951763
Obliteracers,9,4.222222222222222,90.54444444444444,9.205614051951763
Little Nightmares,9,4.222222222222222,83.76666666666667,9.205614051951763
Maître Du Recyclage,9,4.222222222222222,77.56666666666666,9.205614051951763
Iron Crypticle,9,4.222222222222222,105.4,9.205614051951763
Good Knight'S Sleep,9,4.222222222222222,94.71111111111111,9.205614051951763
Fantavision 202X,9,4.222222222222222,113.19999999999999,9.205614051951763
The Jumping Apple - Ps4 & Ps5,9,4.222222222222222,104.53333333333333,9.205614051951763
Rebeloid Vr,9,4.222222222222222,127.44444444444444,9.205614051951763
Meta Meet Cute!!!+,9,4.222222222222222,101.02222222222223,9.205614051951763
Hidden Shapes: Animals + Lovely Cats,9,4.222222222222222,72.74444444444444,9.205614051951763
Robonauts,9,4.222222222222222,123.75555555555555,9.205614051951763
Saudi Drift,9,4.222222222222222,96.11111111111111,9.205614051951763
Voitures Hautes 2,9,4.222222222222222,112.98888888888888,9.205614051951763
Dying Light 2 Stay Human Ps4&Ps5,12,3.1666666666666665,108.2,9.18151838710411
Undivine,12,3.1666666666666665,76.71666666666667,9.18151838710411
Démo De Spec Ops: The Line,12,3.1666666666666665,132.18333333333334,9.18151838710411
Backrooms: Together Escape,12,3.1666666666666665,138.75,9.18151838710411
Rotastic,12,3.1666666666666665,93.35833333333333,9.18151838710411
Trepang2,8,4.75,118.1,9.140460205127267
8-Bit Armies,8,4.75,135.8125,9.140460205127267
Zj The Ball'S Collect Stuff - Breakthrough Gaming Activity Center,8,4.75,116.3375,9.140460205127267
Laundry Boss Simulator,8,4.75,124.2125,9.140460205127267
Wintermoor Tactics Club,8,4.75,89.175,9.140460205127267
Royal Romances: Forbidden Magic Ce,10,3.7,104.32000000000001,9.137298927216644
Candy Rangers,10,3.7,125.92,9.137298927216644
Arcade Archives T.N.K Iii,10,3.7,109.10999999999999,9.137298927216644
"Deep, In The Forest",10,3.7,103.04,9.137298927216644
Assassin'S Creed Iii Liberation,10,3.7,85.91999999999999,9.137298927216644
Aery - Last Day Of Earth,10,3.7,82.55,9.137298927216644
Wizard Of Legend,10,3.7,101.81,9.137298927216644
Song Of The Prairie,10,3.7,85.09,9.137298927216644
Spotterbot,10,3.7,82.13,9.137298927216644
Classic Arcades: Pong,10,3.7,131.59,9.137298927216644
Defense Grid 2,10,3.7,111.91000000000001,9.137298927216644
Futbol Break Head To Head - Avatar Full Game Bundle,10,3.7,127.29,9.137298927216644
Slasher: Origins,10,3.7,90.72,9.137298927216644
Atomicrops,10,3.7,111.17999999999999,9.137298927216644
Way Of The Passive Fist,10,3.7,84.6,9.137298927216644
Sly 3: Honour Among Thieves,10,3.7,84.86,9.137298927216644
Sonic Generations,10,3.7,81.11,9.137298927216644
Little Legs Ps4 & Ps5,10,3.7,83.68,9.137298927216644
Ad Infinitum,10,3.7,119.32000000000001,9.137298927216644
Tropico 6 - Next Gen Edition,10,3.7,69.08,9.137298927216644
Spirit Hunter: Ng,10,3.7,120.04,9.137298927216644
Moorhuhn Crazy Chicken Jump 'N' Run Chasse Au Trésor,10,3.7,91.05,9.137298927216644
Arcade Archives Athena,10,3.7,109.87,9.137298927216644
Phobos Vector Prime: The First Ring,10,3.7,67.55,9.137298927216644
Cazzarion: Drone Attack,10,3.7,102.27000000000001,9.137298927216644
Aca Neogeo The King Of Fighters '97,10,3.7,151.6,9.137298927216644
Oddworld: Stranger'S Wrath Hd - Vita,10,3.7,102.22,9.137298927216644
Yakuza Zero,10,3.7,102.32,9.137298927216644
Walkabout Mini Golf,10,3.7,115.25999999999999,9.137298927216644
Enigmatis: The Ghosts Of Maple Creek,10,3.7,104.1,9.137298927216644
Cazzarion: Whack A Zombie,10,3.7,116.94000000000001,9.137298927216644
Tricky Towers,11,3.3636363636363638,97.30909090909091,9.1266566090379
Pixel Head Soccer,11,3.3636363636363638,51.93636363636363,9.1266566090379
Monster Energy Supercross - The Official Videogame 5 Ps4 & Ps5,11,3.3636363636363638,118.67272727272729,9.1266566090379
Disney Universe Ultimate Edition,11,3.3636363636363638,110.94545454545455,9.1266566090379
Pepper Grinder,11,3.3636363636363638,111.60909090909091,9.1266566090379
Would You Like To Run An Idol Café? 3 Ps4 & Ps5,11,3.3636363636363638,149.22727272727272,9.1266566090379
Sport Soup,11,3.3636363636363638,88.60909090909091,9.1266566090379
Greyhill Incident - Abducted Edition,11,3.3636363636363638,99.12727272727271,9.1266566090379
Soulvars,11,3.3636363636363638,99.57272727272726,9.1266566090379
Sprawl,11,3.3636363636363638,109.77272727272727,9.1266566090379
Agarest: Generations Of War Zero Soundtrack,11,3.3636363636363638,115.01818181818182,9.1266566090379
The Burger Quiz,11,3.3636363636363638,86.52727272727272,9.1266566090379
Animal Lover Ps4 ️ & Ps5 ️,11,3.3636363636363638,106.95454545454545,9.1266566090379
Many Turns One Road,11,3.3636363636363638,76.89999999999999,9.1266566090379
Grab The Bottle,11,3.3636363636363638,107.12727272727274,9.1266566090379
Christmasrun,11,3.3636363636363638,123.67272727272729,9.1266566090379
De Blob,11,3.3636363636363638,123.61818181818181,9.1266566090379
Märchen Forest,9,4.111111111111111,88.11111111111111,9.115915508485497
Dragon Ball Xenoverse 2 Lite Version,9,4.111111111111111,99.78888888888888,9.115915508485497
Sly 2: Association De Voleurs,9,4.111111111111111,128.2111111111111,9.115915508485497
Briks,9,4.111111111111111,102.30000000000001,9.115915508485497
Boat Trip,9,4.111111111111111,67.83333333333333,9.115915508485497
Bunny Reversi,9,4.111111111111111,134.35555555555555,9.115915508485497
Clutter Puzzle Magazine Vol. 15 No. 1 Collector'S Edition,9,4.111111111111111,104.95555555555556,9.115915508485497
Trasmoz Legends,9,4.111111111111111,124.6888888888889,9.115915508485497
Immortals Of Aveum,9,4.111111111111111,91.13333333333334,9.115915508485497
Ninjamurai,9,4.111111111111111,136.82222222222222,9.115915508485497
Lunar Axe,9,4.111111111111111,84.53333333333333,9.115915508485497
Path Builder,9,4.111111111111111,117.55555555555556,9.115915508485497
Moe Waifu H - Blockblast Ps4 & Ps5,9,4.111111111111111,77.66666666666667,9.115915508485497
The Raven Remastered,9,4.111111111111111,126.08888888888889,9.115915508485497
Mushoku Tensei: Jobless Reincarnation Quest Of Memories,9,4.111111111111111,137.3777777777778,9.115915508485497
House Builder Overtime,9,4.111111111111111,90.73333333333333,9.115915508485497
Darksiders Warmastered Edition,9,4.111111111111111,139.5111111111111,9.115915508485497
Caresser Le Lapin,9,4.111111111111111,125.76666666666668,9.115915508485497
Cazzarion: Fishing,9,4.111111111111111,114.77777777777777,9.115915508485497
Lastfight,9,4.111111111111111,85.03333333333335,9.115915508485497
Yuki,9,4.111111111111111,67.97777777777777,9.115915508485497
Reckless Auto Racing,9,4.111111111111111,123.54444444444445,9.115915508485497
Blindfire,9,4.111111111111111,113.07777777777778,9.115915508485497
Yakuza Shadows Of New York,9,4.111111111111111,95.9,9.115915508485497
A Pretty Odd Bunny,9,4.111111111111111,94.91111111111111,9.115915508485497
Sackboy: A Big Adventure Ps4 & Ps5,9,4.111111111111111,135.2,9.115915508485497
Aca Neogeo Over Top,9,4.111111111111111,105.34444444444445,9.115915508485497
Source Of Madness,9,4.111111111111111,109.86666666666666,9.115915508485497
Jumping Flash,9,4.111111111111111,94.67777777777778,9.115915508485497
Far: Changing Tides Ps4 & Ps5,9,4.111111111111111,94.28888888888889,9.115915508485497
Mana Spark,9,4.111111111111111,100.67777777777778,9.115915508485497
Anglerfish,9,4.111111111111111,88.66666666666667,9.115915508485497
Galak-Z,9,4.111111111111111,91.85555555555555,9.115915508485497
Farewell Of Life,9,4.111111111111111,101.97777777777777,9.115915508485497
Pinball Jam Bundle,9,4.111111111111111,98.14444444444445,9.115915508485497
Aca Neogeo Last Resort,9,4.111111111111111,111.98888888888888,9.115915508485497
Monsterbag Avatars,9,4.111111111111111,117.93333333333334,9.115915508485497
Monster Monpiece,9,4.111111111111111,128.97777777777776,9.115915508485497
Herdling,9,4.111111111111111,82.42222222222222,9.115915508485497
Pirates Outlaws,9,4.111111111111111,119.32222222222224,9.115915508485497
Aca Neogeo Shock Troopers 2Nd Squad,9,4.111111111111111,123.56666666666666,9.115915508485497
Danger Zone,12,3.0833333333333335,116.18333333333334,9.092054629283702
Aegis Defenders,12,3.0833333333333335,89.95,9.092054629283702
Earth Defense Sticks,12,3.0833333333333335,85.77499999999999,9.092054629283702
Retro Machina,12,3.0833333333333335,141.09166666666667,9.092054629283702
Stories: The Path Of Destinies,8,4.625,90.3,9.051396513950966
Baseball (3 Player Cooperation Edition) - Breakthrough Gaming Arcade,8,4.625,101.55000000000001,9.051396513950966
Cliff Rush 3D,8,4.625,83.95,9.051396513950966
Bloons Td 5,8,4.625,96.32499999999999,9.051396513950966
Crazy Chicken – Chasse Au Trésor 3,8,4.625,103.6,9.051396513950966
V Bomb,8,4.625,96.35000000000001,9.051396513950966
Earthlock Démo,8,4.625,80.5625,9.051396513950966
Dream Daddy: A Dad Dating Simulator,8,4.625,85.525,9.051396513950966
Outbreak: Epidemic,8,4.625,71.875,9.051396513950966
Faraday Protocol,8,4.625,107.2375,9.051396513950966
Bodycam Unrecord Shooter,8,4.625,106.0,9.051396513950966
Mad Max,8,4.625,91.225,9.051396513950966
Zombieland: Headshot Fever Reloaded,8,4.625,102.36250000000001,9.051396513950966
Xuan Yuan Sword 7,8,4.625,90.2875,9.051396513950966
Campfire Of Oasis 2,8,4.625,84.5,9.051396513950966
Dragon Blaze,8,4.625,123.9875,9.051396513950966
8 To Glory - Le Jeu Officiel Du Pbr,8,4.625,125.4375,9.051396513950966
Kingdom Come: Deliverance,10,3.6,101.78,9.047389975754305
Fantasy Digging A Hole,10,3.6,104.60999999999999,9.047389975754305
Jak Ii: Hors La Loi,10,3.6,118.44000000000001,9.047389975754305
Qump Jump,10,3.6,139.95,9.047389975754305
Dragon Takers,10,3.6,103.19000000000001,9.047389975754305
Car Mechanic Simulator Vr,10,3.6,129.45,9.047389975754305
Noctuary,10,3.6,144.23,9.047389975754305
Tormented Souls 2,10,3.6,89.05,9.047389975754305
Toy'S Brawl,10,3.6,94.78,9.047389975754305
Aca Neogeo Puzzled,10,3.6,81.37,9.047389975754305
The Catch: Carp & Coarse Fishing,10,3.6,108.65,9.047389975754305
Hidden Memories Of The Gardens Between,10,3.6,99.13000000000001,9.047389975754305
Deserted,10,3.6,123.73999999999998,9.047389975754305
The Basketball B,10,3.6,105.46,9.047389975754305
Stickman Odyssey,10,3.6,134.82999999999998,9.047389975754305
Battle Of Rebels,10,3.6,97.67,9.047389975754305
Adventures Of Mana,10,3.6,110.9,9.047389975754305
The Sheep P,10,3.6,122.5,9.047389975754305
Sports & Adventure Pinball,10,3.6,68.2,9.047389975754305
Squishies,10,3.6,84.57000000000001,9.047389975754305
Snake Seeker,10,3.6,116.92999999999999,9.047389975754305
The Long Dark,10,3.6,115.22,9.047389975754305
Paku Paku,10,3.6,116.39000000000001,9.047389975754305
Dr. Fetus’ Mean Meat Machine,10,3.6,66.36,9.047389975754305
Farmagia,10,3.6,104.46,9.047389975754305
Aca Neogeo Top Hunter Roddy & Cathy,10,3.6,78.96000000000001,9.047389975754305
Radical Rabbit Stew,10,3.6,120.75999999999999,9.047389975754305
Remember Me,10,3.6,122.16,9.047389975754305
Tile Cross,10,3.6,80.25,9.047389975754305
Haunted Dungeons：Hyakki Castle,10,3.6,88.83,9.047389975754305
Greed 3: Old Enemies Returning,10,3.6,102.37,9.047389975754305
Ninja Break Head To Head,10,3.6,106.67,9.047389975754305
Atelier Sophie ~The Alchemist Of The Mysterious Book~,10,3.6,142.91,9.047389975754305
Atelier Shallie Plus: Alchemists Of The Dusk Sea,10,3.6,113.97999999999999,9.047389975754305
Mary Skelter: Nightmares,10,3.6,98.94,9.047389975754305
Bring Them Home,10,3.6,109.64000000000001,9.047389975754305
Airline Empire: Stewardess Simulator,10,3.6,111.12,9.047389975754305
The Hippo G,10,3.6,104.83999999999999,9.047389975754305
Ys Origin,10,3.6,97.77000000000001,9.047389975754305
Fables Mosaic: Snow White,10,3.6,125.8,9.047389975754305
Ys Ix: Monstrum Nox,10,3.6,115.75999999999999,9.047389975754305
Sakura Succubus 8 Ps4 & Ps5,10,3.6,108.9,9.047389975754305
Épidémie : Split Chromatique Shades Of Horror,10,3.6,87.34,9.047389975754305
Cat President: A More Purrfect Union Ps4 & Ps5,13,2.8461538461538463,69.15384615384616,9.039457073404664
Rugby 25,11,3.272727272727273,107.74545454545455,9.036852375575508
Clash: Robot Detective - Complete Edition Ps4 & Ps5,11,3.272727272727273,121.64545454545454,9.036852375575508
Aca Neogeo Street Hoop,11,3.272727272727273,102.85454545454546,9.036852375575508
Galactic Guardian 1988 - Ps4 & Ps5,11,3.272727272727273,97.35454545454546,9.036852375575508
The Jumping Strawberry - Ps4 & Ps5,11,3.272727272727273,100.39090909090909,9.036852375575508
The Jumping Peach - Ps4 & Ps5,11,3.272727272727273,82.18181818181819,9.036852375575508
Athena,11,3.272727272727273,118.89090909090909,9.036852375575508
Dinosaur Rpg - Dino Survival Simulator Survivor,11,3.272727272727273,96.7,9.036852375575508
Dust: An Elysian Tail,11,3.272727272727273,125.58181818181819,9.036852375575508
Combats À L'Étroit (Fights In Tight Spaces),9,4.0,110.73333333333333,9.026216965019232
Valkyrie Drive -Bhikkhuni-,9,4.0,98.28888888888889,9.026216965019232
Rollercoaster Legends,9,4.0,92.71111111111111,9.026216965019232
Color Zen,9,4.0,84.38888888888889,9.026216965019232
Synchro Hedgehogs 2,9,4.0,134.23333333333332,9.026216965019232
Petite Bougie,9,4.0,151.03333333333333,9.026216965019232
Jigsaw Puzzle Fever,9,4.0,109.3111111111111,9.026216965019232
Holy Potatoes! We'Re In Space?!,9,4.0,109.07777777777778,9.026216965019232
Cladun X3,9,4.0,80.08888888888889,9.026216965019232
Demon Turf,9,4.0,75.82222222222222,9.026216965019232
Papa'S Quiz,9,4.0,104.32222222222222,9.026216965019232
Dementium: The Ward,9,4.0,105.73333333333333,9.026216965019232
Tcg Card Shop Master,9,4.0,102.57777777777777,9.026216965019232
Road Not Taken,9,4.0,143.27777777777777,9.026216965019232
Horror Adventure (Psvr2),9,4.0,91.85555555555555,9.026216965019232
Black The Fall,9,4.0,145.84444444444443,9.026216965019232
Little Paws: Kitty Cat Simulator,9,4.0,108.3,9.026216965019232
Pilot Down Behind Enemy Lines,9,4.0,115.94444444444444,9.026216965019232
Echoshift,9,4.0,85.48888888888888,9.026216965019232
Vision Soft Reset,9,4.0,94.94444444444444,9.026216965019232
Alien: Rogue Incursion Vr,9,4.0,109.15555555555555,9.026216965019232
Cocoon,9,4.0,120.67777777777776,9.026216965019232
Sushi Fun,9,4.0,62.42222222222222,9.026216965019232
Retropolis 2: Never Say Goodbye,9,4.0,114.11111111111111,9.026216965019232
Solasta: Crown Of The Magister,9,4.0,98.8111111111111,9.026216965019232
Jujump,9,4.0,94.93333333333334,9.026216965019232
Exo Mayhem: Open-World Supervillain Simulator,9,4.0,89.83333333333333,9.026216965019232
The 7Th Guest Vr,9,4.0,92.19999999999999,9.026216965019232
Mlb The Show 24 Ps5,9,4.0,94.71111111111111,9.026216965019232
Guess The Word,9,4.0,90.84444444444445,9.026216965019232
Gray War Conflict,9,4.0,81.56666666666666,9.026216965019232
Grandia Hd Collection,9,4.0,104.85555555555555,9.026216965019232
Barry The Bunny Ps4 & Ps5,9,4.0,130.1222222222222,9.026216965019232
Flight Simulator Delivery 2025 Vr,9,4.0,108.91111111111111,9.026216965019232
The Fall Part 2: Unbound,9,4.0,110.62222222222222,9.026216965019232
The Exorcist: Legion Vr,9,4.0,120.11111111111111,9.026216965019232
The Football Quiz,9,4.0,92.1,9.026216965019232
Barton Lynch Pro Surfing,9,4.0,104.03333333333333,9.026216965019232
Bande-Son Originale De Malicious Fallen,9,4.0,100.5,9.026216965019232
Call Of Brothers: The Backrooms Zombie Survival,9,4.0,124.89999999999999,9.026216965019232
Post Trauma,9,4.0,115.25555555555555,9.026216965019232
Strange Horticulture,9,4.0,79.16666666666667,9.026216965019232
The Bookwalker: Thief Of Tales,9,4.0,109.72222222222223,9.026216965019232
Trine 3: The Artifacts Of Power,9,4.0,132.1888888888889,9.026216965019232
Arcade Archives Othello,9,4.0,150.63333333333333,9.026216965019232
Devil May Cry 5 - Démo,9,4.0,91.93333333333334,9.026216965019232
Fire Pro Wrestling World,9,4.0,88.01111111111112,9.026216965019232
Happy Drummer Vr,9,4.0,100.57777777777778,9.026216965019232
Arcade Archives Pooyan,9,4.0,97.04444444444444,9.026216965019232
Tractor Journey: Nitro,9,4.0,68.25555555555555,9.026216965019232
Nights Of Azure,9,4.0,121.47777777777777,9.026216965019232
Langrisser I & Ii,9,4.0,119.07777777777778,9.026216965019232
King Of Drift 2,9,4.0,126.05555555555556,9.026216965019232
The Jumping Chocolate,9,4.0,128.39999999999998,9.026216965019232
Zone Of The Enders Hd Edition,9,4.0,113.71111111111111,9.026216965019232
As Far As The Eye,12,3.0,102.83333333333333,9.002590871463292
The Star Named Eos,12,3.0,105.18333333333334,9.002590871463292
Phantom Fury,8,4.5,57.6875,8.96233282277466
How To Survive 2,8,4.5,43.75,8.96233282277466
Siegecraft Commander,8,4.5,109.5875,8.96233282277466
Ancestors Legacy,8,4.5,110.9375,8.96233282277466
The Pizza Quiz,8,4.5,123.44999999999999,8.96233282277466
Firefighters: Airport Fire Department,8,4.5,86.2125,8.96233282277466
Caresser Les Animaux,8,4.5,102.5125,8.96233282277466
Forspoken,8,4.5,91.1125,8.96233282277466
Platform Gamer Maker,8,4.5,94.55,8.96233282277466
Riptide Gp2,8,4.5,136.7875,8.96233282277466
Hopping Girl Kohane Ex,8,4.5,117.8375,8.96233282277466
Arcade Archives Arcade Archives Shanghai Iii,8,4.5,89.8125,8.96233282277466
Arcade Archives Super Basketball,8,4.5,90.7125,8.96233282277466
Arcade Archives Pinball Action,8,4.5,86.275,8.96233282277466
Cats Of War,8,4.5,104.125,8.96233282277466
Platzle,8,4.5,118.80000000000001,8.96233282277466
Finding America: New England Collector'S Edition,8,4.5,128.05,8.96233282277466
Space 2 (3 Player Cooperation Edition) - Breakthrough Gaming Arcade,8,4.5,89.5625,8.96233282277466
Car Parking Legends: Drive & Park Adventure,8,4.5,65.075,8.96233282277466
Need For Speed Hot Pursuit Remastered,8,4.5,106.5,8.96233282277466
Soma,8,4.5,106.10000000000001,8.96233282277466
Paper Plane Arena - The Haunted House,8,4.5,89.125,8.96233282277466
Construction Simulator 2 Us - Console Edition,8,4.5,72.3875,8.96233282277466
Aeonx,8,4.5,105.55,8.96233282277466
Rollercoaster Tycoon Adventures Deluxe,8,4.5,109.3875,8.96233282277466
Rigs Mechanized Combat League,8,4.5,142.7875,8.96233282277466
Christmas Fun,10,3.5,97.67999999999999,8.957481024291967
Section 8: Prejudice,10,3.5,115.42999999999999,8.957481024291967
Mediterranea Inferno Ps4 & Ps5,10,3.5,100.97,8.957481024291967
Debtor,10,3.5,99.47999999999999,8.957481024291967
Secret Agent Clank,10,3.5,112.48999999999998,8.957481024291967
Crown Of The Empire,10,3.5,113.02000000000001,8.957481024291967
Blizzard Arcade Collection,10,3.5,80.47999999999999,8.957481024291967
Spot The Differences! Party,10,3.5,142.97,8.957481024291967
3D Minigolf - Makeover-Edition,10,3.5,102.9,8.957481024291967
Battlefield 2042 Sur Ps4,10,3.5,83.67999999999999,8.957481024291967
Bâtons Aim Trainer,10,3.5,93.69,8.957481024291967
The Reward Of Cherishment And Eternity。,10,3.5,117.22999999999999,8.957481024291967
The Walking Dead: Saints & Sinners - Chapter 2: Retribution,10,3.5,78.72,8.957481024291967
Goobetballonsdx,10,3.5,94.57,8.957481024291967
Ratshaker,10,3.5,98.07000000000001,8.957481024291967
El Hijo - A Wild West Tale,10,3.5,90.21000000000001,8.957481024291967
Earth Defense Force 2017 Portable,10,3.5,120.94000000000001,8.957481024291967
Dokuro,10,3.5,117.8,8.957481024291967
Castlestorm Vr Edition,10,3.5,105.64000000000001,8.957481024291967
Island Trouble,10,3.5,94.33,8.957481024291967
Sword Art Online Fractured Daydream,10,3.5,66.7,8.957481024291967
Signalis,10,3.5,87.96,8.957481024291967
Coolpaintrvr,10,3.5,99.1,8.957481024291967
Irony Curtain: From Matryoshka With Love - Original Soundtrack,10,3.5,95.85999999999999,8.957481024291967
Infinite Switch - Ps4 & Ps5,10,3.5,101.0,8.957481024291967
Many Faces,10,3.5,98.17,8.957481024291967
Anima: Gate Of Memories - The Nameless Chronicles,10,3.5,140.06,8.957481024291967
Underward,10,3.5,82.55,8.957481024291967
Chrono Cross: The Radical Dreamers Edition,10,3.5,80.55,8.957481024291967
Hell Is Us,10,3.5,130.07,8.957481024291967
Twin Mirror,10,3.5,116.95,8.957481024291967
Spirit Hunter: Death Mark,10,3.5,111.72999999999999,8.957481024291967
Tiny Lands - Deluxe Edition,10,3.5,97.97999999999999,8.957481024291967
I Love Finding Cats & Pups Collector'S Edition,13,2.769230769230769,117.97692307692309,8.95051086361855
Albedo: Eyes From Outer Space,13,2.769230769230769,109.12307692307692,8.95051086361855
Disc Jam,11,3.1818181818181817,93.08181818181818,8.947048142113118
Earth Defense Force 2025,11,3.1818181818181817,105.36363636363636,8.947048142113118
Spellforce Iii Reforced,11,3.1818181818181817,92.08181818181818,8.947048142113118
Curses 'N Chaos,11,3.1818181818181817,112.9909090909091,8.947048142113118
Destiny,11,3.1818181818181817,80.89090909090909,8.947048142113118
Invector: Rhythm Galaxy,11,3.1818181818181817,122.7090909090909,8.947048142113118
Content King: Streamer Simulator,9,3.888888888888889,112.32222222222224,8.936518421552968
Les Schtroumpfs 2 - Le Prisonnier De La Pierre Verte,9,3.888888888888889,104.63333333333334,8.936518421552968
Collar X Malice,9,3.888888888888889,84.71111111111111,8.936518421552968
Dead Land: Polygon Vr,9,3.888888888888889,84.86666666666666,8.936518421552968
Bomber Crew,9,3.888888888888889,104.14444444444445,8.936518421552968
Senko No Ronde 2 Demo,9,3.888888888888889,72.92222222222222,8.936518421552968
Jeanne D'Arc,9,3.888888888888889,96.53333333333333,8.936518421552968
Le Coffret Fête Jackbox Party Pack 3,9,3.888888888888889,128.35555555555555,8.936518421552968
Arcade Archives Punk Shot,9,3.888888888888889,99.15555555555555,8.936518421552968
Total Arcade Racing,9,3.888888888888889,137.93333333333334,8.936518421552968
The Coma 2: Vicious Sisters,9,3.888888888888889,132.1777777777778,8.936518421552968
Plague Inc: Evolved,9,3.888888888888889,112.42222222222223,8.936518421552968
Glass Masquerade,9,3.888888888888889,80.92222222222222,8.936518421552968
Nba 2K26 Pour Ps5,9,3.888888888888889,140.24444444444444,8.936518421552968
Disjunction,9,3.888888888888889,74.43333333333334,8.936518421552968
Tune My Car - Tuning Studio & Mechanic Simulator 2025,9,3.888888888888889,78.57777777777778,8.936518421552968
Typingcommand,9,3.888888888888889,98.47777777777779,8.936518421552968
Hermit'S Tic-Tac-Toe,9,3.888888888888889,120.10000000000001,8.936518421552968
Oxide Room 208 - File Josh,9,3.888888888888889,66.97777777777777,8.936518421552968
The Blackout Club,9,3.888888888888889,118.69999999999999,8.936518421552968
Cazzarion: Star Collector,9,3.888888888888889,106.53333333333333,8.936518421552968
Ape Escape P,9,3.888888888888889,140.3,8.936518421552968
Airport Manager Simulator 2025,9,3.888888888888889,120.65555555555557,8.936518421552968
Hot Wheels Unleashed,9,3.888888888888889,114.25555555555555,8.936518421552968
"El Paso, Elsewhere",9,3.888888888888889,108.4,8.936518421552968
Superhero-X,9,3.888888888888889,77.46666666666667,8.936518421552968
Horror Pinball Bundle,9,3.888888888888889,113.80000000000001,8.936518421552968
Retro Racers,9,3.888888888888889,97.82222222222222,8.936518421552968
Desert Journey,9,3.888888888888889,101.66666666666667,8.936518421552968
Uncanny Valley,9,3.888888888888889,65.46666666666667,8.936518421552968
Yars: Recharged,9,3.888888888888889,102.82222222222222,8.936518421552968
Psychedelica Of The Black Butterfly,9,3.888888888888889,104.41111111111111,8.936518421552968
Samurai Warriors 4,9,3.888888888888889,112.10000000000001,8.936518421552968
Everybody’S Golf,9,3.888888888888889,109.14444444444445,8.936518421552968
Baskhead Training,9,3.888888888888889,93.83333333333333,8.936518421552968
Buzludzha Evil,9,3.888888888888889,124.12222222222223,8.936518421552968
Arsène Lupin - Voleur Un Jour Ps4 & Ps5,9,3.888888888888889,131.02222222222224,8.936518421552968
No Heroes Here 2,9,3.888888888888889,124.46666666666667,8.936518421552968
The Playroom,9,3.888888888888889,94.53333333333333,8.936518421552968
The Binding Of Isaac: Rebirth,9,3.888888888888889,95.17777777777778,8.936518421552968
Go! Sudoku Tous Niveaux,9,3.888888888888889,77.2,8.936518421552968
Gravitators Ps4 & Ps5,9,3.888888888888889,100.67777777777778,8.936518421552968
Pyromind,9,3.888888888888889,119.03333333333333,8.936518421552968
Toejam & Earl,9,3.888888888888889,113.44444444444444,8.936518421552968
Donuts In Space,9,3.888888888888889,117.34444444444443,8.936518421552968
Read Only Memories: Neurodiver,9,3.888888888888889,79.21111111111112,8.936518421552968
Overdrive Blaster Ps4 & Ps5,9,3.888888888888889,109.1222222222222,8.936518421552968
Cazzarion: Bomber Attack,9,3.888888888888889,96.63333333333334,8.936518421552968
Arcade Archives In The Hunt,9,3.888888888888889,80.47777777777777,8.936518421552968
Bowling (Story Three) (Mark Version) - Project: Summer Ice,9,3.888888888888889,128.83333333333334,8.936518421552968
Monopoly Family Fun Pack,9,3.888888888888889,81.08888888888889,8.936518421552968
Twist It,9,3.888888888888889,81.71111111111111,8.936518421552968
Forza Horizon 5 Standard Edition,12,2.9166666666666665,65.91666666666667,8.913127113642883
Tales Of The Shire: Un Jeu Seigneur Des Anneaux,8,4.375,85.4,8.873269131598358
Aca Neogeo The King Of Fighters '98,8,4.375,90.4125,8.873269131598358
Dark Souls: Remastered,8,4.375,79.675,8.873269131598358
Worms W.M.D,8,4.375,112.275,8.873269131598358
Bleak Dystopia,8,4.375,87.8625,8.873269131598358
Kick & Fennick,8,4.375,132.975,8.873269131598358
Saints Row: Gat Out Of Hell,8,4.375,78.6125,8.873269131598358
Woah Dave!,8,4.375,77.3375,8.873269131598358
Rune Factory 4 Special,8,4.375,64.6,8.873269131598358
Hexa River,8,4.375,113.475,8.873269131598358
Rime,8,4.375,118.25,8.873269131598358
Bob L'Éponge: Les Titans Des Marées,8,4.375,86.1125,8.873269131598358
Chimp Test,8,4.375,93.1,8.873269131598358
Empire Of Sin,8,4.375,125.55,8.873269131598358
All-Star Fruit Racing,8,4.375,118.2125,8.873269131598358
Marfusha,8,4.375,108.7375,8.873269131598358
Endocrisis,8,4.375,97.15,8.873269131598358
Alienzix: Cybernet,8,4.375,70.4375,8.873269131598358
Silk,8,4.375,110.075,8.873269131598358
Tangle Tower,8,4.375,102.6875,8.873269131598358
Deception Iv: Blood Ties,8,4.375,124.22500000000001,8.873269131598358
Fables Mosaic: Cindarella,8,4.375,80.7125,8.873269131598358
Wrath: Aeon Of Ruin,8,4.375,62.0875,8.873269131598358
Fast Gear,8,4.375,106.5375,8.873269131598358
Arcade Archives Penguin-Kun Wars,8,4.375,125.8125,8.873269131598358
Spirit Of The North 2,8,4.375,96.03750000000001,8.873269131598358
Racing The Gods - Beyond Horizons,8,4.375,103.65,8.873269131598358
Monochrome Mobius: Rights And Wrongs Forgotten,8,4.375,97.5,8.873269131598358
Castlestorm Definitive Edition,8,4.375,104.0625,8.873269131598358
Truck Journey,8,4.375,92.1,8.873269131598358
Digging A Hole Simulator,8,4.375,97.16250000000001,8.873269131598358
Trailblazers,8,4.375,71.10000000000001,8.873269131598358
Star Ocean - The Last Hope - 4K & Full Hd Remaster,8,4.375,104.51249999999999,8.873269131598358
Garten Of Banban 3,8,4.375,109.7,8.873269131598358
Armored Core Vi Fires Of Rubicon Ps4 & Ps5,8,4.375,99.4875,8.873269131598358
The Lonesome Guild,8,4.375,88.2125,8.873269131598358
Dungholes,8,4.375,106.9625,8.873269131598358
Pretty Bird 7,8,4.375,79.45,8.873269131598358
Kvark (Ps4),8,4.375,112.9375,8.873269131598358
Phogs!,8,4.375,114.5125,8.873269131598358
Kurushi,8,4.375,84.8125,8.873269131598358
The Jumping Melon Rush - Ps4 & Ps5,10,3.4,114.95,8.86757207282963
Pursuit Force [Psp],10,3.4,92.65,8.86757207282963
Mlb The Show 23 Sur Ps4,10,3.4,60.27,8.86757207282963
Curse Of The Dead Gods,10,3.4,113.55999999999999,8.86757207282963
Mervils: A Vr Adventure,10,3.4,135.51,8.86757207282963
Remember Valentine,10,3.4,79.84,8.86757207282963
How To Survive: Storm Warning Edition,10,3.4,127.67999999999999,8.86757207282963
Washeteria,10,3.4,103.27000000000001,8.86757207282963
Blaze Et Les Monster Machines: Pilotes De Moteur City,10,3.4,106.50999999999999,8.86757207282963
The Chicken Quiz,10,3.4,114.3,8.86757207282963
Japanese Rail Sim: Hakone Town Of Natural Beauty And Hot Springs,10,3.4,45.88,8.86757207282963
Bioshock 2,10,3.4,107.91,8.86757207282963
Out Of Sight,10,3.4,85.49000000000001,8.86757207282963
Legendary Eleven,10,3.4,122.23999999999998,8.86757207282963
A Little To The Left,11,3.090909090909091,111.2090909090909,8.857243908650727
A Tale Of Paper - Refolded,11,3.090909090909091,123.13636363636364,8.857243908650727
Alien: Rogue Incursion Evolved Edition,11,3.090909090909091,113.36363636363636,8.857243908650727
Project Drift Japan Challenge,9,3.7777777777777777,80.19999999999999,8.846819878086702
Digimon World: Next Order,9,3.7777777777777777,109.21111111111112,8.846819878086702
Fils Et Os,9,3.7777777777777777,112.9,8.846819878086702
Gunship: Zombie,9,3.7777777777777777,95.17777777777778,8.846819878086702
Tomb Raider Iv-Vi Remastered Ps4 & Ps5,9,3.7777777777777777,103.86666666666667,8.846819878086702
Just In Time Incorporated,9,3.7777777777777777,87.17777777777778,8.846819878086702
Arcade Archives Aqua Jet,9,3.7777777777777777,94.95555555555555,8.846819878086702
Razed,9,3.7777777777777777,121.16666666666667,8.846819878086702
Rims Racing,9,3.7777777777777777,129.5,8.846819878086702
Rifftrax: The Game,9,3.7777777777777777,92.9,8.846819878086702
Arcade Archives Bells & Whistles,9,3.7777777777777777,82.63333333333334,8.846819878086702
Atom Rpg,9,3.7777777777777777,95.12222222222222,8.846819878086702
Twisted Metal: Head On,9,3.7777777777777777,107.13333333333334,8.846819878086702
Trainervr,9,3.7777777777777777,115.24444444444445,8.846819878086702
Terra Lander Ii - Rockslide Rescue,9,3.7777777777777777,92.75555555555555,8.846819878086702
Arcade Archives Front Line,9,3.7777777777777777,105.77777777777777,8.846819878086702
Sports D'Été Tout-En-Un Vr / All-In-One Summer Sports Vr,9,3.7777777777777777,112.46666666666667,8.846819878086702
Monument Valley,9,3.7777777777777777,100.15555555555555,8.846819878086702
Ragdoll Fighter,9,3.7777777777777777,112.41111111111111,8.846819878086702
Fomography,9,3.7777777777777777,69.73333333333333,8.846819878086702
Octopath Traveler Ps4＆Ps5,9,3.7777777777777777,127.26666666666668,8.846819878086702
Captain Cat,9,3.7777777777777777,95.63333333333334,8.846819878086702
Narcosis,9,3.7777777777777777,103.65555555555555,8.846819878086702
Alpha Collapse,9,3.7777777777777777,118.71111111111112,8.846819878086702
Irem Collection Volume 1 Ps4 & Ps5,9,3.7777777777777777,102.13333333333333,8.846819878086702
Dragon Quest Xi S : Les Combattants De La Destinée - Édition Ultime,9,3.7777777777777777,103.54444444444444,8.846819878086702
A Building Full Of Cats,9,3.7777777777777777,97.1888888888889,8.846819878086702
The Mooseman,9,3.7777777777777777,67.9,8.846819878086702
The Quarry Pour Ps5,9,3.7777777777777777,76.05555555555556,8.846819878086702
Last Escape: Dead Complex,9,3.7777777777777777,80.83333333333333,8.846819878086702
Pinball (Machine #2) - Our Church And Halloween Rpg,9,3.7777777777777777,121.82222222222224,8.846819878086702
Creature In The Well,9,3.7777777777777777,133.0111111111111,8.846819878086702
A.O.T. Wings Of Freedom,9,3.7777777777777777,107.75555555555555,8.846819878086702
Exception,9,3.7777777777777777,125.76666666666668,8.846819878086702
Fragments Of Him,9,3.7777777777777777,90.25555555555555,8.846819878086702
Evil Eyes,9,3.7777777777777777,115.94444444444444,8.846819878086702
Farmer'S Dynasty,9,3.7777777777777777,107.47777777777777,8.846819878086702
Steep,9,3.7777777777777777,80.32222222222222,8.846819878086702
W.U.R.M.,9,3.7777777777777777,105.54444444444444,8.846819878086702
Superhot Mind Is Software Bundle,9,3.7777777777777777,92.22222222222223,8.846819878086702
New Star Gp,9,3.7777777777777777,104.47777777777777,8.846819878086702
Once Upon A Puppet,9,3.7777777777777777,118.61111111111111,8.846819878086702
Mount & Blade: Warband,9,3.7777777777777777,112.0,8.846819878086702
Goat Simulator: Remastered,9,3.7777777777777777,111.0,8.846819878086702
Lost In Random Sur Ps4 Et Ps5,9,3.7777777777777777,109.5111111111111,8.846819878086702
Divinity Original Sin - Enhanced Edition,9,3.7777777777777777,96.13333333333334,8.846819878086702
Guilty Gear Xrd Rev.2,9,3.7777777777777777,72.8111111111111,8.846819878086702
Destino Indomable,9,3.7777777777777777,83.65555555555555,8.846819878086702
The Last Cube,12,2.8333333333333335,93.31666666666666,8.823663355822474
Hellpoint,8,4.25,85.625,8.784205440422053
Metal Suits: Contre-Attaque,8,4.25,78.025,8.784205440422053
Bubsy In: The Purrfect Collection,8,4.25,82.51249999999999,8.784205440422053
Guns,8,4.25,91.8625,8.784205440422053
Bacrush,8,4.25,113.9875,8.784205440422053
Blazing Chrome,8,4.25,86.7125,8.784205440422053
The Jackbox Party Pack 4,8,4.25,117.0125,8.784205440422053
A Maze Against Time,8,4.25,103.95,8.784205440422053
Sword Art Online: Fatal Bullet,8,4.25,102.07499999999999,8.784205440422053
Period Cube ~Shackles Of Amadeus~,8,4.25,102.6125,8.784205440422053
Armored Core,8,4.25,119.5875,8.784205440422053
Kingdom Hearts Melody Of Memory,8,4.25,119.5125,8.784205440422053
Moving Out,8,4.25,71.6875,8.784205440422053
Valentino Rossi The Game,8,4.25,98.95,8.784205440422053
Straimium Immortaly,8,4.25,75.1875,8.784205440422053
Professor Doctor Jetpack Ps4 & Ps5,8,4.25,130.1,8.784205440422053
Elliot Quest,8,4.25,92.3625,8.784205440422053
Arcade Archives Image Fight,8,4.25,79.8,8.784205440422053
Beyond Blue,8,4.25,146.8375,8.784205440422053
B99 Overclocked,8,4.25,104.13749999999999,8.784205440422053
Banishers: Ghosts Of New Eden,8,4.25,92.5,8.784205440422053
Balloon Fast Run,8,4.25,107.975,8.784205440422053
The Wild At Heart,8,4.25,129.2625,8.784205440422053
Bamboo Retro Run,8,4.25,78.4625,8.784205440422053
Galagi Shooter Ultimate Blast,8,4.25,84.7625,8.784205440422053
Anime Girls - Fantasy Desire,8,4.25,97.225,8.784205440422053
Solid Void - Nature Puzzles,8,4.25,91.1375,8.784205440422053
Monster Energy Supercross - The Official Videogame 2,8,4.25,104.425,8.784205440422053
Horror Break Head To Head,8,4.25,93.7,8.784205440422053
Monster Hunter Stories 2: Wings Of Ruin,8,4.25,102.8,8.784205440422053
Five Dates,8,4.25,105.525,8.784205440422053
Bowling (Story Five) (Pammy Version) - Project: Summer Ice,8,4.25,98.5375,8.784205440422053
Platform Twister - Ps4 & Ps5,8,4.25,141.1125,8.784205440422053
Ultros (Ps4 & Ps5),8,4.25,100.3125,8.784205440422053
Dynasty Warriors 6,8,4.25,115.8,8.784205440422053
Burger Break,8,4.25,99.0375,8.784205440422053
Matchpoint - Tennis Championships | Demo,8,4.25,118.15,8.784205440422053
Arcade Archives Daioh,8,4.25,72.175,8.784205440422053
Speeder Ship,8,4.25,134.425,8.784205440422053
Tales Of Xillia Remastered,8,4.25,101.1375,8.784205440422053
Insurgency: Sandstorm [Ps4 & Ps5],8,4.25,114.7,8.784205440422053
The Town Of Light,8,4.25,102.9875,8.784205440422053
Paper Flight - Speed Rush,8,4.25,97.075,8.784205440422053
Arcade Archives Super Xevious,8,4.25,129.85,8.784205440422053
Moss,10,3.3,96.08,8.777663121367292
Soraja Invaders,10,3.3,92.26,8.777663121367292
Heroes Of Loot,10,3.3,101.16,8.777663121367292
Earth Defense Force:World Brothers,10,3.3,93.89000000000001,8.777663121367292
Big Sky Infinity Trial,10,3.3,95.26,8.777663121367292
Witch It,10,3.3,112.46,8.777663121367292
Bilmo,10,3.3,97.16,8.777663121367292
Doom & Destiny,10,3.3,129.49,8.777663121367292
Pokettohiro Ps4 & Ps5,10,3.3,96.0,8.777663121367292
The Stanley Parable: Ultra Deluxe,10,3.3,73.71000000000001,8.777663121367292
Voyage Ps4 & Ps5,10,3.3,116.6,8.777663121367292
Warhammer: End Times - Vermintide,10,3.3,80.94,8.777663121367292
I Want To Go To Mars,10,3.3,107.14000000000001,8.777663121367292
Pop-Up Pilgrims,11,3.0,109.24545454545455,8.767439675188337
Planet Zoo,11,3.0,116.62727272727274,8.767439675188337
Postal Redux,11,3.0,99.30909090909091,8.767439675188337
Payday 2: Crimewave Edition,11,3.0,119.82727272727271,8.767439675188337
Autobahn Police Simulator 2,9,3.6666666666666665,118.84444444444443,8.757121334620438
Totally Spies! - Cyber Mission Ps4 & Ps5,9,3.6666666666666665,93.86666666666667,8.757121334620438
Hard Reset Redux,9,3.6666666666666665,99.43333333333334,8.757121334620438
The Continents - Breakthrough Gaming Activity Center,9,3.6666666666666665,108.84444444444445,8.757121334620438
Fight Of Steel: Infinity Warrior,9,3.6666666666666665,130.2111111111111,8.757121334620438
Professional Farmer: American Dream,9,3.6666666666666665,90.56666666666666,8.757121334620438
Fruit Collector,9,3.6666666666666665,87.48888888888888,8.757121334620438
Cazzarion: Pop The Bubbles,9,3.6666666666666665,116.86666666666666,8.757121334620438
Neptunia Game Maker R:Evolution,9,3.6666666666666665,125.46666666666667,8.757121334620438
Tiny Terry'S Turbo Trip,9,3.6666666666666665,136.83333333333334,8.757121334620438
The Chant,9,3.6666666666666665,111.4,8.757121334620438
Moorhuhn Crazy Cicken – Chasse Au Trésor 2,9,3.6666666666666665,112.62222222222222,8.757121334620438
Techno Tanks,9,3.6666666666666665,109.63333333333334,8.757121334620438
Drag Journey: Nitro,9,3.6666666666666665,100.21111111111111,8.757121334620438
Moonlit Embrace,9,3.6666666666666665,115.33333333333333,8.757121334620438
Holly'S Hunt,9,3.6666666666666665,99.95555555555556,8.757121334620438
Hide 'N Seek!,9,3.6666666666666665,93.11111111111111,8.757121334620438
Just Cause,9,3.6666666666666665,137.75555555555556,8.757121334620438
Space Kabaam: Neon,9,3.6666666666666665,120.95555555555555,8.757121334620438
Risk Of Rain,9,3.6666666666666665,105.24444444444445,8.757121334620438
Snake Break,9,3.6666666666666665,90.7,8.757121334620438
The Last Oricru - Final Cut,9,3.6666666666666665,111.16666666666667,8.757121334620438
The Last Light,9,3.6666666666666665,92.51111111111112,8.757121334620438
Moto Racer 4 - Demo,9,3.6666666666666665,155.02222222222224,8.757121334620438
Glowface - Ps4 & Ps5,9,3.6666666666666665,73.19999999999999,8.757121334620438
Canine,9,3.6666666666666665,93.71111111111112,8.757121334620438
God Of War Iii,9,3.6666666666666665,90.95555555555556,8.757121334620438
Weed Shop Simulator,9,3.6666666666666665,112.1222222222222,8.757121334620438
This Is The Police,9,3.6666666666666665,120.91111111111111,8.757121334620438
Les Tortues Ninja - Le Destin De Splinter,9,3.6666666666666665,88.21111111111111,8.757121334620438
How We Soar,9,3.6666666666666665,90.69999999999999,8.757121334620438
The Line,9,3.6666666666666665,121.41111111111111,8.757121334620438
Kruger,9,3.6666666666666665,127.54444444444445,8.757121334620438
Romancing Saga 2,9,3.6666666666666665,65.74444444444445,8.757121334620438
Expand,9,3.6666666666666665,111.11111111111111,8.757121334620438
Draw A Stickman: Epic 3,9,3.6666666666666665,75.0,8.757121334620438
Pathologic 2,9,3.6666666666666665,80.92222222222222,8.757121334620438
Crawl,9,3.6666666666666665,88.08888888888889,8.757121334620438
Blood & Truth,9,3.6666666666666665,67.96666666666667,8.757121334620438
The Jumping Fries,7,5.0,66.47142857142856,8.752389138744004
Phoenix Point,12,2.75,91.33333333333333,8.734199598002064
Dig Vr,8,4.125,81.575,8.69514174924575
Super Kickers League,8,4.125,99.4,8.69514174924575
F1 25,8,4.125,120.5625,8.69514174924575
Metro Redux,8,4.125,128.775,8.69514174924575
Michel-Ange: Sculpture Simulator,8,4.125,130.8,8.69514174924575
Trials Rising Demo,8,4.125,112.9125,8.69514174924575
The Wood Story,8,4.125,109.175,8.69514174924575
Arcade Archives Mat Mania Exciting Hour,8,4.125,138.6625,8.69514174924575
Space 2 (Challenge Mode Edition) - Breakthrough Gaming Arcade,8,4.125,83.7125,8.69514174924575
Hammerwatch,8,4.125,149.7875,8.69514174924575
Gunbird 2,8,4.125,68.4,8.69514174924575
Assetto Corsa,8,4.125,94.5625,8.69514174924575
Might & Magic: Clash Of Heroes: Definitive Edition,8,4.125,67.1625,8.69514174924575
Cazzarion: Dart Wheel,8,4.125,78.7125,8.69514174924575
Metro 2033 Redux,8,4.125,113.8875,8.69514174924575
Eventide: Slavic Fable,8,4.125,92.35,8.69514174924575
Oriana (Story Two) - My First Date Rpg,8,4.125,128.65,8.69514174924575
Aca Neogeo Real Bout Fatal Fury Special,8,4.125,94.7375,8.69514174924575
Ride 3,8,4.125,113.94999999999999,8.69514174924575
Horizon Forbidden West Complete Edition,8,4.125,131.125,8.69514174924575
The Life Of Buzludzha,8,4.125,82.4125,8.69514174924575
Mauvais Papier,8,4.125,108.7375,8.69514174924575
Ray'Z Arcade Chronology,8,4.125,80.95,8.69514174924575
Hajwala,8,4.125,105.75,8.69514174924575
Twin Colliders,8,4.125,108.3375,8.69514174924575
Free Throw Basketball,8,4.125,84.825,8.69514174924575
Fox N Forests,8,4.125,108.0125,8.69514174924575
Pixeljunk Monsters 2,8,4.125,124.05,8.69514174924575
Eiyuden Chronicle: Hundred Heroes,8,4.125,127.5875,8.69514174924575
Dr. Maybee And The Adv. Of Scarygirl,8,4.125,133.65,8.69514174924575
Injustice 2 - Legendary Edition,8,4.125,99.625,8.69514174924575
Skibidi Toilet: Battle Royale,8,4.125,134.2625,8.69514174924575
Astor: Blade Of The Monolith,8,4.125,90.1125,8.69514174924575
Ghostbusters: The Video Game Remastered,8,4.125,83.4625,8.69514174924575
Aca Neogeo Gururin,8,4.125,86.4125,8.69514174924575
Unbound: Worlds Apart,8,4.125,116.775,8.69514174924575
Don Bradman Cricket 17,8,4.125,107.075,8.69514174924575
Ggmuks Casino: Slots,8,4.125,100.8125,8.69514174924575
My Tiny Island,8,4.125,98.575,8.69514174924575
Spirit Advisors,8,4.125,89.0625,8.69514174924575
Wild Island Quest,8,4.125,78.725,8.69514174924575
Shred! 2 - Ft Sam Pilgrim,8,4.125,116.975,8.69514174924575
World Of Horror,8,4.125,121.075,8.69514174924575
Ion Fury,8,4.125,96.3875,8.69514174924575
Like A Dragon: Infinite Wealth Ps4 & Ps5,8,4.125,111.8,8.69514174924575
Farming Simulator 25,8,4.125,121.9875,8.69514174924575
Samurai Warriors 4-Ii,8,4.125,99.4625,8.69514174924575
P Fit,8,4.125,101.38749999999999,8.69514174924575
Active Neurons - Puzzle Game,8,4.125,85.65,8.69514174924575
Nitroplus Blasterz: Heroines Infinite Duel,8,4.125,109.73750000000001,8.69514174924575
Nba Live 19 : Édition L'Élu,8,4.125,62.175,8.69514174924575
Wrc 6 Fia World Rally Championship,8,4.125,135.3,8.69514174924575
Cute Bite Ps4 & Ps5,8,4.125,107.65,8.69514174924575
Pinstripe,8,4.125,92.64999999999999,8.69514174924575
Farmagia : Édition Numérique Deluxe,8,4.125,136.925,8.69514174924575
L'Aventure Des Pingouins,8,4.125,112.825,8.69514174924575
Layers Of Fear 2 (2019),8,4.125,102.925,8.69514174924575
Zj The Ball (Level 2),8,4.125,89.425,8.69514174924575
Football Striker 2024 - Ps4 & Ps5,8,4.125,70.2,8.69514174924575
Attaque Hélico,8,4.125,96.6,8.69514174924575
Evoland Legendary Edition,8,4.125,124.0,8.69514174924575
Bleach Rebirth Of Souls Ps4 & Ps5,10,3.2,118.8,8.687754169904952
Evil West,10,3.2,116.22,8.687754169904952
Sorcery,10,3.2,100.37,8.687754169904952
Adventure & Horror Pinball,10,3.2,107.75999999999999,8.687754169904952
Mafia: The Old Country,10,3.2,95.02000000000001,8.687754169904952
Démo De Bound,10,3.2,107.6,8.687754169904952
Chronus Arc,10,3.2,100.5,8.687754169904952
Super Cerceaux,10,3.2,107.72,8.687754169904952
Hexologic,10,3.2,97.96000000000001,8.687754169904952
Life Is Strange: True Colors Ps4 & Ps5,10,3.2,79.06,8.687754169904952
"Hé ! Vous Les Vouliez « Ces Jeux », Hein ? Eh Bien, Les Voilà ! À Vous De Jouer Maintenant ! 2",10,3.2,106.15,8.687754169904952
Winter Games Collection + Calendrier De L’Avent,10,3.2,110.95,8.687754169904952
Shantae And The Seven Sirens Ps4 And Ps5,10,3.2,98.9,8.687754169904952
Throw M,10,3.2,110.96,8.687754169904952
Card Shop Game Store - Tcg Simulator,10,3.2,69.2,8.687754169904952
Astro Et Suzy Vont À La Plage,11,2.909090909090909,121.9909090909091,8.677635441725947
Heaven Dust 2,11,2.909090909090909,128.6727272727273,8.677635441725947
Repit,11,2.909090909090909,128.8181818181818,8.677635441725947
Arcade Archives Xevious,9,3.5555555555555554,94.82222222222222,8.667422791154172
Autopsy Simulator,9,3.5555555555555554,123.15555555555557,8.667422791154172
Bloodbath,9,3.5555555555555554,77.12222222222222,8.667422791154172
Stranger Of Paradise Final Fantasy Origin Demo Version,9,3.5555555555555554,114.77777777777777,8.667422791154172
01 Deadliest Zone Catch — Boat Crab & Fishing Simulator,9,3.5555555555555554,71.66666666666667,8.667422791154172
Pixel Heroes: Byte & Magic,9,3.5555555555555554,84.43333333333334,8.667422791154172
Subnautica,9,3.5555555555555554,106.17777777777778,8.667422791154172
Stray,9,3.5555555555555554,106.76666666666668,8.667422791154172
Detective Agency: Gray Tie Collector'S Edition,9,3.5555555555555554,128.77777777777777,8.667422791154172
Banner Saga 2,9,3.5555555555555554,105.86666666666666,8.667422791154172
Forgotten Fields,9,3.5555555555555554,110.67777777777776,8.667422791154172
Adventure Pinball Bundle,9,3.5555555555555554,83.88888888888889,8.667422791154172
Until Dawn: Rush Of Blood,9,3.5555555555555554,134.15555555555557,8.667422791154172
Detention,9,3.5555555555555554,116.5,8.667422791154172
L.A. Noire,9,3.5555555555555554,152.14444444444445,8.667422791154172
Golazo! Football League,9,3.5555555555555554,97.85555555555555,8.667422791154172
Croc'S World,9,3.5555555555555554,124.9888888888889,8.667422791154172
Mina & Michi Ps4 & Ps5,9,3.5555555555555554,103.05555555555556,8.667422791154172
Would You Like To Run An Idol Café? 2 Ps4 & Ps5,9,3.5555555555555554,138.66666666666666,8.667422791154172
Shapeu,9,3.5555555555555554,136.92222222222222,8.667422791154172
Pillars Of Eternity: Complete Edition,9,3.5555555555555554,65.1888888888889,8.667422791154172
Cotton Reboot!,9,3.5555555555555554,108.84444444444445,8.667422791154172
Illusion Of L'Phalcia,9,3.5555555555555554,141.97777777777776,8.667422791154172
Go Mecha Ball,9,3.5555555555555554,118.53333333333333,8.667422791154172
Ctrl Alt Deal,9,3.5555555555555554,79.35555555555555,8.667422791154172
Kingdom Hearts Iii,9,3.5555555555555554,129.2,8.667422791154172
Invizimals,9,3.5555555555555554,86.45555555555556,8.667422791154172
Find Love Or Die Trying Ps4 & Ps5,9,3.5555555555555554,107.52222222222223,8.667422791154172
The Darkside Detective: A Fumble In The Dark,9,3.5555555555555554,93.87777777777778,8.667422791154172
Rooftop Rascal: The Drizzle Cat,9,3.5555555555555554,133.0111111111111,8.667422791154172
Sker Ritual Demo,9,3.5555555555555554,101.8111111111111,8.667422791154172
Goosebumps: Terror In Little Creek,9,3.5555555555555554,96.03333333333333,8.667422791154172
The Shark T,9,3.5555555555555554,105.75555555555556,8.667422791154172
Bowling (Story Two) (Jane Version) - Project: Summer Ice,9,3.5555555555555554,69.36666666666666,8.667422791154172
Chats Dans Des Boîtes,9,3.5555555555555554,75.5,8.667422791154172
Superhot: Mind Control Delete,9,3.5555555555555554,106.11111111111111,8.667422791154172
Caladrius Blaze,9,3.5555555555555554,110.33333333333333,8.667422791154172
Ensemble Nanite Systems Pour Débutant,9,3.5555555555555554,96.08888888888889,8.667422791154172
Doom Eternal (Battlemode),9,3.5555555555555554,92.88888888888889,8.667422791154172
Sum10,9,3.5555555555555554,91.66666666666667,8.667422791154172
Aca Neogeo The King Of Fighters '94,9,3.5555555555555554,59.32222222222222,8.667422791154172
Démo De Echochrome Ii,9,3.5555555555555554,111.53333333333333,8.667422791154172
Up 1 Way,9,3.5555555555555554,110.21111111111111,8.667422791154172
Let'S Sing Queen,7,4.857142857142857,55.271428571428565,8.664538756686731
Mlb The Show 22 Sur Ps4,7,4.857142857142857,110.3,8.664538756686731
Aca Neogeo Sengoku,7,4.857142857142857,119.3,8.664538756686731
Boule Zigzag,7,4.857142857142857,89.05714285714285,8.664538756686731
428: Shibuya Scramble,8,4.0,123.3,8.606078058069446
Cozy Climbing Game,8,4.0,125.375,8.606078058069446
The Spidy D,8,4.0,109.5125,8.606078058069446
Arcade Archives Vs. Castlevania,8,4.0,83.0375,8.606078058069446
Coffee Fun,8,4.0,92.1875,8.606078058069446
Airborne Kingdom,8,4.0,112.6375,8.606078058069446
Capy’S Quest,8,4.0,85.57499999999999,8.606078058069446
Jeux Olympiques De Tokyo 2020 – Le Jeu Vidéo Officiel,8,4.0,94.5375,8.606078058069446
Astérix & Obélix Xxl 2,8,4.0,107.5125,8.606078058069446
Mlb The Show 24 Ps4,8,4.0,73.6875,8.606078058069446
Overruled!,8,4.0,164.8125,8.606078058069446
Beholder Complete Edition,8,4.0,114.5625,8.606078058069446
Ether One,8,4.0,131.6125,8.606078058069446
Söldner-X 2: Final Prototype Definitive Edition,8,4.0,110.0125,8.606078058069446
Color Swiper - Ps4 & Ps5,8,4.0,110.7625,8.606078058069446
Taco Break,8,4.0,109.7625,8.606078058069446
Ironcast,8,4.0,86.7,8.606078058069446
Flatland: Prologue,8,4.0,96.35,8.606078058069446
Paper Io 2,8,4.0,73.275,8.606078058069446
Big Adventure: Trip To Europe 7 Ce,8,4.0,108.3625,8.606078058069446
Arcade Archives Sasuke Vs Commander,8,4.0,138.075,8.606078058069446
Five Nights At Freddy'S,8,4.0,116.0875,8.606078058069446
Aca Neogeo Samurai Shodown Iii,8,4.0,102.05,8.606078058069446
Hexamaze,8,4.0,55.675,8.606078058069446
Bpop,8,4.0,133.1125,8.606078058069446
Dordogne,8,4.0,95.7375,8.606078058069446
One Piece Burning Blood,8,4.0,96.8625,8.606078058069446
Vaccine,8,4.0,114.8,8.606078058069446
Easy Red 2,8,4.0,84.7125,8.606078058069446
Clumsy Rush: Ultimate Guys,8,4.0,118.25,8.606078058069446
First Time In Rome Collector'S Edition,8,4.0,103.3625,8.606078058069446
Firefighters – The Simulation,8,4.0,82.25,8.606078058069446
Manual Samuel Last Tuesday Edition,8,4.0,100.4375,8.606078058069446
Void Trrlm(),8,4.0,103.5625,8.606078058069446
Ebola Iii,8,4.0,104.5125,8.606078058069446
Struggling,8,4.0,99.67500000000001,8.606078058069446
The Jumping Ice Cream,8,4.0,105.45,8.606078058069446
Unknown Castle,8,4.0,68.775,8.606078058069446
Mondealy,8,4.0,100.675,8.606078058069446
Reactorx3,8,4.0,92.5625,8.606078058069446
Démo De Super Monkey Ball Banana Splitz,8,4.0,61.887499999999996,8.606078058069446
L'Homme Au Seau Effrayant,8,4.0,105.2625,8.606078058069446
Dusk,8,4.0,86.775,8.606078058069446
Dying: Reborn Psvr,8,4.0,131.9375,8.606078058069446
Frogun,8,4.0,125.9,8.606078058069446
Land Of Mushrooms Demo,8,4.0,116.9375,8.606078058069446
Aca Neogeo Pulstar,8,4.0,105.55,8.606078058069446
Zool Redimensioned,8,4.0,122.425,8.606078058069446
Axe Champ,8,4.0,119.8125,8.606078058069446
Cricket 19,8,4.0,125.925,8.606078058069446
Panic Porcupine,10,3.1,93.49,8.597845218442615
Frame Cat Ps4 & Ps5,10,3.1,119.14000000000001,8.597845218442615
Syberia - Remastered,10,3.1,101.71000000000001,8.597845218442615
Once Again,10,3.1,96.03,8.597845218442615
Trails In The Sky 1St Chapter,11,2.8181818181818183,97.77272727272727,8.587831208263555
Digging Adventure Simulator 2025,11,2.8181818181818183,93.12727272727271,8.587831208263555
Bloodrayne Betrayal: Fresh Bites,9,3.4444444444444446,100.08888888888889,8.577724247687907
Xposed,9,3.4444444444444446,103.96666666666667,8.577724247687907
Lili: Child Of Geos,9,3.4444444444444446,133.77777777777777,8.577724247687907
Need For Speed,9,3.4444444444444446,108.73333333333333,8.577724247687907
Firefighting Simulator: Ignite,9,3.4444444444444446,102.30000000000001,8.577724247687907
Book Of Demons,9,3.4444444444444446,119.60000000000001,8.577724247687907
The Exorcist: Legion Vr (Deluxe Edition),9,3.4444444444444446,104.58888888888889,8.577724247687907
The Silver Age,9,3.4444444444444446,113.36666666666666,8.577724247687907
My Reality Side,9,3.4444444444444446,76.05555555555556,8.577724247687907
Quiz Thiz Germany,9,3.4444444444444446,125.07777777777778,8.577724247687907
Unctrl,9,3.4444444444444446,92.45555555555556,8.577724247687907
Despotism 3K,9,3.4444444444444446,97.33333333333333,8.577724247687907
Racing (3 Player Cooperation Edition) - Breakthrough Gaming Arcade,9,3.4444444444444446,103.02222222222221,8.577724247687907
Dead Land,9,3.4444444444444446,100.05555555555556,8.577724247687907
New Joe & Mac - Caveman Ninja,9,3.4444444444444446,119.56666666666666,8.577724247687907
Dark Quest 3,9,3.4444444444444446,115.4888888888889,8.577724247687907
Pierhead Arcade,9,3.4444444444444446,126.52222222222223,8.577724247687907
"""Buy The Game, I Have A Gun"" -Sheesh-Man : Digital Deluxe Mega Chad Edition",9,3.4444444444444446,81.86666666666666,8.577724247687907
Sauvetage Sur L'Île,9,3.4444444444444446,111.85555555555555,8.577724247687907
Ruée De Balle,9,3.4444444444444446,135.45555555555555,8.577724247687907
I Expect You To Die,9,3.4444444444444446,79.33333333333333,8.577724247687907
Rolling Ball,9,3.4444444444444446,100.01111111111112,8.577724247687907
Story Of Seasons: Pioneers Of Olive Town,9,3.4444444444444446,99.22222222222223,8.577724247687907
Frost,9,3.4444444444444446,84.11111111111111,8.577724247687907
Lirili Larila,9,3.4444444444444446,80.69999999999999,8.577724247687907
South Park : L’Annale Du Destin,9,3.4444444444444446,112.80000000000001,8.577724247687907
Epyka,9,3.4444444444444446,110.51111111111112,8.577724247687907
Fridge Escape,7,4.714285714285714,97.71428571428571,8.576688374629457
Undead Darlings ~No Cure For Love~,7,4.714285714285714,130.1,8.576688374629457
Arcade Archives Nebulasray,7,4.714285714285714,108.02857142857144,8.576688374629457
Strike Vector Ex,7,4.714285714285714,141.0,8.576688374629457
Kingdom Hearts Hd 1.5 + 2.5 Remix,7,4.714285714285714,87.51428571428572,8.576688374629457
Nock,7,4.714285714285714,72.25714285714285,8.576688374629457
Dungeon Defenders: Awakened,7,4.714285714285714,136.88571428571427,8.576688374629457
Super Cane Magic Zero,7,4.714285714285714,95.67142857142858,8.576688374629457
Birthday Of Horrors,7,4.714285714285714,137.42857142857142,8.576688374629457
Crymachina Demo,7,4.714285714285714,123.47142857142856,8.576688374629457
Drunkn Bar Fight,8,3.875,88.6,8.517014366893143
Hotshot Racing,8,3.875,103.9125,8.517014366893143
Animal Kingdom 3,8,3.875,111.8125,8.517014366893143
Garçon Super Slime,8,3.875,129.3375,8.517014366893143
The House Of Da Vinci Vr,8,3.875,116.1375,8.517014366893143
The Brookhaven Experiment,8,3.875,100.8125,8.517014366893143
Prison Tycoon: Under New Management,8,3.875,87.52499999999999,8.517014366893143
Terra Bomber,8,3.875,98.6375,8.517014366893143
Deus Ex Remastered,8,3.875,99.35,8.517014366893143
Space - Breakthrough Gaming Arcade,8,3.875,95.8125,8.517014366893143
Portal Knights,8,3.875,95.775,8.517014366893143
Game Dev Story,8,3.875,132.5625,8.517014366893143
Gal Guardians: Demon Purge,8,3.875,117.45,8.517014366893143
Bonfire Peaks,8,3.875,90.8375,8.517014366893143
Pretzel Rides Vr,8,3.875,109.77499999999999,8.517014366893143
"Kick It, Bunny!",8,3.875,121.3375,8.517014366893143
Abo Khashem,8,3.875,88.4375,8.517014366893143
Shadow Warrior 2,8,3.875,74.625,8.517014366893143
Zen Pong,8,3.875,113.275,8.517014366893143
Disney Vilains Café Enchanté,8,3.875,116.8125,8.517014366893143
Distrust,8,3.875,126.76249999999999,8.517014366893143
Fluster Cluck,8,3.875,80.6625,8.517014366893143
Highway Police Simulator,8,3.875,84.5,8.517014366893143
Jigsaw Puzzle Utopia,8,3.875,116.25,8.517014366893143
Demolish & Build,8,3.875,113.10000000000001,8.517014366893143
Tokyo Xanadu Ex+,8,3.875,110.7125,8.517014366893143
The Last Of Us Part Ii,8,3.875,55.425,8.517014366893143
Birdie Up,8,3.875,60.2875,8.517014366893143
Bioshock Infinite: The Complete Edition,8,3.875,124.8875,8.517014366893143
Agatha Christie – Mort Sur Le Nil,8,3.875,123.9625,8.517014366893143
Silt,8,3.875,74.9375,8.517014366893143
Mahjong Royal Towers,8,3.875,97.0,8.517014366893143
Police Stories,8,3.875,96.5625,8.517014366893143
Ale Tavern Simulator,8,3.875,83.125,8.517014366893143
Luxor Evolved,8,3.875,107.6375,8.517014366893143
Claws & Feathers 3,8,3.875,128.1125,8.517014366893143
Magical Beat,8,3.875,104.0125,8.517014366893143
Ruckus Rumble,8,3.875,95.825,8.517014366893143
Constructor Le Jeu,8,3.875,140.525,8.517014366893143
Just Shapes & Beats,8,3.875,129.5,8.517014366893143
Speed Journey,8,3.875,144.375,8.517014366893143
Desperados Iii - Demo,8,3.875,129.7125,8.517014366893143
Hex Tunnel Touch,8,3.875,93.8625,8.517014366893143
Stardrone Vr,8,3.875,107.7625,8.517014366893143
The Sokoban,8,3.875,104.5875,8.517014366893143
Neva,8,3.875,94.1625,8.517014366893143
Full Metal Schoolgirl,8,3.875,89.075,8.517014366893143
Stilstand,8,3.875,106.675,8.517014366893143
Deadside,8,3.875,82.85,8.517014366893143
Lump Jump,8,3.875,104.25,8.517014366893143
Lunacy: Saint Rhodes,8,3.875,92.0375,8.517014366893143
Cannabis Store Simulator,8,3.875,98.6375,8.517014366893143
Arcade Archives Task Force Harrier,8,3.875,111.2,8.517014366893143
Mr. Driller Drillland Ps4 & Ps5,8,3.875,111.2625,8.517014366893143
Nelke & The Legendary Alchemists ~Ateliers Of The New World~,8,3.875,104.9625,8.517014366893143
Gynoug Ps4 & Ps5,8,3.875,87.0375,8.517014366893143
Heart Of Ice By Dave Morris,8,3.875,68.05,8.517014366893143
Super Toy Cars Offroad,8,3.875,122.2625,8.517014366893143
Bleed 2,8,3.875,94.05,8.517014366893143
The Inner World,8,3.875,75.6,8.517014366893143
Sword Of The Sea,8,3.875,113.9625,8.517014366893143
Active Neurons 3 - Wonders Of The World,10,3.0,72.75999999999999,8.507936266980277
Minefields,10,3.0,92.06,8.507936266980277
Football 2 - Breakthrough Gaming Arcade,10,3.0,84.78999999999999,8.507936266980277
Timesplitters,10,3.0,106.29,8.507936266980277
Fret Nice,10,3.0,117.53000000000002,8.507936266980277
Young Thor,10,3.0,137.26,8.507936266980277
Still Wakes The Deep,11,2.727272727272727,130.56363636363636,8.498026974801165
Sprint Vector,11,2.727272727272727,120.52727272727272,8.498026974801165
Outward Definitive Edition,11,2.727272727272727,80.13636363636364,8.498026974801165
Hive: Altenum Wars,7,4.571428571428571,108.12857142857142,8.488837992572183
Happi Basudei,7,4.571428571428571,115.87142857142858,8.488837992572183
Nik And Kit Racing,7,4.571428571428571,103.42857142857143,8.488837992572183
Think A Little,7,4.571428571428571,62.199999999999996,8.488837992572183
Cladun Returns: This Is Sengoku!,7,4.571428571428571,137.95714285714286,8.488837992572183
Empyreal,7,4.571428571428571,135.5142857142857,8.488837992572183
Arcade Archives Violence Fight,7,4.571428571428571,97.15714285714284,8.488837992572183
Monstrous Lovers Ps4 & Ps5,7,4.571428571428571,145.94285714285715,8.488837992572183
Welcome To Scott'S Story In The World Of Our Church And Halloween (Visual Novel),7,4.571428571428571,64.02857142857142,8.488837992572183
Légendes Des Sables,7,4.571428571428571,109.24285714285715,8.488837992572183
Slime Rancher,7,4.571428571428571,106.34285714285714,8.488837992572183
War Theatre 2: Blood Of Winter - Max Edition,7,4.571428571428571,109.74285714285715,8.488837992572183
The Trap Remake,7,4.571428571428571,90.8,8.488837992572183
Anodyne,7,4.571428571428571,100.78571428571429,8.488837992572183
Harpagun,7,4.571428571428571,88.38571428571429,8.488837992572183
Bad Apple Wars,7,4.571428571428571,117.25714285714285,8.488837992572183
The Journey Down: Chapter Two,7,4.571428571428571,121.34285714285714,8.488837992572183
8-Bit Hordes,7,4.571428571428571,102.65714285714286,8.488837992572183
Aca Neogeo Art Of Fighting,7,4.571428571428571,127.01428571428572,8.488837992572183
Neon Abyss,7,4.571428571428571,65.35714285714286,8.488837992572183
Broken Pieces,7,4.571428571428571,64.5,8.488837992572183
Until Then,7,4.571428571428571,126.72857142857143,8.488837992572183
Massi Ps4 & Ps5,7,4.571428571428571,113.60000000000001,8.488837992572183
The Office Quest,9,3.3333333333333335,88.69999999999999,8.488025704221643
Stifled,9,3.3333333333333335,138.45555555555558,8.488025704221643
Puyo Puyo Champions,9,3.3333333333333335,90.9111111111111,8.488025704221643
Paper Flight - Super Speed Dash,9,3.3333333333333335,148.35555555555555,8.488025704221643
Harmony Chronicles: Chaos Realms Collector'S Edition,9,3.3333333333333335,92.96666666666667,8.488025704221643
Rule No.1 Ps4 & Ps5,9,3.3333333333333335,96.85555555555555,8.488025704221643
Chronos Time 2,9,3.3333333333333335,106.33333333333333,8.488025704221643
Amnesia: Collection,9,3.3333333333333335,105.01111111111112,8.488025704221643
Rekt! High Octane Stunts,9,3.3333333333333335,100.53333333333333,8.488025704221643
Ty The Tasmanian Tiger Hd,9,3.3333333333333335,111.69999999999999,8.488025704221643
Toto Temple Deluxe,9,3.3333333333333335,94.77777777777777,8.488025704221643
Pizza Fun,9,3.3333333333333335,101.38888888888889,8.488025704221643
Everybody'S Golf Hot Shots,9,3.3333333333333335,144.56666666666666,8.488025704221643
To The Moon: Sigmund Minisode 2 (Holiday Special),9,3.3333333333333335,123.21111111111112,8.488025704221643
Monster Boy Et Le Royaume Maudit,9,3.3333333333333335,110.19999999999999,8.488025704221643
Symphonia,9,3.3333333333333335,108.19999999999999,8.488025704221643
Panic House,9,3.3333333333333335,135.2888888888889,8.488025704221643
Drift Journey: Nitro,9,3.3333333333333335,92.32222222222222,8.488025704221643
Donutrun,9,3.3333333333333335,91.83333333333333,8.488025704221643
Tokyo Racer X,8,3.75,103.825,8.427950675716838
Tom Clancy'S Splinter Cell Pandora Tomorrow Hd,8,3.75,119.225,8.427950675716838
Special Forces Assault: Tactical Hostage Rainbow,8,3.75,123.7375,8.427950675716838
Klonoa Phantasy Reverie Series Ps4 & Ps5,8,3.75,77.2875,8.427950675716838
Arcade Archives Crazy Climber2,8,3.75,141.5375,8.427950675716838
The Final Station,8,3.75,108.475,8.427950675716838
Jettomero: Hero Of The Universe,8,3.75,53.425,8.427950675716838
Aca Neogeo Metal Slug 3,8,3.75,117.425,8.427950675716838
Rta New York Street - Saudi Edition,8,3.75,102.0375,8.427950675716838
Resident Evil 5,8,3.75,119.225,8.427950675716838
Merrily Perrilly,8,3.75,138.525,8.427950675716838
Telling Lies,8,3.75,123.9125,8.427950675716838
Heroes Of The Monkey Tavern,8,3.75,129.88750000000002,8.427950675716838
Boundland,8,3.75,135.2,8.427950675716838
Space Hulk: Tactics,8,3.75,88.375,8.427950675716838
Action Arcade Wrestling,8,3.75,84.975,8.427950675716838
Outlast 2,8,3.75,111.925,8.427950675716838
Wild Arms 2,8,3.75,86.8,8.427950675716838
Arcade Archives 2 Chopper 1,8,3.75,64.4625,8.427950675716838
Agent A - Casse-Tête D’Espions,8,3.75,97.30000000000001,8.427950675716838
The Czech Run,8,3.75,100.3,8.427950675716838
Slimeboo,8,3.75,103.7,8.427950675716838
Welcome To Hanwell,8,3.75,108.01249999999999,8.427950675716838
Arcade Archives Thunder Ceptor Ii,8,3.75,115.875,8.427950675716838
Lost Sphear,8,3.75,76.95,8.427950675716838
La Terre Du Milieu : L'Ombre De La Guerre,8,3.75,112.0625,8.427950675716838
Battre L'Horloge : Hardcore,8,3.75,104.725,8.427950675716838
Rocket Swing,8,3.75,99.3375,8.427950675716838
Carlos The Taco,8,3.75,85.7625,8.427950675716838
Paper Plane Arena - Shamans,8,3.75,115.6375,8.427950675716838
Firmament,8,3.75,89.3375,8.427950675716838
School Girl/Zombie Hunter,8,3.75,111.7375,8.427950675716838
Nobunaga'S Ambition: Awakening Complete Edition,8,3.75,125.7875,8.427950675716838
Schedule I: Dope Empire,8,3.75,102.05,8.427950675716838
Dynasty Warriors 8,8,3.75,57.650000000000006,8.427950675716838
Kingdom Hearts Hd 2.8 Final Chapter Prologue,8,3.75,96.1625,8.427950675716838
Serial Cleaners,8,3.75,93.85,8.427950675716838
Tsugunohi -Supernatural Supermarket-,8,3.75,105.7125,8.427950675716838
Tung Sahur Supermarket Simulator,8,3.75,90.475,8.427950675716838
Monster Slayers,8,3.75,93.3875,8.427950675716838
Hopping P,8,3.75,107.0875,8.427950675716838
Tiny Whaley 2,8,3.75,78.1875,8.427950675716838
Doraemon Dorayaki Shop Story,8,3.75,99.85,8.427950675716838
Pixel Ripped 1978: An Atari Adventure,8,3.75,113.5625,8.427950675716838
The Outer Worlds 2,8,3.75,95.075,8.427950675716838
My Brother Rabbit - Original Soundtrack,8,3.75,71.675,8.427950675716838
The Tenth Line,8,3.75,81.8,8.427950675716838
Citizens Of Earth,8,3.75,113.075,8.427950675716838
Horror Adventure : Zombie Edition,8,3.75,93.7,8.427950675716838
Tom Clancy'S The Division,8,3.75,117.4375,8.427950675716838
Pyre,8,3.75,125.82499999999999,8.427950675716838
Dreamals,8,3.75,120.1625,8.427950675716838
Snakes And Ladders Championship,8,3.75,92.7125,8.427950675716838
Taco Fun,8,3.75,108.05,8.427950675716838
Glass Masquerade 2: Illusions Original Soundtrack,8,3.75,126.925,8.427950675716838
Sprint Journey: Nitro,10,2.9,139.13,8.41802731551794
Tumblestone,10,2.9,125.94000000000001,8.41802731551794
Racing - Breakthrough Gaming Arcade,11,2.6363636363636362,97.53636363636365,8.408222741338774
Nhl 24 Ps5,7,4.428571428571429,113.44285714285714,8.40098761051491
Dustoff Z,7,4.428571428571429,93.64285714285714,8.40098761051491
Pig Escape,7,4.428571428571429,80.72857142857143,8.40098761051491
Beyond Enemy Lines - Remastered Edition,7,4.428571428571429,105.71428571428571,8.40098761051491
Run Man,7,4.428571428571429,145.52857142857144,8.40098761051491
Pig Eat Ball,7,4.428571428571429,86.74285714285715,8.40098761051491
Crown Trick,7,4.428571428571429,103.07142857142857,8.40098761051491
The Wizard And The Slug Ps4 & Ps5,7,4.428571428571429,100.17142857142858,8.40098761051491
Animal Super Squad,7,4.428571428571429,112.92857142857143,8.40098761051491
Ratchet & Clank: Qforce – Version D'Évaluation Et Déblocage,7,4.428571428571429,103.81428571428572,8.40098761051491
Doom: The Dark Ages,7,4.428571428571429,88.51428571428572,8.40098761051491
Energy Hook,7,4.428571428571429,108.95714285714284,8.40098761051491
Coffee Break,7,4.428571428571429,115.88571428571427,8.40098761051491
The Journey Down: Chapter Three,7,4.428571428571429,115.94285714285715,8.40098761051491
Dark Crystal Tactics : Le Temps De La Résistance,7,4.428571428571429,93.75714285714287,8.40098761051491
United Assault - Battle Of The Bulge,7,4.428571428571429,82.38571428571429,8.40098761051491
Bodycam: Tactical Freelancer,7,4.428571428571429,114.72857142857143,8.40098761051491
Rise Of The Third Power,7,4.428571428571429,78.11428571428571,8.40098761051491
Horror Gallery,7,4.428571428571429,84.48571428571428,8.40098761051491
Horse Racing 2016,7,4.428571428571429,112.38571428571429,8.40098761051491
Atari Mania,7,4.428571428571429,106.08571428571429,8.40098761051491
Umurangi Generation Psvr2,7,4.428571428571429,95.68571428571428,8.40098761051491
Bowling (Story Two) (Mark Version) - Project: Summer Ice,7,4.428571428571429,119.34285714285714,8.40098761051491
Darkness Rollercoaster - Halloween Edition,7,4.428571428571429,76.75714285714287,8.40098761051491
The Artful Escape,7,4.428571428571429,59.1,8.40098761051491
Box In Box,7,4.428571428571429,57.74285714285714,8.40098761051491
Chronos Time,7,4.428571428571429,76.7,8.40098761051491
Project Motor Racing,7,4.428571428571429,85.22857142857143,8.40098761051491
Irony Curtain: From Matryoshka With Love,7,4.428571428571429,126.08571428571429,8.40098761051491
Bubble Bobble 4 Friends: The Baron Is Back!,9,3.2222222222222223,108.46666666666665,8.398327160755377
Morkull Ragast'S Rage,9,3.2222222222222223,101.69999999999999,8.398327160755377
La Terre Du Milieu : L'Ombre Du Mordor,9,3.2222222222222223,102.57777777777778,8.398327160755377
Ma Déchèterie,9,3.2222222222222223,70.74444444444445,8.398327160755377
Shantae: Risky'S Revenge - Director'S Cut,9,3.2222222222222223,87.74444444444445,8.398327160755377
7'Scarlet,9,3.2222222222222223,101.88888888888889,8.398327160755377
United States Capitals - Breakthrough Gaming Activity Center,9,3.2222222222222223,115.14444444444445,8.398327160755377
Lost Grimoires: Stolen Kingdom,9,3.2222222222222223,88.6,8.398327160755377
Doodle God,9,3.2222222222222223,86.62222222222222,8.398327160755377
Stardew Valley,9,3.2222222222222223,81.11111111111111,8.398327160755377
Around The World: Travel To Brazil Collector'S Edition,8,3.625,94.4875,8.338886984540535
Age Of Mythology: Retold Standard Edition,8,3.625,140.2625,8.338886984540535
Subwaysim 2,8,3.625,71.15,8.338886984540535
Five Nights At Freddy'S: Help Wanted - Full Time Edition,8,3.625,133.4125,8.338886984540535
Pandaty,8,3.625,102.69999999999999,8.338886984540535
Tentacular,8,3.625,148.975,8.338886984540535
Hindsight 20/20 - Wrath Of The Raakshasa,8,3.625,96.4625,8.338886984540535
So Much Stuff 3: Odds & Ends Collector'S Edition,8,3.625,84.975,8.338886984540535
Ni No Kuni Ii: Revenant Kingdom,8,3.625,98.4375,8.338886984540535
The Jumping Quesadilla,8,3.625,89.575,8.338886984540535
Need For Speed: Prostreet,8,3.625,128.55,8.338886984540535
Leo & Mia: Animal Rescue,8,3.625,62.637499999999996,8.338886984540535
Hasbro Family Fun Pack,8,3.625,59.3875,8.338886984540535
The Alto Collection,8,3.625,86.2625,8.338886984540535
Mix Ai Animal Ultimate,8,3.625,103.1375,8.338886984540535
Olympic Games Quiz,8,3.625,125.1875,8.338886984540535
Harmony Chronicles: Cat Our Of The Bag Collector'S Edition,8,3.625,112.52499999999999,8.338886984540535
Toy Soldiers Hd,8,3.625,100.0,8.338886984540535
Regalia: Of Men And Monarchs - Royal Edition,8,3.625,65.05,8.338886984540535
Redout: Space Assault,8,3.625,82.7875,8.338886984540535
Mxgp 2021 - The Official Motocross Videogame,8,3.625,104.83749999999999,8.338886984540535
Block Tower Td,8,3.625,82.1625,8.338886984540535
The Talos Principle 2,8,3.625,72.6625,8.338886984540535
Drawfighters,8,3.625,79.0,8.338886984540535
Code Vein,8,3.625,103.025,8.338886984540535
Dragon Quest Builders 2 - Super Démo,8,3.625,124.1125,8.338886984540535
The Ultimate G,8,3.625,78.7125,8.338886984540535
Panzer Dragoon: Remake,8,3.625,128.95,8.338886984540535
Road Hell,8,3.625,97.7125,8.338886984540535
Doom Vfr,8,3.625,107.325,8.338886984540535
Thriller Chiller Bundle,8,3.625,92.875,8.338886984540535
Bob L'Éponge: The Cosmic Shake,8,3.625,68.41250000000001,8.338886984540535
Blacktop Hoops Vr,8,3.625,118.3375,8.338886984540535
Cats Away,8,3.625,82.775,8.338886984540535
The Sinking City,8,3.625,67.975,8.338886984540535
Dead Island 2,8,3.625,73.2375,8.338886984540535
Rocketio 3,8,3.625,90.3,8.338886984540535
Wall Town Wonders,8,3.625,103.1125,8.338886984540535
Suika Animal Kingdom,8,3.625,86.075,8.338886984540535
Hyke:Northern Light(S),8,3.625,116.35,8.338886984540535
Awesomenauts Assemble!,8,3.625,146.3,8.338886984540535
Perry Pig Jump,8,3.625,93.28750000000001,8.338886984540535
Rogue Lords,8,3.625,108.7375,8.338886984540535
Death Becomes You Ps4 & Ps5,8,3.625,93.4875,8.338886984540535
Code: Realize ~Future Blessings~,8,3.625,140.0625,8.338886984540535
Dark Devotion,8,3.625,110.6875,8.338886984540535
Dynasty Warriors 4 Empires,8,3.625,103.5875,8.338886984540535
Saga Frontier Remastered,8,3.625,50.3625,8.338886984540535
Season Match 3,8,3.625,135.6,8.338886984540535
Senran Kagura Peach Beach Splash,8,3.625,74.2375,8.338886984540535
Saga Scarlet Grace: Ambitions,8,3.625,114.65,8.338886984540535
Shadow Gambit: The Cursed Crew,8,3.625,140.15,8.338886984540535
Santa Claus - Breakthrough Gaming Arcade,8,3.625,92.45,8.338886984540535
Échos De Lumière : L’Enfant De L’Équilibre,8,3.625,125.55,8.338886984540535
Kingdom Of Asteborg,8,3.625,108.4125,8.338886984540535
Aca Neogeo Galaxy Fight: Universal Warriors,8,3.625,117.55,8.338886984540535
Chemin Tournant,10,2.8,100.15,8.3281183640556
Sword Art Online: Hollow Realization,7,4.285714285714286,97.3,8.313137228457636
Kingdom Hearts Iii Demo Version,7,4.285714285714286,104.67142857142858,8.313137228457636
Meteor Break Mission,7,4.285714285714286,105.3,8.313137228457636
Meteor Crusher,7,4.285714285714286,93.94285714285715,8.313137228457636
La Cops,7,4.285714285714286,80.31428571428572,8.313137228457636
Freedom Wars Remastered Ps4 & Ps5,7,4.285714285714286,100.64285714285714,8.313137228457636
Bokosuka Wars Ii,7,4.285714285714286,112.78571428571429,8.313137228457636
Morbid: The Seven Acolytes,7,4.285714285714286,70.7,8.313137228457636
Supermarket Manager 2025,7,4.285714285714286,126.77142857142857,8.313137228457636
Starlink: Battle For Atlas,7,4.285714285714286,104.71428571428571,8.313137228457636
Thronebreaker: The Witcher Tales,7,4.285714285714286,84.55714285714285,8.313137228457636
Tom Clancy'S The Division 2,7,4.285714285714286,109.65714285714286,8.313137228457636
Grotto,7,4.285714285714286,103.02857142857144,8.313137228457636
Flight Sim 2025,7,4.285714285714286,78.82857142857142,8.313137228457636
Tokyo Ghoul:Re [Call To Exist],7,4.285714285714286,109.3142857142857,8.313137228457636
Monster Loves You!,7,4.285714285714286,104.75714285714285,8.313137228457636
Star Wars Jedi: Survivor Ps4,7,4.285714285714286,86.52857142857144,8.313137228457636
A Fisherman'S Tale,7,4.285714285714286,104.37142857142858,8.313137228457636
Pneuma: Breath Of Life,7,4.285714285714286,118.37142857142858,8.313137228457636
Swords And Soldiers 2 Shawarmageddon,7,4.285714285714286,113.38571428571429,8.313137228457636
Layers Of Fear Vr,7,4.285714285714286,124.77142857142857,8.313137228457636
Undergrave,7,4.285714285714286,81.42857142857143,8.313137228457636
The Knightling,7,4.285714285714286,48.357142857142854,8.313137228457636
Neon White,7,4.285714285714286,104.64285714285714,8.313137228457636
Jonah Lomu Rugby Challenge 4,7,4.285714285714286,117.14285714285714,8.313137228457636
Jumping Flash!,7,4.285714285714286,109.8,8.313137228457636
Atelier Ayesha: The Alchemist Of Dusk Dx,7,4.285714285714286,122.05714285714285,8.313137228457636
Octopath Traveler 0 Ps4 & Ps5,7,4.285714285714286,81.44285714285715,8.313137228457636
Color Water Sort,7,4.285714285714286,111.21428571428571,8.313137228457636
Drug Dealer: Schedule I,7,4.285714285714286,51.32857142857143,8.313137228457636
The Football A,7,4.285714285714286,117.24285714285715,8.313137228457636
The Many Pieces Of Mr. Coo Ps4 & Ps5,7,4.285714285714286,117.84285714285714,8.313137228457636
The Light Brigade,7,4.285714285714286,121.22857142857143,8.313137228457636
Gauntlet: Slayer Edition,7,4.285714285714286,100.72857142857143,8.313137228457636
The Lost Bear,7,4.285714285714286,124.10000000000001,8.313137228457636
Mech Mechanic Simulator,7,4.285714285714286,76.74285714285715,8.313137228457636
Tofu Dream,7,4.285714285714286,93.27142857142857,8.313137228457636
Doraemon Story Of Seasons: Friends Of The Great Kingdom,7,4.285714285714286,69.07142857142857,8.313137228457636
Arcade Archives Fantastic Night Dreams Cotton,7,4.285714285714286,69.37142857142857,8.313137228457636
Minit,7,4.285714285714286,74.71428571428571,8.313137228457636
Lego Harry Potter Collection,7,4.285714285714286,111.61428571428573,8.313137228457636
Les Chroniques De La Guerre De Lodoss : Deedlit Au Labyrinthe Des Merveilles,7,4.285714285714286,108.72857142857143,8.313137228457636
Border Patrol Officer: Control Duty Simulator,7,4.285714285714286,83.07142857142857,8.313137228457636
Tekken 8,7,4.285714285714286,124.92857142857143,8.313137228457636
Air Conflicts: Secret Wars Ultimate Edition,9,3.111111111111111,82.38888888888889,8.308628617289113
Master Detective Archives: Rain Code Plus,9,3.111111111111111,95.1,8.308628617289113
Anomaly 2,9,3.111111111111111,103.58888888888889,8.308628617289113
Jigsaw Chronicles: Heroes Of Legend,9,3.111111111111111,102.96666666666665,8.308628617289113
Parcel Escape,9,3.111111111111111,90.33333333333333,8.308628617289113
Arcade Archives Turbo Force,9,3.111111111111111,119.6888888888889,8.308628617289113
Need For Speed Heat,9,3.111111111111111,85.52222222222223,8.308628617289113
Pharaonic,9,3.111111111111111,93.02222222222223,8.308628617289113
Battle Of The Bulge,9,3.111111111111111,98.31111111111112,8.308628617289113
Jetpack Joyride,8,3.5,103.38749999999999,8.249823293364232
Réussir : Galops 1 À 7,8,3.5,100.3625,8.249823293364232
Beyond Good & Evil 20Th Anniversary Edition,8,3.5,109.9,8.249823293364232
Torment: Tides Of Numenera,8,3.5,49.4125,8.249823293364232
Ufc 5,8,3.5,100.46249999999999,8.249823293364232
Embers Of Mirrim,8,3.5,125.725,8.249823293364232
Sorciers Voyous (Rogue Wizards),8,3.5,56.325,8.249823293364232
Hitman Go : Édition Ultime,8,3.5,128.3875,8.249823293364232
Trouble☆Witches Final! Episode 01 Daughters Of Amalgam,8,3.5,65.2,8.249823293364232
Arcade Archives 2 Mach Breakers,8,3.5,96.0125,8.249823293364232
Daemonfall,8,3.5,109.475,8.249823293364232
Ziggy,8,3.5,119.675,8.249823293364232
Wuppo,8,3.5,78.025,8.249823293364232
Zomb,8,3.5,132.85,8.249823293364232
Planescape: Torment And Icewind Dale: Enhanced Editions,8,3.5,141.025,8.249823293364232
Beefense Beemastered,8,3.5,65.375,8.249823293364232
Campfire Of Oasis,8,3.5,115.3125,8.249823293364232
Racing (Challenge Mode Edition) - Breakthrough Gaming Arcade,8,3.5,114.6125,8.249823293364232
Together We Live,8,3.5,106.48750000000001,8.249823293364232
Days Gone,8,3.5,100.1875,8.249823293364232
Ghostbusters: Sanctum Of Slime,8,3.5,119.1625,8.249823293364232
Dreamals: Dream Quest,8,3.5,96.375,8.249823293364232
Quake,8,3.5,126.15,8.249823293364232
Roadcraft,8,3.5,102.225,8.249823293364232
Dragon'S Dogma 2,8,3.5,117.9375,8.249823293364232
Ooops!2,8,3.5,102.55,8.249823293364232
Mountain Racing,8,3.5,107.7,8.249823293364232
Code Of Honor - Shooter Of Warfare,8,3.5,53.175000000000004,8.249823293364232
Sword And Fairy: Together Forever Ps4 & Ps5,8,3.5,104.51249999999999,8.249823293364232
Spy×Anya: Operation Memories Ps4 & Ps5,8,3.5,97.35,8.249823293364232
Tap Combo Color Block,8,3.5,110.95,8.249823293364232
Blade Strangers,8,3.5,51.5625,8.249823293364232
Distance: Console Edition Ps4 & Ps5,8,3.5,110.225,8.249823293364232
Naruto X Boruto Ultimate Ninja Storm Connections Ps4 & Ps5,8,3.5,81.625,8.249823293364232
Perennial Order,7,4.142857142857143,102.64285714285714,8.225286846400364
Blocky Blast,7,4.142857142857143,130.21428571428572,8.225286846400364
Dungeons & Dragons Neverwinter Nights 2: Enhanced Edition,7,4.142857142857143,131.28571428571428,8.225286846400364
Learn To Play Vol. 11 - Drift Moto,7,4.142857142857143,81.8,8.225286846400364
Wuppo: Soundtrack,7,4.142857142857143,87.08571428571429,8.225286846400364
Score Rush Extended,7,4.142857142857143,123.89999999999999,8.225286846400364
A Fisherman'S Tale 2,7,4.142857142857143,105.0142857142857,8.225286846400364
Xenoraptor,7,4.142857142857143,116.47142857142856,8.225286846400364
Norn9: Var Commons,7,4.142857142857143,105.24285714285715,8.225286846400364
Yomawari: Lost In The Dark,7,4.142857142857143,104.39999999999999,8.225286846400364
Moons Of Madness,7,4.142857142857143,115.08571428571429,8.225286846400364
Biomorph,7,4.142857142857143,83.94285714285715,8.225286846400364
Warriors Orochi 2,7,4.142857142857143,113.64285714285714,8.225286846400364
In Between,7,4.142857142857143,77.72857142857143,8.225286846400364
Slick Slack,7,4.142857142857143,101.32857142857142,8.225286846400364
Victor Vran Overkill Edition,7,4.142857142857143,95.67142857142858,8.225286846400364
Van Life: Home On Wheels,7,4.142857142857143,85.04285714285713,8.225286846400364
Vending Machine Simulator 2025,7,4.142857142857143,130.0,8.225286846400364
Griftlands,7,4.142857142857143,134.72857142857143,8.225286846400364
The Wild Eight,7,4.142857142857143,111.38571428571429,8.225286846400364
Madison Vr,7,4.142857142857143,69.3,8.225286846400364
Hyper Team Recon,7,4.142857142857143,130.2,8.225286846400364
Wayward Strand,7,4.142857142857143,94.72857142857143,8.225286846400364
Inayah – Life After Gods,7,4.142857142857143,66.05714285714285,8.225286846400364
Arcade Archives Usaaf Mustang,7,4.142857142857143,78.65714285714286,8.225286846400364
Road To Exotics: Jeu De Course,7,4.142857142857143,110.97142857142856,8.225286846400364
Voice Of Cards: The Forsaken Maiden,7,4.142857142857143,77.88571428571429,8.225286846400364
Cluster Tumble,7,4.142857142857143,100.52857142857144,8.225286846400364
Only Up To Space,7,4.142857142857143,76.10000000000001,8.225286846400364
Draco D,7,4.142857142857143,130.92857142857142,8.225286846400364
Sushi Break 2,7,4.142857142857143,117.25714285714285,8.225286846400364
The Spectrum Retreat,7,4.142857142857143,110.28571428571429,8.225286846400364
Paranormal Activity: L’Âme Perdue,7,4.142857142857143,74.67142857142858,8.225286846400364
Parking World: Build & Manage,7,4.142857142857143,129.9857142857143,8.225286846400364
Pawarumi,7,4.142857142857143,67.55714285714286,8.225286846400364
Emyliveshow: How To Write A Bestseller,7,4.142857142857143,113.82857142857144,8.225286846400364
The Suicide Of Rachel Foster,7,4.142857142857143,74.81428571428572,8.225286846400364
The Taco Quiz,7,4.142857142857143,89.91428571428571,8.225286846400364
Astro Surge Ps4 & Ps5,7,4.142857142857143,133.57142857142858,8.225286846400364
Anodyne 2: Return To Dust Ps4 & Ps5,7,4.142857142857143,117.18571428571428,8.225286846400364
Puzzle Showdown 4K,7,4.142857142857143,97.6857142857143,8.225286846400364
Horizon Chase Turbo Demo,7,4.142857142857143,86.92857142857143,8.225286846400364
Baseball (2 Player Cooperation Edition) - Breakthrough Gaming Arcade,7,4.142857142857143,85.95714285714287,8.225286846400364
"Injection Π23 'No Name, No Number'",7,4.142857142857143,89.2,8.225286846400364
Our Church And Halloween Rpg - Story One,7,4.142857142857143,86.01428571428572,8.225286846400364
Steam Train Simulator,7,4.142857142857143,75.88571428571429,8.225286846400364
Arcade Archives Bubble Bobble,7,4.142857142857143,114.01428571428572,8.225286846400364
Arcade Archives Blandia,7,4.142857142857143,76.42857142857143,8.225286846400364
Boys Race,7,4.142857142857143,95.77142857142857,8.225286846400364
Mega Man Battle Network Legacy Collection Vol. 1,7,4.142857142857143,78.10000000000001,8.225286846400364
Ultimate Battle Simulator,7,4.142857142857143,120.18571428571428,8.225286846400364
Undungeon,7,4.142857142857143,94.87142857142858,8.225286846400364
Cazzarion: Speed Run,7,4.142857142857143,113.61428571428571,8.225286846400364
Tyd Wag Vir Niemand,7,4.142857142857143,105.57142857142857,8.225286846400364
Arcade Archives Nova2001,7,4.142857142857143,83.81428571428572,8.225286846400364
Finding America: The Heartland Collector'S Edition,7,4.142857142857143,64.61428571428571,8.225286846400364
Atelier Lydie & Suelle: The Alchemists And The Mysterious Paintings Dx,7,4.142857142857143,59.300000000000004,8.225286846400364
Atama,7,4.142857142857143,108.17142857142858,8.225286846400364
The King Of Fighters Xiv,7,4.142857142857143,97.21428571428571,8.225286846400364
Space Docker Vr,7,4.142857142857143,108.0,8.225286846400364
Jumpjumpjump!,7,4.142857142857143,116.72857142857143,8.225286846400364
Kaze And The Wild Masks,7,4.142857142857143,113.62857142857142,8.225286846400364
Aca Neogeo Fatal Fury 3,9,3.0,84.55555555555556,8.218930073822849
Mounted Knights Battle : Medieval Warrior Honor Simulator,9,3.0,125.3111111111111,8.218930073822849
Inaltérable,9,3.0,109.48888888888888,8.218930073822849
Party Hard 2,9,3.0,130.34444444444443,8.218930073822849
Aca Neogeo World Heroes,9,3.0,92.3111111111111,8.218930073822849
Syndrome,9,3.0,75.23333333333333,8.218930073822849
Hatsune Miku Logic Paint S+,9,3.0,79.45555555555556,8.218930073822849
Gunbird,9,3.0,59.400000000000006,8.218930073822849
Melon Journey: Bittersweet Memories,9,3.0,124.65555555555557,8.218930073822849
2048 Boys,8,3.375,91.125,8.160759602187929
Mineral,8,3.375,118.625,8.160759602187929
Gnomes Garden,8,3.375,123.95,8.160759602187929
"Survival Float Simulator - Crocodile Waters Craft, Raft, Build",8,3.375,74.8375,8.160759602187929
Rage 2,8,3.375,113.2125,8.160759602187929
Star Wars: The Force Unleashed [Psp],8,3.375,123.8,8.160759602187929
Driverio 2,8,3.375,103.7,8.160759602187929
Arcade Archives Koutetsu Yousai Strahl,8,3.375,98.2125,8.160759602187929
De Contrainte,8,3.375,104.8375,8.160759602187929
Fell Seal: Arbiter'S Mark,8,3.375,112.55,8.160759602187929
Lunar Stone: Origin Of Blood,8,3.375,104.89999999999999,8.160759602187929
Arisen Force: Lifedevotee,8,3.375,112.075,8.160759602187929
The Legend Of Nayuta: Boundless Trails,8,3.375,96.175,8.160759602187929
Butcher,8,3.375,100.125,8.160759602187929
Star Trek: Legends,8,3.375,142.2625,8.160759602187929
Cannon Brawl,8,3.375,117.15,8.160759602187929
Lawn Mower Racing,8,3.375,91.45,8.160759602187929
Spiritfarer: Édition Farewell,8,3.375,102.2125,8.160759602187929
Hopper Et Le Trésor De Barbe-Pique,8,3.375,117.19999999999999,8.160759602187929
Cube Merge 2048,8,3.375,99.5625,8.160759602187929
Werewolves Within,8,3.375,131.2125,8.160759602187929
Invasion De L'Espace 2,8,3.375,82.5375,8.160759602187929
Way Of The Hunter,8,3.375,118.75,8.160759602187929
Labyrinth Legends,8,3.375,87.4625,8.160759602187929
Assetto Corsa Ultimate Edition,10,2.6,68.01,8.148300461130924
Instant Sports All-Stars,7,4.0,82.91428571428571,8.137436464343088
Daemon X Machina: Titanic Scion,7,4.0,103.5,8.137436464343088
Lifeless Moon,7,4.0,81.27142857142857,8.137436464343088
Ziggurat,7,4.0,107.58571428571429,8.137436464343088
The Last Guy,7,4.0,79.18571428571428,8.137436464343088
1F Y0U'Re A Gh0St Ca11 Me Here!,7,4.0,94.87142857142858,8.137436464343088
A Tale Of Paper: Unfolded Melody,7,4.0,114.07142857142857,8.137436464343088
Namco Museum Archives Vol 2,7,4.0,64.94285714285714,8.137436464343088
Code Violet,7,4.0,134.97142857142856,8.137436464343088
Classic Journey: Nitro,7,4.0,127.65714285714286,8.137436464343088
The Darkest Tales,7,4.0,135.5142857142857,8.137436464343088
The Bard'S Tale Iv: Director'S Cut,7,4.0,66.45714285714287,8.137436464343088
Arcade Archives Saint Dragon,7,4.0,76.57142857142857,8.137436464343088
The Devil Within: Satgat,7,4.0,114.12857142857142,8.137436464343088
Arcade Archives Ridge Racer,7,4.0,124.07142857142857,8.137436464343088
Arcade Archives Soldier Girl Amazon,7,4.0,88.38571428571429,8.137436464343088
Green Soldiers Heroes: Extreme Bikers,7,4.0,94.61428571428571,8.137436464343088
Climb Jump Obby Tower,7,4.0,72.18571428571428,8.137436464343088
Olliolli: Epic Combo Edition,7,4.0,95.75714285714285,8.137436464343088
The Helper,7,4.0,71.27142857142857,8.137436464343088
Oddballers,7,4.0,113.92857142857143,8.137436464343088
Green Hell Ps4 + Ps5 Free Upgrade,7,4.0,118.24285714285715,8.137436464343088
Murdered: Soul Suspect,7,4.0,96.52857142857144,8.137436464343088
B Math,7,4.0,142.1,8.137436464343088
Detached,7,4.0,152.04285714285714,8.137436464343088
The Wolf Among Us - The Complete First Season,7,4.0,131.24285714285716,8.137436464343088
Age Of Wonders 4,7,4.0,124.58571428571429,8.137436464343088
Long Live The Queen Ps4 & Ps5,7,4.0,111.34285714285714,8.137436464343088
Dynasty Warriors 8: Xtreme Legends Complete Edition,7,4.0,121.11428571428571,8.137436464343088
Dragon Ball Z: Kakarot Demo Version,7,4.0,108.02857142857144,8.137436464343088
Paint The Town Red,7,4.0,89.94285714285715,8.137436464343088
Feral Fury,7,4.0,92.94285714285714,8.137436464343088
Skabma - Snowfall,7,4.0,112.08571428571429,8.137436464343088
Paradise Killer,7,4.0,94.94285714285715,8.137436464343088
Rebel Galaxy Outlaw,7,4.0,95.95714285714287,8.137436464343088
Vump Jump,7,4.0,129.92857142857142,8.137436464343088
Sex Shop Supermarket Simulator,7,4.0,81.61428571428571,8.137436464343088
Elliot (Story Two) - My First Date Rpg,7,4.0,103.05714285714285,8.137436464343088
Mlb The Show 25,7,4.0,99.95714285714287,8.137436464343088
Touché Coulé,7,4.0,111.22857142857143,8.137436464343088
Danger Zone 2,7,4.0,126.65714285714286,8.137436464343088
Ultra Foodmess,7,4.0,93.48571428571428,8.137436464343088
Tap Blox,7,4.0,101.81428571428572,8.137436464343088
Re:Turn - One Way Trip,7,4.0,145.77142857142857,8.137436464343088
Spelunky,7,4.0,73.8,8.137436464343088
Turbo Circuit: Speed Racing,7,4.0,102.77142857142857,8.137436464343088
Royal Roads 2: The Magic Box,7,4.0,133.74285714285716,8.137436464343088
Twelve Minutes,7,4.0,93.10000000000001,8.137436464343088
Arcade Archives Master Of Weapon,7,4.0,97.20000000000002,8.137436464343088
Arcade Archives Metal Black,7,4.0,104.2,8.137436464343088
Help Will Come Tomorrow,7,4.0,103.88571428571427,8.137436464343088
Amnesia: The Bunker,7,4.0,129.14285714285714,8.137436464343088
Super Kids Racing - City Edition,7,4.0,141.82857142857142,8.137436464343088
Super Spooky Subgame Spectacular,7,4.0,99.28571428571429,8.137436464343088
Sword Art Online Re: Hollow Fragment,7,4.0,125.18571428571428,8.137436464343088
Hot Wheels Let'S Race: Ultimate Speed,7,4.0,121.11428571428571,8.137436464343088
Candle: The Power Of The Flame,7,4.0,155.54285714285714,8.137436464343088
Bodycam Zombie Shooter,7,4.0,116.5142857142857,8.137436464343088
Aca Neogeo Magical Drop Iii,7,4.0,97.28571428571429,8.137436464343088
K-One Maths Dimension,7,4.0,103.5,8.137436464343088
Sokocat - Combo,7,4.0,116.34285714285714,8.137436464343088
Demonic Supremacy,7,4.0,122.02857142857144,8.137436464343088
Quiz & Learn: Food & Drink,7,4.0,115.32857142857144,8.137436464343088
Steel Rats Demo,7,4.0,91.51428571428572,8.137436464343088
Let'S Cook Together 2,7,4.0,128.12857142857143,8.137436464343088
Calc+-,7,4.0,86.98571428571428,8.137436464343088
Invocation: The Festival Of Souls,7,4.0,120.04285714285716,8.137436464343088
Salt And Sanctuary,7,4.0,105.12857142857145,8.137436464343088
Caresser Le Chien,7,4.0,118.97142857142856,8.137436464343088
Prison Architect: Playstation4 Edition,7,4.0,100.05714285714285,8.137436464343088
Star Wars Jedi Knight Ii: Jedi Outcast,7,4.0,134.0142857142857,8.137436464343088
Dungeon Party,7,4.0,105.68571428571428,8.137436464343088
Sturmfront - The Mutant War: Farewell Edition,9,2.888888888888889,101.5,8.129231530356583
Horatio Goes Snowboarding Ps4 & Ps5,9,2.888888888888889,64.92222222222222,8.129231530356583
Aca Neogeo The Last Blade,9,2.888888888888889,101.44444444444444,8.129231530356583
Soulcalibur Iv,9,2.888888888888889,101.51111111111112,8.129231530356583
Fantasy Friends : Sous L'Océan,9,2.888888888888889,114.57777777777778,8.129231530356583
Poppy Playtime: Chapitre 3,9,2.888888888888889,63.64444444444444,8.129231530356583
Headliner: Novinews,6,5.0,117.38333333333333,8.122459283466087
Light Up The Room,6,5.0,93.08333333333333,8.122459283466087
Late Shift,8,3.25,105.3625,8.071695911011625
Death Park: 4K Remaster,8,3.25,82.525,8.071695911011625
Death Stranding 2: On The Beach,8,3.25,82.30000000000001,8.071695911011625
Monster Energy Supercross - The Official Videogame,8,3.25,107.425,8.071695911011625
Shadows: Awakening,8,3.25,134.1,8.071695911011625
Fump Jump,8,3.25,72.325,8.071695911011625
Tetrack,8,3.25,95.125,8.071695911011625
Splasher,8,3.25,131.7125,8.071695911011625
Airheart - Tales Of Broken Wings,8,3.25,100.39999999999999,8.071695911011625
It Could Happen To You Ps4 & Ps5,8,3.25,57.325,8.071695911011625
Rick And Morty: Virtual Rick-Ality,8,3.25,91.1625,8.071695911011625
Crymachina,8,3.25,114.25,8.071695911011625
The Legend Of Legacy Hd Remastered,8,3.25,103.71249999999999,8.071695911011625
Nice Day For Fishing,8,3.25,131.8625,8.071695911011625
Archibald'S Adventures,8,3.25,88.775,8.071695911011625
Catch Me If You Can,8,3.25,64.5375,8.071695911011625
Italian Journey: Nitro,8,3.25,85.26249999999999,8.071695911011625
The Jumping Burrito,8,3.25,100.0875,8.071695911011625
Arcade Archives Assault Plus,8,3.25,115.95,8.071695911011625
Nature Escapes 4 Ce,8,3.25,99.55000000000001,8.071695911011625
Kruger 2,8,3.25,134.8875,8.071695911011625
Serious Sam: Siberian Mayhem,8,3.25,110.8875,8.071695911011625
Pang Adventures,8,3.25,86.825,8.071695911011625
Microarcade Rockwork,8,3.25,90.4375,8.071695911011625
Gym Lifting Hero: Tile Master,8,3.25,104.6375,8.071695911011625
Roads Of Time 2: Odyssey,8,3.25,160.125,8.071695911011625
Vessel,8,3.25,116.925,8.071695911011625
The Pong P,10,2.5,103.99000000000001,8.058391509668587
Mastercube,7,3.857142857142857,101.78571428571429,8.049586082285815
Shenmue Iii,7,3.857142857142857,62.94285714285714,8.049586082285815
Danganronpa 1/2 Reload,7,3.857142857142857,96.62857142857142,8.049586082285815
Eschatos,7,3.857142857142857,106.25714285714285,8.049586082285815
Kuukiyomi 3: Consider It More And More!! - Father To Son,7,3.857142857142857,100.28571428571429,8.049586082285815
Shalnor: Silverwind Saga,7,3.857142857142857,95.61428571428571,8.049586082285815
Akane,7,3.857142857142857,128.14285714285714,8.049586082285815
Maglam Lord,7,3.857142857142857,144.27142857142857,8.049586082285815
Bodycam Gangzone,7,3.857142857142857,121.18571428571428,8.049586082285815
About A Blob,7,3.857142857142857,126.32857142857142,8.049586082285815
Akinakes,7,3.857142857142857,116.38571428571429,8.049586082285815
Vr Invaders - Complete Edition,7,3.857142857142857,111.15714285714286,8.049586082285815
Bottle Tap,7,3.857142857142857,107.12857142857142,8.049586082285815
Airport Police Contraband Simulator - Border Patrol,7,3.857142857142857,119.22857142857143,8.049586082285815
The Jumping Orange 2 - Ps4 & Ps5,7,3.857142857142857,84.74285714285715,8.049586082285815
Zombie Bar Simulator Vr,7,3.857142857142857,94.71428571428571,8.049586082285815
Crypt Of The Serpent King,7,3.857142857142857,127.11428571428571,8.049586082285815
Viking City Tycoon,7,3.857142857142857,102.67142857142858,8.049586082285815
Aca Neogeo Burning Fight,7,3.857142857142857,108.47142857142856,8.049586082285815
Cyber Citizen Shockman 3: The Princess From Another World Ps4 & Ps5,7,3.857142857142857,102.42857142857143,8.049586082285815
Azure Reflections,7,3.857142857142857,121.88571428571429,8.049586082285815
Bears Can'T Drift!?,7,3.857142857142857,129.3,8.049586082285815
South Park : Le Bâton De La Vérité,7,3.857142857142857,93.11428571428571,8.049586082285815
Far Cry 5,7,3.857142857142857,153.74285714285716,8.049586082285815
Flynn And Freckles,7,3.857142857142857,68.68571428571428,8.049586082285815
Trial Of Greed,7,3.857142857142857,106.35714285714286,8.049586082285815
Ship Graveyard Simulator 2,7,3.857142857142857,92.95714285714287,8.049586082285815
Heroland,7,3.857142857142857,102.92857142857143,8.049586082285815
Midnight Fight Express,7,3.857142857142857,129.05714285714285,8.049586082285815
Nature Escapes 2 Collector'S Edition,7,3.857142857142857,95.58571428571429,8.049586082285815
Welcome To The World Of Nik And Kit (Visual Novel),7,3.857142857142857,102.42857142857143,8.049586082285815
Vampyr,7,3.857142857142857,92.0,8.049586082285815
Yesterday Origins,7,3.857142857142857,77.77142857142857,8.049586082285815
Cat From Hell 2,7,3.857142857142857,105.95714285714287,8.049586082285815
Close To The Sun Original Soundtrack,7,3.857142857142857,136.87142857142857,8.049586082285815
Oceanhorn 2 : Les Chevaliers Du Royaume Perdu,7,3.857142857142857,125.92857142857143,8.049586082285815
Arcade Archives Stinger,7,3.857142857142857,115.98571428571428,8.049586082285815
Cat Meowmart: Supermarket Simulator,7,3.857142857142857,71.52857142857142,8.049586082285815
Holy Potatoes: What The Hell?!,7,3.857142857142857,90.31428571428572,8.049586082285815
Snoopy & The Great Mystery Club,7,3.857142857142857,153.91428571428574,8.049586082285815
My Lovely Pets 2 Collector'S Edition,7,3.857142857142857,104.52857142857144,8.049586082285815
Kingdoms Of Amalur: Re-Reckoning,7,3.857142857142857,128.0142857142857,8.049586082285815
Ion Driver,7,3.857142857142857,93.55714285714285,8.049586082285815
Death Road To Canada,9,2.7777777777777777,109.86666666666666,8.039532986890318
Ynglet,9,2.7777777777777777,104.42222222222223,8.039532986890318
Anime Girls: Highschool Of Dead,6,4.833333333333333,90.25,8.036623920511358
Blacksad: Under The Skin Ps5,6,4.833333333333333,58.800000000000004,8.036623920511358
Ultimate Sparring,6,4.833333333333333,135.15,8.036623920511358
Runestone Keeper,6,4.833333333333333,116.01666666666667,8.036623920511358
Astérix & Obélix - Baffez-Les Tous ! 2,6,4.833333333333333,105.3,8.036623920511358
Kid Ball Adventure Ps4 & Ps5,6,4.833333333333333,81.51666666666667,8.036623920511358
Kick-Ass,6,4.833333333333333,127.2,8.036623920511358
Tomb Raider: Legend,6,4.833333333333333,107.48333333333333,8.036623920511358
Space Invaders Forever,6,4.833333333333333,53.900000000000006,8.036623920511358
I Love Finding Cats! Collector'S Edition,6,4.833333333333333,145.85,8.036623920511358
Arcade Archives Naughty Boy,6,4.833333333333333,72.76666666666667,8.036623920511358
Neverwinter Nights: Enhanced Edition,6,4.833333333333333,93.33333333333333,8.036623920511358
The Spirit And The Mouse,6,4.833333333333333,156.86666666666667,8.036623920511358
Angry Birds Vr: Isle Of Pigs,8,3.125,126.475,7.982632219835322
Inspector Waffles Early Days,8,3.125,96.4,7.982632219835322
Arcade Archives 2 Steel Worker,8,3.125,98.1125,7.982632219835322
Dinosaurs Outbreak,8,3.125,98.625,7.982632219835322
Arcade Archives Arcade Vulcan Venture,8,3.125,104.75,7.982632219835322
Synchro Hedgehogs,8,3.125,84.375,7.982632219835322
Dreaming Canvas,8,3.125,107.7625,7.982632219835322
Puzzle Piecer: Full Spectrum,8,3.125,111.0375,7.982632219835322
My Hero One'S Justice 2,8,3.125,133.98749999999998,7.982632219835322
Quiz & Learn: Geography,8,3.125,107.2875,7.982632219835322
Street Fighter 30Th Anniversary Collection,8,3.125,91.45,7.982632219835322
Dead Dragons,8,3.125,103.8625,7.982632219835322
Pig Vs Box,7,3.7142857142857144,102.5,7.96173570022854
Sweet Home 2: Look And Find Collector'S Edition,7,3.7142857142857144,97.11428571428571,7.96173570022854
Arcade Archives Crazy Climber,7,3.7142857142857144,82.38571428571429,7.96173570022854
Deep Under Ps4 & Ps5,7,3.7142857142857144,125.02857142857144,7.96173570022854
Ancient Amuletor Demo,7,3.7142857142857144,112.91428571428571,7.96173570022854
Pilote D’Élite,7,3.7142857142857144,129.27142857142857,7.96173570022854
Eternal Strands,7,3.7142857142857144,75.61428571428571,7.96173570022854
Martian Supermarket Sim,7,3.7142857142857144,64.3,7.96173570022854
Independence Day Break Head To Head,7,3.7142857142857144,87.05714285714285,7.96173570022854
Like A Dragon: Ishin! Ps4 & Ps5,7,3.7142857142857144,101.51428571428572,7.96173570022854
Ai: The Somnium Files,7,3.7142857142857144,115.25714285714285,7.96173570022854
"Little Kitty, Big City",7,3.7142857142857144,87.34285714285714,7.96173570022854
This War Of Mine: The Little Ones,7,3.7142857142857144,79.31428571428572,7.96173570022854
The Town Of Light Demo,7,3.7142857142857144,71.27142857142857,7.96173570022854
Wolfenstein: Youngblood - Trial (International),7,3.7142857142857144,85.88571428571429,7.96173570022854
Locoroco Cocoreccho!,7,3.7142857142857144,75.85714285714286,7.96173570022854
Sqwrk,7,3.7142857142857144,75.37142857142858,7.96173570022854
Knot,7,3.7142857142857144,139.65714285714287,7.96173570022854
Brothers In Arms D-Day,7,3.7142857142857144,66.84285714285714,7.96173570022854
Use Your Words,7,3.7142857142857144,141.02857142857144,7.96173570022854
Hitman: Blood Money Hd,7,3.7142857142857144,78.97142857142856,7.96173570022854
Hob,7,3.7142857142857144,65.97142857142858,7.96173570022854
Moontales Picbook,7,3.7142857142857144,90.10000000000001,7.96173570022854
Apex Drift Tokyo Streets,7,3.7142857142857144,112.41428571428571,7.96173570022854
Basement Crawl,7,3.7142857142857144,87.71428571428571,7.96173570022854
Homefront,7,3.7142857142857144,132.14285714285714,7.96173570022854
Antarctica 88: 4K Remaster,7,3.7142857142857144,75.68571428571428,7.96173570022854
Metro Awakening,7,3.7142857142857144,109.57142857142857,7.96173570022854
Form,7,3.7142857142857144,58.271428571428565,7.96173570022854
Giana Sisters: Twisted Dreams – Director’S Cut,7,3.7142857142857144,77.7,7.96173570022854
Three Colour Cannon,7,3.7142857142857144,125.38571428571429,7.96173570022854
Arcade Archives Exerion,7,3.7142857142857144,91.44285714285715,7.96173570022854
Train Traffic Manager,7,3.7142857142857144,88.32857142857142,7.96173570022854
Ufc 4,7,3.7142857142857144,115.3,7.96173570022854
Paper Dash - Las Vegas,7,3.7142857142857144,100.62857142857142,7.96173570022854
Space Break,7,3.7142857142857144,81.88571428571429,7.96173570022854
Cat Plus,7,3.7142857142857144,118.61428571428571,7.96173570022854
Arcade Archives Moon Shuttle,7,3.7142857142857144,90.05714285714285,7.96173570022854
Trover Saves The Universe,7,3.7142857142857144,59.114285714285714,7.96173570022854
Tau Cubis,7,3.7142857142857144,125.92857142857143,7.96173570022854
Oure Soundtrack,7,3.7142857142857144,103.39999999999999,7.96173570022854
Torchlight Iii,7,3.7142857142857144,140.4,7.96173570022854
Rocketio,7,3.7142857142857144,131.1142857142857,7.96173570022854
Tralalero Tralala: Battle Royale,7,3.7142857142857144,103.74285714285715,7.96173570022854
"Mon-Yu: Defeat Monsters And Gain Strong Weapons And Armor. You May Be Defeated, But Don’T Give Up. Become Stronger. I Believe There Will Be A Day When The Heroes Defeat The Devil King.",7,3.7142857142857144,95.75714285714285,7.96173570022854
Arcade Archives Salamander,7,3.7142857142857144,118.47142857142856,7.96173570022854
Pool Hop,7,3.7142857142857144,101.32857142857142,7.96173570022854
The King Of Fighters '98 Ultimate Match Final Edition,7,3.7142857142857144,113.61428571428571,7.96173570022854
Atelier Lulua ~The Scion Of Arland~,7,3.7142857142857144,121.38571428571429,7.96173570022854
Savannah Runnah,7,3.7142857142857144,97.67142857142858,7.96173570022854
Bowling (Story Four) (Mark Version) - Project: Summer Ice,7,3.7142857142857144,79.18571428571428,7.96173570022854
Overrogue,7,3.7142857142857144,85.89999999999999,7.96173570022854
Alien: Rogue Incursion Evolved Edition Deluxe,7,3.7142857142857144,109.65714285714284,7.96173570022854
Cast N,7,3.7142857142857144,133.0857142857143,7.96173570022854
Ariko'S Enchanted Forest,7,3.7142857142857144,70.15714285714286,7.96173570022854
Aca Neogeo Ninja Combat,7,3.7142857142857144,89.41428571428571,7.96173570022854
Dragon Run Classic,7,3.7142857142857144,84.8,7.96173570022854
Christmas Break,7,3.7142857142857144,105.61428571428571,7.96173570022854
The Pathless Ps4 & Ps5,7,3.7142857142857144,133.85714285714286,7.96173570022854
Byte The Bullet,7,3.7142857142857144,97.0,7.96173570022854
Charlie The Roach,7,3.7142857142857144,124.3142857142857,7.96173570022854
Returnal,7,3.7142857142857144,91.75714285714285,7.96173570022854
Inversus Deluxe,7,3.7142857142857144,103.15714285714286,7.96173570022854
Leisure Suit Larry - Wet Dreams Don'T Dry Happy Ending Edition,6,4.666666666666667,102.96666666666665,7.950788557556628
John Fart : Text-Iverse Of Crazyness,6,4.666666666666667,94.96666666666665,7.950788557556628
A Way Out,6,4.666666666666667,75.39999999999999,7.950788557556628
Dusty Raging Fist,6,4.666666666666667,84.63333333333334,7.950788557556628
River City Melee: Battle Royal Special,6,4.666666666666667,125.23333333333333,7.950788557556628
Samurai Katana Rampage: Stickman Saga,6,4.666666666666667,62.61666666666667,7.950788557556628
Cat Fun,6,4.666666666666667,91.40000000000002,7.950788557556628
Zeus Quest - The Rebirth Of Earth,6,4.666666666666667,62.26666666666667,7.950788557556628
20Xx,6,4.666666666666667,75.81666666666666,7.950788557556628
Chromagun,6,4.666666666666667,82.71666666666667,7.950788557556628
Two Hundred Ways,6,4.666666666666667,103.13333333333333,7.950788557556628
Arcade Archives Ikari Iii -The Rescue-,6,4.666666666666667,55.800000000000004,7.950788557556628
Arcade Archives Highway Race,6,4.666666666666667,69.03333333333333,7.950788557556628
Until Dawn,6,4.666666666666667,107.51666666666667,7.950788557556628
The Fairy'S Secret Ps4 & Ps5,6,4.666666666666667,75.18333333333334,7.950788557556628
Baseball (Challenge Mode Edition) - Breakthrough Gaming Arcade,6,4.666666666666667,100.46666666666665,7.950788557556628
First Time In Hawaii Collector'S Edition,6,4.666666666666667,108.76666666666667,7.950788557556628
Grow Up,6,4.666666666666667,92.26666666666667,7.950788557556628
Space Ribbon,6,4.666666666666667,142.36666666666667,7.950788557556628
Mighty Goose,6,4.666666666666667,143.35,7.950788557556628
Far Cry New Dawn,6,4.666666666666667,118.56666666666666,7.950788557556628
Arcade Archives Moon Cresta,6,4.666666666666667,98.5,7.950788557556628
Sherlock Holmes Chapter One,6,4.666666666666667,83.63333333333334,7.950788557556628
Echo,6,4.666666666666667,124.7,7.950788557556628
Atelier Totori Plus: The Adventurer Of Arland,6,4.666666666666667,131.08333333333334,7.950788557556628
Doom + Doom Ii,6,4.666666666666667,124.58333333333333,7.950788557556628
Démo De Destiny,6,4.666666666666667,85.03333333333333,7.950788557556628
Assassin'S Creed Freedom Cry,6,4.666666666666667,59.56666666666666,7.950788557556628
Wild Hearts Édition Standard,6,4.666666666666667,82.05,7.950788557556628
"Ah, Love!",6,4.666666666666667,138.25,7.950788557556628
Aca Neogeo 2020 Super Baseball,6,4.666666666666667,96.45,7.950788557556628
Blast Brigade Vs. The Evil Legion Of Dr. Cread,6,4.666666666666667,97.13333333333333,7.950788557556628
Mlb The Show 22 Sur Ps5,9,2.6666666666666665,109.37777777777778,7.949834443424054
Invizimals - La Révolte,8,3.0,97.525,7.893568528659018
Space 2 - Breakthrough Gaming Arcade,8,3.0,114.4625,7.893568528659018
Rabbids: Party Of Legends,8,3.0,121.08749999999999,7.893568528659018
Glover (Qubyte Classics),8,3.0,84.3125,7.893568528659018
Brigandine: The Legend Of Runersia,8,3.0,66.3125,7.893568528659018
Knight'S Redemption: War For Freedom,8,3.0,139.3875,7.893568528659018
Metal Gear Solid Δ: Snake Eater,8,3.0,110.2875,7.893568528659018
Cardmart: Tcg Supermarket,7,3.5714285714285716,121.37142857142858,7.873885318171267
Portal Of Evil: Stolen Runes,7,3.5714285714285716,113.21428571428571,7.873885318171267
The Unexpected Quest,7,3.5714285714285716,123.65714285714286,7.873885318171267
Mermaidio 2,7,3.5714285714285716,128.17142857142858,7.873885318171267
Everybody’S Golf Vr,7,3.5714285714285716,122.62857142857142,7.873885318171267
Trine 5: A Clockwork Conspiracy,7,3.5714285714285716,94.7,7.873885318171267
Academy Of Drift,7,3.5714285714285716,121.77142857142857,7.873885318171267
Horror Fun,7,3.5714285714285716,130.9,7.873885318171267
Dark Receipt,7,3.5714285714285716,109.07142857142857,7.873885318171267
Alterity Experience,7,3.5714285714285716,73.88571428571429,7.873885318171267
Jigsaw Solace,7,3.5714285714285716,91.25714285714285,7.873885318171267
Woodlawn,7,3.5714285714285716,95.32857142857142,7.873885318171267
Smoothcade,7,3.5714285714285716,73.05714285714285,7.873885318171267
Elemental Knights R -Darkarthur Premiumpack-,7,3.5714285714285716,86.8,7.873885318171267
Taxi Xtreme Urban Racer,7,3.5714285714285716,118.75714285714285,7.873885318171267
Monster Sanctuary,7,3.5714285714285716,102.58571428571429,7.873885318171267
Baseball Card Shop Simulator,7,3.5714285714285716,139.0142857142857,7.873885318171267
Digging A Hole: Journey To The Core,7,3.5714285714285716,114.07142857142857,7.873885318171267
Syphon Filter 2,7,3.5714285714285716,57.67142857142857,7.873885318171267
Toy Titan: Protector Of Childhood Dreams,7,3.5714285714285716,114.21428571428571,7.873885318171267
Arcade Archives Itazura Tenshi,7,3.5714285714285716,94.72857142857143,7.873885318171267
Dragon Ball Xenoverse,7,3.5714285714285716,101.3,7.873885318171267
Rooms: The Unsolvable Puzzle,7,3.5714285714285716,125.31428571428572,7.873885318171267
Overrogue Demo,7,3.5714285714285716,86.15714285714286,7.873885318171267
Big Pharma,7,3.5714285714285716,129.0142857142857,7.873885318171267
Assault Android Cactus,7,3.5714285714285716,99.74285714285713,7.873885318171267
Pretty Bird,7,3.5714285714285716,94.81428571428572,7.873885318171267
Snow Journey: Nitro,7,3.5714285714285716,66.97142857142856,7.873885318171267
Neon Mine,7,3.5714285714285716,93.95714285714287,7.873885318171267
Glaive: Brick Breaker,7,3.5714285714285716,115.47142857142856,7.873885318171267
Cazzarion: Portal Pilot,7,3.5714285714285716,64.04285714285714,7.873885318171267
Murder Is Game Over: Streaming Death Ps4 & Ps5,7,3.5714285714285716,79.89999999999999,7.873885318171267
Motogp19,7,3.5714285714285716,100.8,7.873885318171267
3 Minutes To Midnight,7,3.5714285714285716,121.8,7.873885318171267
Aery – L’Aventure Du Petit Oiseau,7,3.5714285714285716,72.27142857142857,7.873885318171267
Inazuma Eleven: Victory Road Ps4 & Ps5,7,3.5714285714285716,90.8,7.873885318171267
Into Black,7,3.5714285714285716,89.87142857142858,7.873885318171267
Liquid Cat,7,3.5714285714285716,102.07142857142857,7.873885318171267
Sports Supermarket,7,3.5714285714285716,112.21428571428571,7.873885318171267
They Always Run,7,3.5714285714285716,87.14285714285714,7.873885318171267
Arcade Archives Typhoon,7,3.5714285714285716,116.78571428571429,7.873885318171267
The Tenants,7,3.5714285714285716,103.55714285714285,7.873885318171267
Olivias Dream,7,3.5714285714285716,67.78571428571429,7.873885318171267
Frogo 2,7,3.5714285714285716,79.47142857142856,7.873885318171267
Ballista Wall Defense Rush,7,3.5714285714285716,139.14285714285714,7.873885318171267
Ancestors: The Humankind Odyssey,7,3.5714285714285716,120.18571428571428,7.873885318171267
Jeux Classiques De Disney : Aladdin Et Le Roi Lion,6,4.5,101.61666666666666,7.864953194601896
Dynamite Fishing – World Games,6,4.5,75.16666666666667,7.864953194601896
Pretty Bird 3,6,4.5,85.48333333333333,7.864953194601896
Nier Replicant Ver.1.22474487139…,6,4.5,89.31666666666666,7.864953194601896
Steel Seed,6,4.5,110.7,7.864953194601896
Steps Of Doom,6,4.5,138.93333333333334,7.864953194601896
Mystik Belle,6,4.5,148.66666666666666,7.864953194601896
Worldless,6,4.5,103.83333333333333,7.864953194601896
Killer Klowns From Outer Space: The Game,6,4.5,78.05,7.864953194601896
We Could Be Heroes,6,4.5,134.23333333333332,7.864953194601896
Démo De PlaystationMove Heroes,6,4.5,120.0,7.864953194601896
Dotlink,6,4.5,119.8,7.864953194601896
Polybius,6,4.5,110.06666666666668,7.864953194601896
I Love Finding More Cats Collector'S Edition,6,4.5,125.33333333333333,7.864953194601896
Darkgems,6,4.5,86.61666666666667,7.864953194601896
Two Point Hospital,6,4.5,77.23333333333333,7.864953194601896
Do Not Crash,6,4.5,107.46666666666665,7.864953194601896
Tales From The Borderlands,6,4.5,121.39999999999999,7.864953194601896
Runner3,6,4.5,88.66666666666667,7.864953194601896
Arcade Archives Cosmo Gang The Puzzle,6,4.5,116.5,7.864953194601896
Dimension Drive,6,4.5,96.60000000000001,7.864953194601896
Report Extraction,6,4.5,129.20000000000002,7.864953194601896
Monster Energy Supercross - The Official Videogame 3,6,4.5,71.06666666666666,7.864953194601896
Torchlight Ii,6,4.5,104.68333333333334,7.864953194601896
Rolling Gunner + Over Power,6,4.5,119.88333333333333,7.864953194601896
Cat Quest Ii,6,4.5,109.33333333333333,7.864953194601896
Rpg Time: The Legend Of Wright,6,4.5,53.48333333333333,7.864953194601896
Clockwork Aquario,6,4.5,127.46666666666665,7.864953194601896
Oddworld: Soulstorm Enhanced Edition,6,4.5,86.95,7.864953194601896
Reach,6,4.5,66.01666666666667,7.864953194601896
Rock 'N Racing Grand Prix & Rally,6,4.5,83.76666666666667,7.864953194601896
Tunic,6,4.5,139.5666666666667,7.864953194601896
Monument Journey: Nitro,6,4.5,123.05,7.864953194601896
Pillar Demo,6,4.5,119.03333333333335,7.864953194601896
Aca Neogeo Aero Fighters 2,6,4.5,102.68333333333334,7.864953194601896
Superpanda,6,4.5,147.31666666666666,7.864953194601896
City Bus Simulator,6,4.5,77.46666666666667,7.864953194601896
The Gem Collector,6,4.5,82.78333333333333,7.864953194601896
Folly Of The Wizards,6,4.5,133.81666666666666,7.864953194601896
Escape Site 13,6,4.5,61.25,7.864953194601896
Untitled Goose Game,6,4.5,102.68333333333334,7.864953194601896
Amazing Superhero Squad,6,4.5,133.65,7.864953194601896
Unbox: Newbie'S Adventure,6,4.5,118.36666666666667,7.864953194601896
Chronos: Before The Ashes,6,4.5,112.61666666666667,7.864953194601896
Burnout Paradise Remastered,6,4.5,104.66666666666667,7.864953194601896
Pure Farming 2018,6,4.5,138.81666666666666,7.864953194601896
Dwarf Journey,6,4.5,126.51666666666667,7.864953194601896
Resident Evil 7 Biohazard Gold Edition,9,2.5555555555555554,83.41111111111111,7.860135899957788
Hole Digging Simulator 2025,8,2.875,91.5375,7.804504837482714
Atv Renegades,8,2.875,130.4125,7.804504837482714
Space Break 2 Head To Head,8,2.875,102.6875,7.804504837482714
Démo Strider,7,3.4285714285714284,102.02857142857144,7.786034936113993
Crystal Ball Of Firmament,7,3.4285714285714284,78.5,7.786034936113993
Dynasty Feud,7,3.4285714285714284,104.31428571428572,7.786034936113993
I Am Dead,7,3.4285714285714284,81.02857142857144,7.786034936113993
Embr,7,3.4285714285714284,109.7,7.786034936113993
Voice Of Cards: The Beasts Of Burden,7,3.4285714285714284,105.0,7.786034936113993
R-Type Final 2 Demo,7,3.4285714285714284,130.84285714285716,7.786034936113993
Ark: Survival Evolved,7,3.4285714285714284,81.10000000000001,7.786034936113993
Frostpunk: Console Edition,7,3.4285714285714284,102.78571428571429,7.786034936113993
Arcade Archives 2 Scrambled Egg,7,3.4285714285714284,118.32857142857142,7.786034936113993
Shellshock Live,7,3.4285714285714284,124.37142857142858,7.786034936113993
Deep Rock Galactic Ps4 & Ps5,7,3.4285714285714284,104.74285714285715,7.786034936113993
Escapevektor,7,3.4285714285714284,106.08571428571429,7.786034936113993
Amelia'S Garden,7,3.4285714285714284,91.17142857142858,7.786034936113993
Horizon Chase Turbo,7,3.4285714285714284,108.22857142857143,7.786034936113993
Dustborn,7,3.4285714285714284,92.37142857142858,7.786034936113993
Démo Parappa The Rapper Remastered,7,3.4285714285714284,116.18571428571428,7.786034936113993
Toukiden: Kiwami,7,3.4285714285714284,119.42857142857143,7.786034936113993
Killzone Mercenary,7,3.4285714285714284,102.64285714285714,7.786034936113993
Guacamelee! Super Turbo Championship Edition,7,3.4285714285714284,76.31428571428572,7.786034936113993
Caresser La Vache,7,3.4285714285714284,85.51428571428572,7.786034936113993
Bulb Boy,7,3.4285714285714284,100.60000000000001,7.786034936113993
Atelier Resleriana: The Red Alchemist & The White Guardian,7,3.4285714285714284,108.04285714285713,7.786034936113993
Mélodie De L'Étoile Évanescente,7,3.4285714285714284,106.04285714285713,7.786034936113993
Ducktales: Remastered,7,3.4285714285714284,98.44285714285715,7.786034936113993
Treadnauts,7,3.4285714285714284,83.64285714285714,7.786034936113993
Spaceland,7,3.4285714285714284,83.57142857142857,7.786034936113993
Grip,7,3.4285714285714284,118.92857142857143,7.786034936113993
Mini Crawler Ps4 & Ps5,7,3.4285714285714284,105.25714285714285,7.786034936113993
Milky Way Prince – The Vampire Star,7,3.4285714285714284,98.94285714285715,7.786034936113993
Hentai Girls Zombie Defense,7,3.4285714285714284,102.05714285714286,7.786034936113993
Sly 2: Band Of Thieves,7,3.4285714285714284,132.74285714285716,7.786034936113993
Root Film,7,3.4285714285714284,88.35714285714286,7.786034936113993
Star Wars: Dark Forces Remaster,7,3.4285714285714284,123.28571428571429,7.786034936113993
Road Defense: Outsiders,6,4.333333333333333,85.23333333333333,7.779117831647165
Rubberduck Wave Racer,6,4.333333333333333,119.86666666666667,7.779117831647165
Megadimension Neptunia Viir,6,4.333333333333333,110.60000000000001,7.779117831647165
Megaton Musashi W: Wired Standard Edition,6,4.333333333333333,115.31666666666668,7.779117831647165
The Bug Butcher,6,4.333333333333333,82.28333333333333,7.779117831647165
I Am Setsuna,6,4.333333333333333,97.23333333333333,7.779117831647165
Butterfly,6,4.333333333333333,126.08333333333333,7.779117831647165
Sumo Rumble,6,4.333333333333333,138.70000000000002,7.779117831647165
Platypus Reclayed,6,4.333333333333333,98.06666666666666,7.779117831647165
- Isekai Tragic Love - 異世界最強勇者の悲恋物語,6,4.333333333333333,108.39999999999999,7.779117831647165
Yooka-Laylee And The Impossible Lair,6,4.333333333333333,109.7,7.779117831647165
Raiden V: Director'S Cut,6,4.333333333333333,147.51666666666668,7.779117831647165
Golem Gates,6,4.333333333333333,91.96666666666665,7.779117831647165
Nova Lands,6,4.333333333333333,73.96666666666667,7.779117831647165
Smoke And Sacrifice,6,4.333333333333333,83.35,7.779117831647165
Carto,6,4.333333333333333,59.0,7.779117831647165
30 Sport Games In 1,6,4.333333333333333,78.01666666666667,7.779117831647165
Star Wars: Squadrons,6,4.333333333333333,126.73333333333335,7.779117831647165
Puzzle Escapes: Paws & Claws,6,4.333333333333333,79.83333333333333,7.779117831647165
Night Detective: Decrepit Manor,6,4.333333333333333,63.06666666666666,7.779117831647165
The Outbound Ghost,6,4.333333333333333,102.36666666666667,7.779117831647165
Get To Work Simulator,6,4.333333333333333,107.58333333333333,7.779117831647165
Ai: The Somnium Files - Nirvana Initiative,6,4.333333333333333,88.21666666666665,7.779117831647165
Star Wars Jedi Knight: Jedi Academy,6,4.333333333333333,91.86666666666667,7.779117831647165
Arcade Archives Pole Position,6,4.333333333333333,104.23333333333333,7.779117831647165
Lego Ninjago: L'Ombre De Ronin,6,4.333333333333333,124.36666666666667,7.779117831647165
Scribblenauts Mega Pack,6,4.333333333333333,73.75,7.779117831647165
Strategic Mind: Spectre Of Communism,6,4.333333333333333,143.33333333333334,7.779117831647165
Child Of Light,6,4.333333333333333,89.41666666666667,7.779117831647165
Caresser Le Poisson,6,4.333333333333333,147.9,7.779117831647165
Caresser Le Perroquet,6,4.333333333333333,130.31666666666666,7.779117831647165
Rainbow Billy: The Curse Of The Leviathan,6,4.333333333333333,76.89999999999999,7.779117831647165
Maths Pals,6,4.333333333333333,102.46666666666665,7.779117831647165
Wander Stars,6,4.333333333333333,112.73333333333333,7.779117831647165
Trust No One,6,4.333333333333333,138.91666666666666,7.779117831647165
Arcade Archives King & Balloon,6,4.333333333333333,108.0,7.779117831647165
Trials Of Randoom,6,4.333333333333333,86.01666666666667,7.779117831647165
Symmetry,6,4.333333333333333,136.5,7.779117831647165
Speedrunners,6,4.333333333333333,122.19999999999999,7.779117831647165
Metal Gear Solid V: The Phantom Pain,6,4.333333333333333,124.10000000000001,7.779117831647165
Turok 2: Seeds Of Evil,6,4.333333333333333,103.03333333333335,7.779117831647165
Monster Battle,6,4.333333333333333,112.08333333333333,7.779117831647165
Painkiller,6,4.333333333333333,88.83333333333333,7.779117831647165
Disney•Pixar Toy Story 2: Buzz L'Eclair À La Rescousse !,6,4.333333333333333,100.68333333333334,7.779117831647165
Gridd: Retroenhanced,6,4.333333333333333,102.73333333333333,7.779117831647165
Arcade Archives Rompers,6,4.333333333333333,99.83333333333333,7.779117831647165
Time Loader,6,4.333333333333333,100.88333333333333,7.779117831647165
Mlb Home Run Derby Vr,6,4.333333333333333,98.86666666666667,7.779117831647165
The Chick C,6,4.333333333333333,92.06666666666666,7.779117831647165
Jak And Daxter: The Lost Frontier,8,2.75,104.1875,7.715441146306411
Legrand Legacy: Tale Of The Fatebounds,8,2.75,95.225,7.715441146306411
Amoeba Battle - Microscopic Rts Action,7,3.2857142857142856,101.84285714285714,7.698184554056719
Doraemon Story Of Seasons: Friends Of The Great Kingdom Demo,7,3.2857142857142856,105.41428571428571,7.698184554056719
The Eternal Castle [Remastered],7,3.2857142857142856,94.95714285714287,7.698184554056719
Solar Ash,7,3.2857142857142856,50.785714285714285,7.698184554056719
Blue Reflection,7,3.2857142857142856,89.38571428571429,7.698184554056719
Umbraclaw,7,3.2857142857142856,94.8,7.698184554056719
No Time To Explain,7,3.2857142857142856,117.25714285714285,7.698184554056719
Nobody Saves The World,7,3.2857142857142856,76.34285714285714,7.698184554056719
Boaty Tanks,7,3.2857142857142856,151.25714285714284,7.698184554056719
Emily Wants To Play Too,7,3.2857142857142856,120.12857142857142,7.698184554056719
Kingdom Come: Deliverance - Royal Edition,7,3.2857142857142856,93.31428571428572,7.698184554056719
Bugsnax,7,3.2857142857142856,123.3,7.698184554056719
Gimmick! 2,7,3.2857142857142856,107.85714285714286,7.698184554056719
Arcade Archives The Tin Star,7,3.2857142857142856,113.85714285714286,7.698184554056719
Deadliest Deep Sea Catch Fishing Simulator,7,3.2857142857142856,92.31428571428572,7.698184554056719
Arcade Archives Lightning Fighters,7,3.2857142857142856,90.55714285714285,7.698184554056719
Heavy Rain,7,3.2857142857142856,106.48571428571428,7.698184554056719
Metal Gear Rising: Revengeance,7,3.2857142857142856,106.04285714285713,7.698184554056719
Clouds & Sheep 2,7,3.2857142857142856,99.71428571428571,7.698184554056719
Monster Truck Journey: Nitro,7,3.2857142857142856,102.92857142857143,7.698184554056719
Taxi Driver Simulator,7,3.2857142857142856,123.21428571428571,7.698184554056719
Shooty Fruity,7,3.2857142857142856,100.18571428571428,7.698184554056719
Saints Row Iv,7,3.2857142857142856,83.21428571428571,7.698184554056719
Wolfenstein: The Old Blood,7,3.2857142857142856,95.8,7.698184554056719
Sky Revolver,7,3.2857142857142856,58.92857142857143,7.698184554056719
The Snowman Story,7,3.2857142857142856,101.60000000000001,7.698184554056719
Neversong,7,3.2857142857142856,96.15714285714286,7.698184554056719
Stealth Inc: Ultimate Edition,7,3.2857142857142856,155.70000000000002,7.698184554056719
Ash Of Gods: Redemption,7,3.2857142857142856,86.52857142857144,7.698184554056719
Stasis Valley,7,3.2857142857142856,78.45714285714287,7.698184554056719
Chasseur De Frontière : La Roue De La Fortune D’Erza,6,4.166666666666667,94.0,7.693282468692435
Revolve,6,4.166666666666667,123.5,7.693282468692435
Lit: Bend The Light,6,4.166666666666667,101.55,7.693282468692435
Whateverland,6,4.166666666666667,124.73333333333333,7.693282468692435
Saints Row: The Third Remastered,6,4.166666666666667,118.56666666666666,7.693282468692435
White Noise 2,6,4.166666666666667,137.53333333333333,7.693282468692435
Accel World Vs. Sword Art Online,6,4.166666666666667,130.41666666666666,7.693282468692435
Aces Of The Luftwaffe - Squadron,6,4.166666666666667,113.60000000000001,7.693282468692435
Age Of Wonders: Planetfall,6,4.166666666666667,69.78333333333333,7.693282468692435
Listeria Wars,6,4.166666666666667,92.66666666666667,7.693282468692435
Argonauts Agency 3: Chair Of Hephaestus,6,4.166666666666667,108.28333333333335,7.693282468692435
The Elder Scrolls Iv: Oblivion Remastered,6,4.166666666666667,110.48333333333333,7.693282468692435
Flappy Eros,6,4.166666666666667,77.38333333333334,7.693282468692435
Our Guest Tonight,6,4.166666666666667,132.36666666666667,7.693282468692435
The Elder Scrolls V: Skyrim Vr,6,4.166666666666667,71.56666666666666,7.693282468692435
Team Sonic Racing,6,4.166666666666667,105.95,7.693282468692435
Tappy Tilt,6,4.166666666666667,71.38333333333334,7.693282468692435
Phinéas Et Ferb : Le Jour De Doofenshmirtz,6,4.166666666666667,104.26666666666667,7.693282468692435
Pba Pro Bowling 2021,6,4.166666666666667,93.38333333333333,7.693282468692435
Tobacco Business Simulator,6,4.166666666666667,135.93333333333334,7.693282468692435
Greyhill Incident,6,4.166666666666667,97.51666666666667,7.693282468692435
Hirogami,6,4.166666666666667,98.39999999999999,7.693282468692435
Hell Pie,6,4.166666666666667,96.26666666666665,7.693282468692435
Paper Dash - City Hustle,6,4.166666666666667,131.85,7.693282468692435
Fast Food Tycoon Simulator,6,4.166666666666667,67.01666666666667,7.693282468692435
Ultimate Marvel Vs. Capcom 3,6,4.166666666666667,95.45,7.693282468692435
Miraculous: Paris Under Siege,6,4.166666666666667,97.53333333333335,7.693282468692435
Arcade Archives Haunted Castle,6,4.166666666666667,108.89999999999999,7.693282468692435
Space Filler,6,4.166666666666667,145.13333333333333,7.693282468692435
Overtop,6,4.166666666666667,73.06666666666666,7.693282468692435
Bulletstorm:Full Clip Edition,6,4.166666666666667,116.55000000000001,7.693282468692435
Shantae And The Pirate'S Curse,6,4.166666666666667,114.2,7.693282468692435
Warstone Td Gold Edition,6,4.166666666666667,104.89999999999999,7.693282468692435
Armored Warfare,6,4.166666666666667,118.03333333333335,7.693282468692435
Arrog,6,4.166666666666667,95.66666666666667,7.693282468692435
I Love Finding Wild Friends Collector'S Edition,6,4.166666666666667,124.41666666666667,7.693282468692435
Maisons De Repos,6,4.166666666666667,105.61666666666667,7.693282468692435
Airjet Fighter Sky Dominators: Aerial Assault,6,4.166666666666667,98.89999999999999,7.693282468692435
Hyperdimension Neptunia Rebirth1,6,4.166666666666667,87.03333333333335,7.693282468692435
Ys: Memories Of Celceta,6,4.166666666666667,132.95000000000002,7.693282468692435
Dungeon Drafters,6,4.166666666666667,104.05,7.693282468692435
Jump Unlock Escape,6,4.166666666666667,65.93333333333334,7.693282468692435
Yakuza 3 Remastered,6,4.166666666666667,88.2,7.693282468692435
3D Color Labyrinth,6,4.166666666666667,92.98333333333333,7.693282468692435
Zippy The Circle Calculator,6,4.166666666666667,95.68333333333334,7.693282468692435
Briks 2,6,4.166666666666667,137.29999999999998,7.693282468692435
British Horror Bundle,6,4.166666666666667,87.75,7.693282468692435
The Touryst,6,4.166666666666667,112.51666666666667,7.693282468692435
Ginga Force,6,4.166666666666667,126.5,7.693282468692435
The Making Of Karateka Ps4 & Ps5,6,4.166666666666667,123.48333333333333,7.693282468692435
The Mystery Of Eldham,6,4.166666666666667,55.20000000000001,7.693282468692435
Operencia: The Stolen Sun,6,4.166666666666667,79.98333333333333,7.693282468692435
One Step From Eden,6,4.166666666666667,93.8,7.693282468692435
The Tennis T,6,4.166666666666667,106.14999999999999,7.693282468692435
Goldorak – Le Festin Des Loups,6,4.166666666666667,101.64999999999999,7.693282468692435
No Straight Roads,6,4.166666666666667,124.86666666666666,7.693282468692435
Bahnsen Knights,6,4.166666666666667,89.95,7.693282468692435
Pipe Connect,6,4.166666666666667,116.21666666666665,7.693282468692435
Contenu Bonus De Ghost Of Tsushima,6,4.166666666666667,121.46666666666665,7.693282468692435
Sushi Break 2 Head To Head,6,4.166666666666667,107.48333333333333,7.693282468692435
Doom,6,4.166666666666667,109.23333333333333,7.693282468692435
Bug-O-Buster Ps4 & Ps5,8,2.625,98.9375,7.626377455130108
Zj The Ball Challenge (Level 5C),8,2.625,94.4,7.626377455130108
Borderlands: The Handsome Collection,7,3.142857142857143,89.58571428571429,7.610334171999446
Virtual Surfing,7,3.142857142857143,100.18571428571428,7.610334171999446
Heroine Anthem Zero Épisode 1,7,3.142857142857143,129.78571428571428,7.610334171999446
Naruto Shippuden: Ultimate Ninja Storm 3 Full Burst,7,3.142857142857143,90.64285714285714,7.610334171999446
Sol Cresta Dramatic Edition Trial Version,7,3.142857142857143,116.81428571428572,7.610334171999446
Arcade Archives Chopper 1,7,3.142857142857143,83.7,7.610334171999446
Operation Warcade,7,3.142857142857143,106.37142857142858,7.610334171999446
"Death, Soul & Robots",7,3.142857142857143,145.95714285714286,7.610334171999446
Blitz Smash Ultimate,7,3.142857142857143,84.02857142857144,7.610334171999446
Rebel Galaxy,7,3.142857142857143,60.871428571428574,7.610334171999446
Tt Isle Of Man: Ride On The Edge,7,3.142857142857143,75.54285714285713,7.610334171999446
Démo De Unit 13,7,3.142857142857143,79.07142857142857,7.610334171999446
Arcade Archives Strategy X,7,3.142857142857143,98.55714285714285,7.610334171999446
Reflector Satellites,7,3.142857142857143,110.25714285714285,7.610334171999446
Caravan Journey,7,3.142857142857143,133.8,7.610334171999446
Rico,7,3.142857142857143,95.60000000000001,7.610334171999446
Kinnikuneko: Super Muscle Cat,7,3.142857142857143,104.85714285714286,7.610334171999446
Dreamland Solitaire: Dragon'S Fury,7,3.142857142857143,73.60000000000001,7.610334171999446
Astronite,7,3.142857142857143,110.31428571428572,7.610334171999446
Capcom Classics Collection Remixed Essentials,7,3.142857142857143,111.55714285714285,7.610334171999446
Outlast,7,3.142857142857143,129.9,7.610334171999446
Marine Survivors,7,3.142857142857143,109.07142857142857,7.610334171999446
Arcade Archives Ninja Emaki,7,3.142857142857143,109.68571428571428,7.610334171999446
Atelier Yumia : L’Alchimiste Des Souvenirs Et La Terre Rêvée (Ps4),6,4.0,73.96666666666667,7.6074471057377036
Genesis Alpha One,6,4.0,54.01666666666667,7.6074471057377036
Steve Jackson'S Sorcery!,6,4.0,92.23333333333333,7.6074471057377036
Quiz Thiz Spain: Gold Edition,6,4.0,56.550000000000004,7.6074471057377036
Fête Mécha,6,4.0,125.53333333333335,7.6074471057377036
Fusillade!,6,4.0,138.41666666666666,7.6074471057377036
Nik And Kit - Nik'S Adventure,6,4.0,93.08333333333333,7.6074471057377036
Mr. Supershot,6,4.0,110.46666666666665,7.6074471057377036
State Of Mind,6,4.0,74.1,7.6074471057377036
Les Fourmis (Empire Of The Ants),6,4.0,84.16666666666667,7.6074471057377036
Crossfire: Sierra Squad,6,4.0,107.81666666666666,7.6074471057377036
Crown Of The Empire: Around The World,6,4.0,96.81666666666666,7.6074471057377036
Aca Neogeo World Heroes 2 Jet,6,4.0,75.91666666666667,7.6074471057377036
Witch On The Holy Night,6,4.0,86.30000000000001,7.6074471057377036
Indika,6,4.0,153.46666666666667,7.6074471057377036
Flock,6,4.0,109.64999999999999,7.6074471057377036
Cazzarion: Shooting Gallery,6,4.0,76.58333333333333,7.6074471057377036
Pato Box,6,4.0,69.41666666666667,7.6074471057377036
Tales Of The Tiny Planet,6,4.0,130.86666666666667,7.6074471057377036
Raw Data,6,4.0,77.23333333333333,7.6074471057377036
Everybody’S Gone To The Rapture,6,4.0,157.78333333333333,7.6074471057377036
Hit The Color,6,4.0,85.48333333333333,7.6074471057377036
Gravity Error,6,4.0,119.23333333333333,7.6074471057377036
Gravel Demo,6,4.0,132.4,7.6074471057377036
Monument Journey,6,4.0,108.06666666666666,7.6074471057377036
Cazzarion: Cute Town,6,4.0,105.3,7.6074471057377036
Cazzarion: Astro Bouncer,6,4.0,96.26666666666667,7.6074471057377036
Gris | Ps4 & Ps5,6,4.0,108.38333333333334,7.6074471057377036
Disgaea 6 Complete Demo,6,4.0,97.76666666666667,7.6074471057377036
Star Wars Battlefront,6,4.0,153.93333333333334,7.6074471057377036
Dropship: United Peace Force,6,4.0,49.583333333333336,7.6074471057377036
Top Gun Air Combat Extended,6,4.0,141.9,7.6074471057377036
Arcade Archives Numan Athletics,6,4.0,97.39999999999999,7.6074471057377036
Arcade Archives Markham,6,4.0,119.66666666666667,7.6074471057377036
Trials Rising,6,4.0,125.66666666666667,7.6074471057377036
Skateboarding 2 - Breakthrough Gaming Arcade,6,4.0,96.88333333333333,7.6074471057377036
Dead Man´S Diary,6,4.0,105.48333333333333,7.6074471057377036
Cazzarion: Ghost Frenzy,6,4.0,74.85000000000001,7.6074471057377036
Hand Of Fate,6,4.0,73.95,7.6074471057377036
Trackdown: Genesis,6,4.0,108.63333333333333,7.6074471057377036
Hellcard,6,4.0,99.8,7.6074471057377036
Hades' Star: Dark Nebula,6,4.0,131.81666666666666,7.6074471057377036
Final Fantasy Xv Multiplayer: Comrades,6,4.0,129.6,7.6074471057377036
The Casting Of Frank Stone,6,4.0,118.19999999999999,7.6074471057377036
Flatland Vol.1,6,4.0,120.25,7.6074471057377036
Robozarro,6,4.0,93.36666666666667,7.6074471057377036
Mcpixel 3,6,4.0,131.48333333333335,7.6074471057377036
Naruto: Ultimate Ninja Storm,6,4.0,111.01666666666667,7.6074471057377036
Snails Vs Humans,6,4.0,93.61666666666667,7.6074471057377036
Vesta,6,4.0,93.71666666666665,7.6074471057377036
America Wild Hunting,6,4.0,103.84999999999998,7.6074471057377036
Medieval Escape,6,4.0,117.63333333333333,7.6074471057377036
Animal Doctor,6,4.0,97.13333333333333,7.6074471057377036
Rainswept,6,4.0,97.55,7.6074471057377036
Match Village,6,4.0,132.25,7.6074471057377036
Doom Eternal - Ps5 Upgrade,6,4.0,114.3,7.6074471057377036
Rust Console Edition,6,4.0,105.21666666666668,7.6074471057377036
Soldats Inconnus : Frères D'Armes,6,4.0,119.38333333333333,7.6074471057377036
"Rescue Team 911 Simulator - Ambulance, Police, Firefighter",6,4.0,89.94999999999999,7.6074471057377036
Void Source Origins,6,4.0,153.93333333333334,7.6074471057377036
The Halloween Story,6,4.0,110.26666666666667,7.6074471057377036
Banner Saga 1,6,4.0,126.33333333333333,7.6074471057377036
Shadow Legend Vr,6,4.0,86.91666666666667,7.6074471057377036
Voidcraft Island Chronicles: Sky Survival,6,4.0,127.11666666666667,7.6074471057377036
Machiknights -Blood Bagos-,6,4.0,91.55,7.6074471057377036
Casey Powell Lacrosse 16,6,4.0,87.75,7.6074471057377036
Vikings - Wolves Of Midgard,6,4.0,139.58333333333334,7.6074471057377036
Project Nightmares Case 36: Henrietta Kedward,6,4.0,97.48333333333333,7.6074471057377036
Super Arcade Soccer 2021,6,4.0,85.18333333333334,7.6074471057377036
Plutobi: The Dwarf Planet Tales,6,4.0,107.41666666666667,7.6074471057377036
Puzzle Vacations: Nordics,6,4.0,101.13333333333333,7.6074471057377036
Psychotic'S Mechanika,6,4.0,115.56666666666666,7.6074471057377036
911 Operator,6,4.0,71.48333333333333,7.6074471057377036
Stellaris: Console Edition - Standard Edition,7,3.0,109.11428571428571,7.522483789942172
Pinball Fx2 Vr,7,3.0,86.41428571428571,7.522483789942172
Flynn: Son Of Crimson,7,3.0,113.44285714285714,7.522483789942172
Titanfall 2 Édition Standard,7,3.0,99.62857142857142,7.522483789942172
Crash Team Racing Nitro-Fueled,7,3.0,103.67142857142858,7.522483789942172
Lonely Mountains: Downhill,7,3.0,106.77142857142857,7.522483789942172
Thunder Kid: Hunt For The Robot Emperor Ps4 & Ps5,7,3.0,111.89999999999999,7.522483789942172
Démo Jouable De Final Fantasy Vii Remake,7,3.0,83.0,7.522483789942172
Bowling (Story Three) (Jane Version) - Project: Summer Ice,7,3.0,131.77142857142857,7.522483789942172
Murder Is Game Over: Deal Killer Ps4 & Ps5,7,3.0,116.84285714285714,7.522483789942172
Golf,7,3.0,121.18571428571428,7.522483789942172
Dynasty Warriors: Godseekers,7,3.0,125.35714285714286,7.522483789942172
Mini Ninjas,6,3.8333333333333335,82.64999999999999,7.521611742782973
Lego Le Hobbit,6,3.8333333333333335,101.11666666666667,7.521611742782973
Trine 4: The Nightmare Prince,6,3.8333333333333335,73.91666666666667,7.521611742782973
Hindsight,6,3.8333333333333335,90.91666666666667,7.521611742782973
"Car For Sale Simulator 2023 - Car Mechanic, Wash, Car Flipper",6,3.8333333333333335,145.9,7.521611742782973
Super Rolling Heroes Deluxe,6,3.8333333333333335,158.03333333333333,7.521611742782973
Girls Of The Tower,6,3.8333333333333335,137.46666666666667,7.521611742782973
Monster Hunter Stories,6,3.8333333333333335,69.55,7.521611742782973
The Alliance Alive Hd Remastered,6,3.8333333333333335,84.96666666666667,7.521611742782973
Slide Defenders,6,3.8333333333333335,127.66666666666667,7.521611742782973
Arcade Game Series: Galaga,6,3.8333333333333335,88.93333333333334,7.521611742782973
Arcade Archives Tatakae! Big Fighter,6,3.8333333333333335,118.21666666666665,7.521611742782973
Little Town Hero,6,3.8333333333333335,99.46666666666668,7.521611742782973
Immortus Temporus,6,3.8333333333333335,98.3,7.521611742782973
Ponpu,6,3.8333333333333335,121.93333333333332,7.521611742782973
Alimentez La Lumière,6,3.8333333333333335,93.91666666666667,7.521611742782973
Total Jigsaw,6,3.8333333333333335,129.5,7.521611742782973
Annie:Last Hope,6,3.8333333333333335,118.45,7.521611742782973
The Forgotten City,6,3.8333333333333335,109.33333333333333,7.521611742782973
Bunny Dodge,6,3.8333333333333335,116.21666666666665,7.521611742782973
Argonauts Agency: Pandora’S Box,6,3.8333333333333335,87.95,7.521611742782973
Past Cure,6,3.8333333333333335,98.21666666666665,7.521611742782973
Doughlings: Invasion,6,3.8333333333333335,68.7,7.521611742782973
The Forgotten Tribe,6,3.8333333333333335,107.13333333333333,7.521611742782973
Quête De Joueur,6,3.8333333333333335,90.14999999999999,7.521611742782973
Marvel'S Midnight Suns Sur Ps4,6,3.8333333333333335,97.7,7.521611742782973
Er-Spectro,6,3.8333333333333335,124.08333333333333,7.521611742782973
Tempest 4000,6,3.8333333333333335,102.86666666666667,7.521611742782973
Magma,6,3.8333333333333335,70.89999999999999,7.521611742782973
Pineview Drive - House Of Horror,6,3.8333333333333335,77.31666666666666,7.521611742782973
Mlb The Show 21 Ps4,6,3.8333333333333335,115.14999999999999,7.521611742782973
Atomine,6,3.8333333333333335,91.88333333333333,7.521611742782973
Frank And Drake,6,3.8333333333333335,119.36666666666666,7.521611742782973
Arcade Archives Dangerous Seed,6,3.8333333333333335,104.41666666666667,7.521611742782973
A Sketchbook About Her Sun,6,3.8333333333333335,95.25,7.521611742782973
Color Pals Ps4 & Ps5,6,3.8333333333333335,76.53333333333333,7.521611742782973
Darksword: Battle Eternity,6,3.8333333333333335,117.01666666666667,7.521611742782973
Mystic Gate Ps4 & Ps5,6,3.8333333333333335,124.93333333333334,7.521611742782973
Dragon Quest Heroes,6,3.8333333333333335,113.66666666666667,7.521611742782973
Aca Neogeo Metal Slug X,6,3.8333333333333335,77.11666666666666,7.521611742782973
Aca Neogeo Metal Slug 2,6,3.8333333333333335,110.38333333333333,7.521611742782973
Surviving Mars,6,3.8333333333333335,92.18333333333334,7.521611742782973
Ancient Mahjong,6,3.8333333333333335,118.58333333333333,7.521611742782973
Danganronpa V3: Killing Harmony,6,3.8333333333333335,89.16666666666667,7.521611742782973
Zj The Ball'S What'S Different Game - Breakthrough Gaming Activity Center,6,3.8333333333333335,97.01666666666667,7.521611742782973
Penser À Toi Au-Delà Du Temps,6,3.8333333333333335,108.2,7.521611742782973
Scp-087 The Stairwell Horror Vr,6,3.8333333333333335,94.53333333333335,7.521611742782973
Arcade Archives Battlantis,6,3.8333333333333335,101.51666666666667,7.521611742782973
Persona 5 Royal,6,3.8333333333333335,131.5,7.521611742782973
Microarcade Applepie,6,3.8333333333333335,66.46666666666667,7.521611742782973
Dead Island Definitive Edition,6,3.8333333333333335,103.01666666666667,7.521611742782973
Gordian Quest,6,3.8333333333333335,94.18333333333334,7.521611742782973
The Crew Motorfest,6,3.8333333333333335,97.89999999999999,7.521611742782973
She Wants Me Dead,6,3.8333333333333335,119.08333333333333,7.521611742782973
Lightfield Hyper Edition,6,3.8333333333333335,75.55,7.521611742782973
Arcade Archives Mad Shark,6,3.6666666666666665,141.95000000000002,7.435776379828242
Always Sometimes Monsters,6,3.6666666666666665,101.64999999999999,7.435776379828242
Red Faction Guerrilla Re-Mars-Tered,6,3.6666666666666665,142.76666666666668,7.435776379828242
The Jumping Lasagne,6,3.6666666666666665,84.85000000000001,7.435776379828242
The Legend Of Heroes: Trails From Zero,6,3.6666666666666665,107.18333333333334,7.435776379828242
World Splitter,6,3.6666666666666665,74.39999999999999,7.435776379828242
Missile Comes Back To Me,6,3.6666666666666665,55.06666666666666,7.435776379828242
Story Of Seasons: Friends Of Mineral Town,6,3.6666666666666665,112.76666666666667,7.435776379828242
Ghost Trick: Détective Fantôme,6,3.6666666666666665,85.61666666666667,7.435776379828242
Duke Nukem 3D: 20Th Anniversary World Tour,6,3.6666666666666665,127.98333333333333,7.435776379828242
8-Bit Invaders!,6,3.6666666666666665,91.81666666666666,7.435776379828242
Exorcist: Survival Horror,6,3.6666666666666665,116.05,7.435776379828242
Spider-Man : Far From Home Expérience De Réalité Virtuelle,6,3.6666666666666665,96.89999999999999,7.435776379828242
Darknet,6,3.6666666666666665,119.05,7.435776379828242
The Jumping Bird,6,3.6666666666666665,98.63333333333333,7.435776379828242
Killing Floor 2,6,3.6666666666666665,102.06666666666666,7.435776379828242
Nowhere Prophet,6,3.6666666666666665,87.5,7.435776379828242
Arc Raiders,6,3.6666666666666665,92.18333333333334,7.435776379828242
Assassin'S Creed Mirage,6,3.6666666666666665,104.71666666666665,7.435776379828242
Mermaidio 3,6,3.6666666666666665,108.58333333333333,7.435776379828242
Crash Commando,6,3.6666666666666665,70.25,7.435776379828242
Crime Opera Ii: The Floodgate Effect Ps4 & Ps5,6,3.6666666666666665,138.54999999999998,7.435776379828242
Horse Riding - Breakthrough Gaming Arcade,6,3.6666666666666665,117.89999999999999,7.435776379828242
Underhero,6,3.6666666666666665,90.56666666666666,7.435776379828242
Dragon'S Crown Pro,6,3.6666666666666665,75.31666666666666,7.435776379828242
Arcade Archives Juno First,6,3.6666666666666665,125.86666666666667,7.435776379828242
Resident Evil 7 Biohazard,6,3.6666666666666665,69.89999999999999,7.435776379828242
Pressure Overdrive,6,3.6666666666666665,95.69999999999999,7.435776379828242
Ice Cream Break Head To Head,6,3.6666666666666665,85.64999999999999,7.435776379828242
The Alters,6,3.6666666666666665,138.54999999999998,7.435776379828242
Below,6,3.6666666666666665,150.23333333333332,7.435776379828242
Saint Patricks Day Run,6,3.6666666666666665,140.85,7.435776379828242
Tooth And Tail,6,3.6666666666666665,127.45,7.435776379828242
Monkey Kong In New-York,6,3.6666666666666665,79.75,7.435776379828242
Dōkyūsei: Bangin' Summer - Home Edition,6,3.6666666666666665,62.383333333333326,7.435776379828242
The Darkside Detective,6,3.6666666666666665,151.08333333333334,7.435776379828242
Spot The Difference Food & Drink,6,3.6666666666666665,117.93333333333334,7.435776379828242
Seraph,6,3.6666666666666665,80.75,7.435776379828242
Oddworld: Abe'S Oddysee (Ps1 Emulation),6,3.6666666666666665,125.55,7.435776379828242
Volgarr The Viking Ii [Ps4 & Ps5],6,3.6666666666666665,122.81666666666666,7.435776379828242
Ice Crush 10.000 Bc,6,3.6666666666666665,132.18333333333334,7.435776379828242
Ice Hockey - Breakthrough Gaming Arcade,6,3.6666666666666665,76.73333333333333,7.435776379828242
Baobabs Mausoleum Grindhouse Edition - Country Of Woods And Creepy Tales,6,3.6666666666666665,120.3,7.435776379828242
Aca Neogeo Fatal Fury,6,3.6666666666666665,81.21666666666667,7.435776379828242
The Golden Age,6,3.6666666666666665,120.7,7.435776379828242
One Piece Pirate Warriors 3,6,3.6666666666666665,113.33333333333333,7.435776379828242
Danganronpa S: Ultimate Summer Camp,6,3.6666666666666665,59.18333333333334,7.435776379828242
Horror Run,6,3.6666666666666665,62.300000000000004,7.435776379828242
Little Dragons Café,6,3.6666666666666665,118.21666666666665,7.435776379828242
Mass Effect: Andromeda,6,3.6666666666666665,93.38333333333333,7.435776379828242
Kitty Powers' Matchmaker,7,2.857142857142857,118.35714285714286,7.434633407884897
Flat Heroes,7,2.857142857142857,86.12857142857142,7.434633407884897
Observation,7,2.857142857142857,69.98571428571428,7.434633407884897
Samurai Warriors 4 Empires,7,2.857142857142857,90.87142857142858,7.434633407884897
Kingdom Of Drift,7,2.857142857142857,88.02857142857144,7.434633407884897
Légion Sombre,7,2.857142857142857,97.34285714285714,7.434633407884897
Katana Kami: A Way Of The Samurai Story,7,2.857142857142857,123.65714285714286,7.434633407884897
Cazzarion: Rocket Raid,7,2.857142857142857,85.95714285714287,7.434633407884897
Resonance Of Fate 4K/Hd Edition,5,5.0,64.12,7.410729835020981
Arcade Archives Xexex,5,5.0,124.25999999999999,7.410729835020981
The Dark Eye: Chains Of Satinav,5,5.0,92.36,7.410729835020981
Ball In The Hole!,6,3.5,75.03333333333335,7.349941016873511
Arslan: The Warriors Of Legend,6,3.5,129.75,7.349941016873511
No Brakez,6,3.5,110.0,7.349941016873511
Super Perils Of Baking,6,3.5,86.86666666666667,7.349941016873511
Minoria,6,3.5,118.95,7.349941016873511
Kingdom Two Crowns,6,3.5,126.11666666666667,7.349941016873511
The Long Journey Home,6,3.5,111.76666666666667,7.349941016873511
Wolfenstein Ii: The New Colossus (Cusa07377),6,3.5,83.10000000000001,7.349941016873511
The Surge 2,6,3.5,138.04999999999998,7.349941016873511
Silent Hill 2,6,3.5,55.800000000000004,7.349941016873511
Captain Tsubasa: Rise Of New Champions,6,3.5,86.11666666666667,7.349941016873511
Wanderer: The Fragments Of Fate,6,3.5,113.23333333333333,7.349941016873511
Moorhuhn Crazy Chicken Shooter Edition,6,3.5,117.2,7.349941016873511
The Walking Dead: The Telltale Definitive Series,6,3.5,105.58333333333333,7.349941016873511
Arcade Archives Thunder Dragon 2,6,3.5,147.0,7.349941016873511
Motel Owner Simulator,6,3.5,146.58333333333334,7.349941016873511
Baseball (2 Player Cooperation Edition) (Challenge Mode) - Breakthrough Gaming Arcade,6,3.5,80.53333333333333,7.349941016873511
Bubble Fish,6,3.5,83.53333333333335,7.349941016873511
Death'S Door,6,3.5,114.60000000000001,7.349941016873511
Final Fantasy Vii Remake,6,3.5,115.33333333333333,7.349941016873511
Deadly Balls Bounce,6,3.5,93.56666666666666,7.349941016873511
War Hospital,6,3.5,82.41666666666667,7.349941016873511
Monsieur Trials,6,3.5,72.3,7.349941016873511
The Elder Scrolls Online (Ps4),6,3.5,101.3,7.349941016873511
Brok The Investigator Ps4 & Ps5,6,3.5,92.75,7.349941016873511
Hitchhiker - A Mystery Game,6,3.5,91.46666666666668,7.349941016873511
River City Super Sports Challenge ~All Star Special~,6,3.5,132.88333333333333,7.349941016873511
Spectrum,6,3.5,97.2,7.349941016873511
Rayon Riddles - Rise Of The Goblin King,6,3.5,107.91666666666667,7.349941016873511
Legacy Of Kain: Defiance Ps4 & Ps5,6,3.5,120.11666666666667,7.349941016873511
Reus,6,3.5,107.38333333333333,7.349941016873511
Dead Effect 2,6,3.5,108.28333333333335,7.349941016873511
Ikaruga,6,3.5,88.88333333333333,7.349941016873511
Shatter,6,3.5,99.11666666666667,7.349941016873511
Edengate: The Edge Of Life,6,3.5,113.76666666666667,7.349941016873511
King Of Seas,6,3.5,99.85000000000001,7.349941016873511
Megaton Rainfall,6,3.5,104.01666666666667,7.349941016873511
Yoko & Yuki: Dr. Rat'S Revenge,6,3.5,157.66666666666666,7.349941016873511
Mega Man Zero/Zx Legacy Collection,6,3.5,111.14999999999999,7.349941016873511
Steamworld Dig 2,6,3.5,64.61666666666667,7.349941016873511
Escouade De Sauvetage De Ryan,6,3.5,94.85000000000001,7.349941016873511
Puzzmix,6,3.5,126.45,7.349941016873511
007 First Light,6,3.5,110.43333333333332,7.349941016873511
- Isekai Harem Saver - ハーレム過ぎる異世界は俺が救う,6,3.5,64.3,7.349941016873511
Qubyte Classics: Zero Tolerance Collection By Piko,6,3.5,104.18333333333334,7.349941016873511
UltrawingsFlat,7,2.7142857142857144,127.01428571428572,7.346783025827624
My Cozy Room,7,2.7142857142857144,93.44285714285714,7.346783025827624
The Messenger,7,2.7142857142857144,90.7,7.346783025827624
Sudoku Master,7,2.7142857142857144,108.04285714285713,7.346783025827624
Trine 2: Complete Story,7,2.7142857142857144,95.37142857142858,7.346783025827624
Age Of Dead: Zombie Simulator,7,2.7142857142857144,101.5142857142857,7.346783025827624
Far Cry 6 Free Trial,5,4.8,107.12,7.328046963602042
Tails Of Iron,5,4.8,95.92,7.328046963602042
Die For Valhalla!,5,4.8,120.08,7.328046963602042
Stratogun,5,4.8,127.7,7.328046963602042
Seasons After Fall,5,4.8,111.9,7.328046963602042
Orbibot Ps4 & Ps5,5,4.8,130.88,7.328046963602042
Battle Chef Brigade Deluxe,5,4.8,130.4,7.328046963602042
Season Match Bundle,5,4.8,75.82,7.328046963602042
Dead Rising,5,4.8,68.52000000000001,7.328046963602042
Shadow Of The Ninja - Reborn,5,4.8,71.72,7.328046963602042
Star Truck Simulator,5,4.8,39.22,7.328046963602042
Tales Of Vesperia: Definitive Edition,5,4.8,135.04000000000002,7.328046963602042
Outland Full Game Unlock,5,4.8,114.74000000000001,7.328046963602042
Sniper Rescue,5,4.8,101.47999999999999,7.328046963602042
One Step After Fall,5,4.8,96.1,7.328046963602042
Payday 3,5,4.8,80.16,7.328046963602042
Arcade Archives Flipull,5,4.8,92.84,7.328046963602042
Youtubers Life Omg,5,4.8,87.7,7.328046963602042
Drift Journey,5,4.8,125.53999999999999,7.328046963602042
Rollercoaster Legends Ii: Thor'S Hammer,5,4.8,153.98,7.328046963602042
Centipede: Recharged,5,4.8,162.54000000000002,7.328046963602042
Atv Drift & Tricks,5,4.8,80.3,7.328046963602042
Marble Maze,6,3.3333333333333335,128.75,7.26410565391878
Matsuro Palette,6,3.3333333333333335,43.93333333333334,7.26410565391878
Dungeon Encounters,6,3.3333333333333335,83.78333333333335,7.26410565391878
Two Faced,6,3.3333333333333335,94.46666666666665,7.26410565391878
The Revenge Of Shinobi,6,3.3333333333333335,83.98333333333333,7.26410565391878
Arcade Archives Final Star Force,6,3.3333333333333335,79.7,7.26410565391878
Arcade Archives D-Day,6,3.3333333333333335,107.03333333333335,7.26410565391878
Escape Goat 2,6,3.3333333333333335,125.85000000000001,7.26410565391878
Kingdom Of Blades,6,3.3333333333333335,123.46666666666665,7.26410565391878
Fury Unleashed,6,3.3333333333333335,91.68333333333334,7.26410565391878
Pathfinder: Kingmaker - Definitive Edition,6,3.3333333333333335,157.54999999999998,7.26410565391878
Quiz & Learn: Animals,6,3.3333333333333335,90.35000000000001,7.26410565391878
Desperados Iii,6,3.3333333333333335,110.53333333333335,7.26410565391878
Zombie Cure Lab,6,3.3333333333333335,125.91666666666667,7.26410565391878
Ultrawings,6,3.3333333333333335,114.63333333333333,7.26410565391878
Zombies Écrasés,6,3.3333333333333335,88.18333333333334,7.26410565391878
Skelattack,6,3.3333333333333335,109.35000000000001,7.26410565391878
Arcade Archives Victory Road,6,3.3333333333333335,132.0,7.26410565391878
Puzzle Vacations: Italy,6,3.3333333333333335,78.41666666666667,7.26410565391878
Project Warlock,6,3.3333333333333335,113.10000000000001,7.26410565391878
Final Fantasy Xv Pocket Edition Hd,6,3.3333333333333335,76.81666666666666,7.26410565391878
Tom Clancy'S Splinter Cell Hd,6,3.3333333333333335,105.88333333333333,7.26410565391878
Toro,6,3.3333333333333335,97.61666666666667,7.26410565391878
Captured,6,3.3333333333333335,141.98333333333335,7.26410565391878
Doctor Who : L'Horloge D'Éternité,6,3.3333333333333335,103.23333333333333,7.26410565391878
Hunter×Hunter Nen×Impact,6,3.3333333333333335,103.43333333333334,7.26410565391878
Spectre Divide,6,3.3333333333333335,101.2,7.26410565391878
Horizon Zero Dawn Remastered,6,3.3333333333333335,93.66666666666667,7.26410565391878
Tube Repairs Ps4 & Ps5,6,3.3333333333333335,86.66666666666667,7.26410565391878
Racing (2 Player Cooperation Edition) (Challenge Mode) - Breakthrough Gaming Arcade,7,2.5714285714285716,86.04285714285713,7.2589326437703505
Covenant Of Solitude,7,2.5714285714285716,81.5,7.2589326437703505
Arcade Archives Circus Charlie,5,4.6,75.78,7.245364092183102
Quiz Thiz Austria,5,4.6,121.12,7.245364092183102
Matterfall,5,4.6,89.96000000000001,7.245364092183102
Arcade Archives Hacha Mecha Fighter,5,4.6,101.66,7.245364092183102
Metal Gear Solid V: The Definitive Experience,5,4.6,108.72,7.245364092183102
Arcade Archives Final Blow,5,4.6,87.16,7.245364092183102
Deponia,5,4.6,120.8,7.245364092183102
Hard West: Ultimate Edition,5,4.6,123.94000000000001,7.245364092183102
Independence Day Run,5,4.6,119.74000000000001,7.245364092183102
Rayman Origins,5,4.6,89.66,7.245364092183102
Spirit Mancer,5,4.6,86.12,7.245364092183102
Pac-Man 256,5,4.6,137.3,7.245364092183102
Dead Nation: Apocalypse Edition,5,4.6,125.97999999999999,7.245364092183102
Tomb Raider: Definitive Edition,5,4.6,113.7,7.245364092183102
Giga Wrecker Alt.,5,4.6,87.46000000000001,7.245364092183102
Wiper,5,4.6,67.2,7.245364092183102
"Warhammer 40,000: Inquisitor - Ultimate Edition",5,4.6,47.540000000000006,7.245364092183102
Parc À Thème Confiture,5,4.6,136.07999999999998,7.245364092183102
Archers Dream - Ps4 & Ps5,5,4.6,112.88,7.245364092183102
Mxgp3 - The Official Motocross Videogame,5,4.6,90.97999999999999,7.245364092183102
Motogp17,5,4.6,99.66,7.245364092183102
Thimbleweed Park,5,4.6,73.68,7.245364092183102
Prototype2,5,4.6,99.44,7.245364092183102
Etherborn,5,4.6,147.2,7.245364092183102
Arcade Archives Galaga '88,5,4.6,96.05999999999999,7.245364092183102
Lego Horizon Adventures,5,4.6,157.74,7.245364092183102
Banner Of The Maid,5,4.6,101.67999999999999,7.245364092183102
Promenade,5,4.6,130.26,7.245364092183102
Star Wars Outlaws,5,4.6,118.12,7.245364092183102
Drawful 2,5,4.6,78.92,7.245364092183102
Chicken Police – Paint It Red!,6,3.1666666666666665,101.63333333333333,7.17827029096405
Lancer De Cerceaux,6,3.1666666666666665,92.39999999999999,7.17827029096405
Football Quiz,6,3.1666666666666665,81.3,7.17827029096405
Dragon Quest Builders 2 Édition Standard,6,3.1666666666666665,121.28333333333332,7.17827029096405
Song In The Smoke Rekindled,6,3.1666666666666665,67.33333333333333,7.17827029096405
Azure Striker Gunvolt 3,6,3.1666666666666665,77.53333333333335,7.17827029096405
I Love Finding Critters Collector'S Edition,6,3.1666666666666665,105.88333333333333,7.17827029096405
The Centennial Case: A Shijima Story Ps4&Ps5,6,3.1666666666666665,124.55,7.17827029096405
A Bibelot: Y-Type,6,3.1666666666666665,96.08333333333333,7.17827029096405
Sortcraft,6,3.1666666666666665,101.33333333333333,7.17827029096405
Rimworld Console Edition,6,3.1666666666666665,121.18333333333334,7.17827029096405
Choice Of Life: Middle Ages 2,6,3.1666666666666665,81.83333333333333,7.17827029096405
Arcade Archives Video Hustler,6,3.1666666666666665,91.55,7.17827029096405
Fluffy Cubed,6,3.1666666666666665,119.60000000000001,7.17827029096405
Since Memories: Off The Starry Sky,6,3.1666666666666665,69.48333333333333,7.17827029096405
Far: Lone Sails,6,3.1666666666666665,156.46666666666667,7.17827029096405
Fireball 2,6,3.1666666666666665,96.28333333333332,7.17827029096405
Blastful,6,3.1666666666666665,103.5,7.17827029096405
Lara Croft And The Temple Of Osiris,5,4.4,105.34,7.1626812207641635
Le Local Technique,5,4.4,98.36,7.1626812207641635
Red Dead Online,5,4.4,66.98,7.1626812207641635
Toy Odyssey: The Lost And Found,5,4.4,85.4,7.1626812207641635
Candy Match Kiddies,5,4.4,88.02000000000001,7.1626812207641635
Resident Evil 3,5,4.4,84.58,7.1626812207641635
The Jumping Burger Rush - Ps4 & Ps5,5,4.4,127.44000000000001,7.1626812207641635
Ys X: Nordics,5,4.4,110.54,7.1626812207641635
Evasion,5,4.4,102.88,7.1626812207641635
Yu-Gi-Oh! Legacy Of The Duelist,5,4.4,78.58,7.1626812207641635
Baldur'S Gate And Baldur'S Gate Ii: Enhanced Editions,5,4.4,148.35999999999999,7.1626812207641635
Absolver: Downfall,5,4.4,85.14,7.1626812207641635
Mercenaries Blaze: Dawn Of The Twin Dragons,5,4.4,75.06,7.1626812207641635
Ball Tour,5,4.4,111.66000000000001,7.1626812207641635
Coffee Talk,5,4.4,133.64000000000001,7.1626812207641635
Angels Of Death,5,4.4,88.28,7.1626812207641635
Alone In The Dark: The New Nightmare (2001),5,4.4,95.34,7.1626812207641635
Pipp Vs Flupp,5,4.4,77.97999999999999,7.1626812207641635
Ratchet & Clank: Rift Apart,5,4.4,105.01999999999998,7.1626812207641635
Militant,5,4.4,97.96000000000001,7.1626812207641635
Try To Fit,5,4.4,137.04,7.1626812207641635
Meteo Planet,5,4.4,120.92,7.1626812207641635
Ice Station Z (Demo),5,4.4,83.24,7.1626812207641635
Through The Nightmares,5,4.4,153.54000000000002,7.1626812207641635
Battlefield 4,5,4.4,91.55999999999999,7.1626812207641635
Tank Frenzy,5,4.4,119.1,7.1626812207641635
Firefighters: Plant Fire Department,5,4.4,87.44,7.1626812207641635
First Time In Paris - Collector'S Edition,5,4.4,69.5,7.1626812207641635
Ved Ps4 & Ps5,5,4.4,99.97999999999999,7.1626812207641635
Pixicharm - Betty'S Brawl,5,4.4,107.75999999999999,7.1626812207641635
Sine Mora Ex,5,4.4,88.62,7.1626812207641635
Borderlands 2 Vr,5,4.4,85.44,7.1626812207641635
Catch The Bowling Balls - Breakthrough Gaming Arcade,5,4.4,139.06,7.1626812207641635
R-Type Final 2,5,4.4,107.44000000000001,7.1626812207641635
Chained Echoes,5,4.4,118.46000000000001,7.1626812207641635
White Day 2: The Flower That Tells Lies - Complete Edition,5,4.4,79.88,7.1626812207641635
Aeternoblade Demo,5,4.4,51.08,7.1626812207641635
Welcome To The World Of Zippy The Circle (Visual Novel),5,4.4,117.64000000000001,7.1626812207641635
The Castle Game,5,4.4,90.16,7.1626812207641635
The Casino Collection,5,4.4,93.66,7.1626812207641635
Dungeons 4,5,4.4,96.1,7.1626812207641635
Moss: Livre Ii,5,4.4,106.05999999999999,7.1626812207641635
Globs & Ghosts,5,4.4,89.03999999999999,7.1626812207641635
Mugsters,5,4.4,81.1,7.1626812207641635
Ghost Shooter,5,4.4,114.47999999999999,7.1626812207641635
Get To The Top 2 - Breakthrough Gaming Arcade,5,4.4,111.74000000000001,7.1626812207641635
Sakura Bunny Girls Ps4 & Ps5,5,4.4,108.08,7.1626812207641635
The Takeover,5,4.4,129.07999999999998,7.1626812207641635
Arctic Awakening,5,4.4,95.56,7.1626812207641635
Thief Puzzle,5,4.4,110.72,7.1626812207641635
Dropship Commander Ps5,5,4.4,115.67999999999999,7.1626812207641635
Still Joking: Visual Novel,5,4.4,85.9,7.1626812207641635
Sakura Wars,5,4.4,110.6,7.1626812207641635
Cooking Simulator Vr,5,4.4,133.0,7.1626812207641635
Unrailed!,5,4.4,89.17999999999999,7.1626812207641635
Arcade Archives Gunnail,5,4.4,54.94,7.1626812207641635
Blindfold A Vérité Vr Experience,5,4.4,121.02000000000001,7.1626812207641635
Ascendshaft,5,4.4,100.5,7.1626812207641635
Blob Quest,5,4.4,116.44000000000001,7.1626812207641635
Neon Apex: Beyond The Limit - Ps5,5,4.4,74.4,7.1626812207641635
Korg Gadget For Playstation,5,4.4,78.32000000000001,7.1626812207641635
Save Koch,5,4.4,107.4,7.1626812207641635
Yakuza Kiwami 2,5,4.4,88.58,7.1626812207641635
L. A. Noire,5,4.4,152.3,7.1626812207641635
- Siblings Role-Play - 姉恋ごっこ,5,4.4,112.5,7.1626812207641635
1001 Spikes,5,4.4,101.68,7.1626812207641635
The Mage'S Tale,6,3.0,101.93333333333334,7.092434928009319
Rtk13: Fame And Strategy Expansion Pack Bundle,6,3.0,71.3,7.092434928009319
Missing Parts,6,3.0,50.43333333333334,7.092434928009319
Star Wars: Tales From The Galaxy'S Edge - Enhanced Edition,6,3.0,91.95,7.092434928009319
Remothered: Tormented Fathers,6,3.0,90.3,7.092434928009319
Dead Or School,6,3.0,84.33333333333333,7.092434928009319
Arcade Archives Vs. Super Xevious Mystery Of Gump,6,3.0,107.86666666666666,7.092434928009319
Röki,6,3.0,122.11666666666667,7.092434928009319
Treasure Island,6,3.0,81.53333333333333,7.092434928009319
The End Is Nigh,5,4.2,101.24,7.0799983493452245
Arcade Archives Land Sea Air Squad,5,4.2,122.84,7.0799983493452245
Holy Invasion Of Privacy,5,4.2,92.8,7.0799983493452245
Tandem: A Tale Of Shadows,5,4.2,106.52000000000001,7.0799983493452245
Basureroes: Invasion,5,4.2,75.82000000000001,7.0799983493452245
Ringo'S Roundup,5,4.2,129.44,7.0799983493452245
The Perfect Sniper (Vr),5,4.2,102.92,7.0799983493452245
Heart&Slash,5,4.2,123.74000000000001,7.0799983493452245
Honor And Duty: Arcade Edition,5,4.2,86.06,7.0799983493452245
Arcade Archives Double Dragon,5,4.2,111.54,7.0799983493452245
The Occupation,5,4.2,71.44,7.0799983493452245
Sea Of Thieves,5,4.2,120.84,7.0799983493452245
Kingdom'S Dungeon Rage,5,4.2,70.67999999999999,7.0799983493452245
Disney Illusion Island Avec Mickey Et Ses Amis,5,4.2,80.66,7.0799983493452245
Get To The Top - Breakthrough Gaming Arcade,5,4.2,60.220000000000006,7.0799983493452245
Just Find It Ce,5,4.2,112.86000000000001,7.0799983493452245
Mainframe Defenders,5,4.2,156.44,7.0799983493452245
Arcade Archives Plus Alpha,5,4.2,97.67999999999999,7.0799983493452245
Toki,5,4.2,126.44000000000001,7.0799983493452245
Lumote: The Mastermote Chronicles,5,4.2,83.47999999999999,7.0799983493452245
Lumini,5,4.2,119.16,7.0799983493452245
Floor Plan,5,4.2,116.04,7.0799983493452245
Arcade Archives Road Fighter,5,4.2,131.71999999999997,7.0799983493452245
Momodora: Reverie Under The Moonlight,5,4.2,85.22,7.0799983493452245
Sf3Ra Ps4 & Ps5,5,4.2,114.98000000000002,7.0799983493452245
Goetia,5,4.2,77.2,7.0799983493452245
Stranger Things Vr,5,4.2,71.08,7.0799983493452245
Lost Judgment Ps4 & Ps5,5,4.2,138.74,7.0799983493452245
Arcade Archives Time Pilot,5,4.2,98.16,7.0799983493452245
Good Guys,5,4.2,109.97999999999999,7.0799983493452245
Immortal Redneck,5,4.2,98.97999999999999,7.0799983493452245
Shadows Of Doubt,5,4.2,121.66,7.0799983493452245
Never Alone (Kisima Ingitchuna),5,4.2,107.32000000000001,7.0799983493452245
Bloodborne: Game Of The Year Edition,5,4.2,100.64,7.0799983493452245
Neko Bento,5,4.2,135.26,7.0799983493452245
Megadimension Neptunia Vii,5,4.2,101.3,7.0799983493452245
Dragons Online Ultra,5,4.2,124.55999999999999,7.0799983493452245
Yaga,5,4.2,130.06,7.0799983493452245
Yakuza Kiwami 3 & Dark Ties Ps4 Et Ps5,5,4.2,100.86,7.0799983493452245
Sky Ride,5,4.2,105.1,7.0799983493452245
Lunch A Palooza,5,4.2,92.72,7.0799983493452245
Desert Journey: Nitro,5,4.2,76.3,7.0799983493452245
Aca Neogeo Mutation Nation,5,4.2,113.88,7.0799983493452245
Kamikaze Veggies,5,4.2,75.6,7.0799983493452245
Ice Cream Break,5,4.2,121.7,7.0799983493452245
The Last Guardian,5,4.2,138.45999999999998,7.0799983493452245
I'M Not A Human: Horror Simulator,5,4.2,101.06,7.0799983493452245
Pool,5,4.2,94.84,7.0799983493452245
Doom (1993),5,4.2,131.51999999999998,7.0799983493452245
Transport Giant,5,4.2,72.78,7.0799983493452245
Shadow Of The Tomb Raider,5,4.2,126.08,7.0799983493452245
Road Turbo,5,4.2,107.54,7.0799983493452245
Senko No Ronde 2,5,4.2,78.17999999999999,7.0799983493452245
Toukiden: The Age Of Demons,5,4.2,106.88,7.0799983493452245
Degroid,5,4.2,141.04000000000002,7.0799983493452245
The Dark Prophecy Ps4 & Ps5,5,4.2,54.42,7.0799983493452245
Among Ashes,5,4.2,123.18000000000002,7.0799983493452245
Bionic Commando Rearmed,5,4.2,82.16,7.0799983493452245
Metal Gear Solid Special Missions,5,4.2,145.06,7.0799983493452245
Shisen-Sho Nikakudori,5,4.2,123.0,7.0799983493452245
Arcade Archives Empire City:1931,5,4.2,55.64,7.0799983493452245
Ghostbusters: Rise Of The Ghost Lord,5,4.2,93.03999999999999,7.0799983493452245
Actual Sunlight,5,4.2,98.56,7.0799983493452245
So Many Me,5,4.2,87.32000000000001,7.0799983493452245
Darksiders,6,2.8333333333333335,73.06666666666666,7.0065995650545885
Alone In The Dark,6,2.8333333333333335,122.81666666666668,7.0065995650545885
Blue Fire,6,2.8333333333333335,125.2,7.0065995650545885
Slyde,6,2.8333333333333335,104.36666666666667,7.0065995650545885
Mercenaries Rebirth: Call Of The Wild Lynx,6,2.8333333333333335,57.20000000000001,7.0065995650545885
Think Of The Children,6,2.8333333333333335,85.7,7.0065995650545885
Pretty Bird 6,6,2.8333333333333335,131.35,7.0065995650545885
Sonic Mania,6,2.8333333333333335,109.60000000000001,7.0065995650545885
F.I.S.T.: Forged In Shadow Torch,5,4.0,107.44000000000001,6.997315477926284
Donut Break 2,5,4.0,113.08,6.997315477926284
The Rex T,5,4.0,110.7,6.997315477926284
Rise Of The Ronin,5,4.0,92.6,6.997315477926284
Farpoint,5,4.0,98.6,6.997315477926284
Argonauts Agency 4: Glove Of Midas,5,4.0,54.9,6.997315477926284
Wind Peaks,5,4.0,91.88000000000001,6.997315477926284
Aeon Drive,5,4.0,115.3,6.997315477926284
Down And Out,5,4.0,77.16,6.997315477926284
Research And Destroy,5,4.0,75.74000000000001,6.997315477926284
Kartrider: Drift,5,4.0,132.95999999999998,6.997315477926284
Aca Neogeo Aero Fighters 3,5,4.0,126.84,6.997315477926284
Chasseurs De Trolls Protecteurs D'Arcadia,5,4.0,109.75999999999999,6.997315477926284
Flipping Death,5,4.0,119.14000000000001,6.997315477926284
Outbreak: The Nightmare Chronicles,5,4.0,74.7,6.997315477926284
Battlefield V,5,4.0,150.04000000000002,6.997315477926284
Welcome To Erin'S Story In The World Of Our Church And Halloween (Visual Novel),5,4.0,46.339999999999996,6.997315477926284
Rodent Warriors,5,4.0,77.22,6.997315477926284
Big Adventure: Trip To Europe 5 Collector'S Edition,5,4.0,95.84,6.997315477926284
Tetrobot & Co.,5,4.0,164.4,6.997315477926284
Shadow Of The Beast,5,4.0,96.66,6.997315477926284
Finding America: The Great Lakes Ce,5,4.0,88.58,6.997315477926284
Tenshokyo: Tokyo Drift,5,4.0,83.4,6.997315477926284
Code51: Mecha Arena,5,4.0,106.81999999999998,6.997315477926284
Watch_Dogs,5,4.0,104.97999999999999,6.997315477926284
Slayaway Camp: Butcher'S Cut Original Soundtrack,5,4.0,108.14000000000001,6.997315477926284
Demeo,5,4.0,127.47999999999999,6.997315477926284
Alpine Zone,5,4.0,62.8,6.997315477926284
Gnomes Garden 2,5,4.0,103.52000000000001,6.997315477926284
Travis Strikes Again: No More Heroes Complete Edition,5,4.0,132.82,6.997315477926284
Star Hammer: The Vanguard Prophecy,5,4.0,57.64,6.997315477926284
Agatha Christie - Le Crime De L'Orient-Express,5,4.0,107.67999999999999,6.997315477926284
Battle Princess Madelyn,5,4.0,98.32000000000001,6.997315477926284
Immortal Realms: Vampire Wars,5,4.0,150.54000000000002,6.997315477926284
Arcade Archives Ikki,5,4.0,77.22,6.997315477926284
Demagnete Vr,5,4.0,117.02000000000001,6.997315477926284
Aery - The Lost Hero,5,4.0,115.42,6.997315477926284
Faeria,5,4.0,133.06,6.997315477926284
Unwording,5,4.0,106.03999999999999,6.997315477926284
Rolling Bob,5,4.0,86.97999999999999,6.997315477926284
Samurai Warriors: State Of War [Psp],5,4.0,91.78,6.997315477926284
Lego Marvel Super Heroes 2,5,4.0,85.62,6.997315477926284
Armored Core Project Phantasma,5,4.0,95.5,6.997315477926284
Ghostbusters: Spirits Unleashed Ecto Edition,5,4.0,111.47999999999999,6.997315477926284
Shin Chan: Me And The Professor On Summer Vacation -The Endless Seven-Day Journey-,5,4.0,84.24,6.997315477926284
The Park,5,4.0,50.84,6.997315477926284
Ride 2,5,4.0,120.47999999999999,6.997315477926284
Turrican Anthology Vol. Ii,5,4.0,106.9,6.997315477926284
Butterfly 2,5,4.0,105.66,6.997315477926284
Ruée De Balle 2,5,4.0,143.18,6.997315477926284
Speed Limit,5,4.0,103.6,6.997315477926284
Heaven Jump,5,4.0,73.86,6.997315477926284
Rise Of The Triad: Ludicrous Edition,5,4.0,127.94000000000001,6.997315477926284
Screencheat,5,4.0,117.7,6.997315477926284
Foxy'S Coin Hunt,5,4.0,84.82000000000001,6.997315477926284
- A Passive Boy At The Huntress Clinic - 草食系男子の言いなり入院生活,5,4.0,123.38000000000002,6.997315477926284
Far Cry3 Classic Edition,5,4.0,80.7,6.997315477926284
Stunt Scooter Simulator,5,4.0,71.64,6.997315477926284
Dirt Journey: Nitro,5,4.0,85.0,6.997315477926284
Word Warp,5,4.0,103.08,6.997315477926284
New Lands 3: Paradise Island,5,4.0,113.4,6.997315477926284
Hatland - Pixel Impossible Game Over,5,4.0,115.1,6.997315477926284
The Wonderful 101: Remastered Wonder-Size Cadet Demo,5,4.0,81.28,6.997315477926284
Car Parking & Car Driving Simulator 2024,6,2.6666666666666665,102.96666666666665,6.920764202099857
The Jumping Salad,6,2.6666666666666665,121.7,6.920764202099857
Qubyte Classics - The Immortal By Piko,6,2.6666666666666665,95.68333333333334,6.920764202099857
Werewolf: The Apocalypse — Heart Of The Forest,6,2.6666666666666665,97.94999999999999,6.920764202099857
Aca Neogeo Ghost Pilots,6,2.6666666666666665,71.35000000000001,6.920764202099857
Nine Parchments,6,2.6666666666666665,121.33333333333333,6.920764202099857
Linn: Path Of Orchards,6,2.6666666666666665,84.05,6.920764202099857
Metal Gear Solid 2: Sons Of Liberty - Master Collection Version Ps4 & Ps5,6,2.6666666666666665,49.833333333333336,6.920764202099857
A Burger In Space - Ps4 & Ps5,5,3.8,116.38,6.914632606507345
Winds & Leaves,5,3.8,116.42,6.914632606507345
Pro Wrestler Story,5,3.8,112.2,6.914632606507345
Josh Journey: Darkness Totems,5,3.8,92.52000000000001,6.914632606507345
Arcrunner,5,3.8,94.44,6.914632606507345
My Brother Rabbit,5,3.8,102.76000000000002,6.914632606507345
Juju,5,3.8,81.92,6.914632606507345
Apotheon,5,3.8,85.53999999999999,6.914632606507345
Arcade Archives Cosmo Gang The Video,5,3.8,68.47999999999999,6.914632606507345
Trinitys,5,3.8,112.14000000000001,6.914632606507345
Heroine Anthem Zero 2 : Scalescars Oath,5,3.8,115.16,6.914632606507345
Shift Quantum,5,3.8,48.17999999999999,6.914632606507345
Skate City,5,3.8,102.2,6.914632606507345
Hardcore Mecha,5,3.8,108.5,6.914632606507345
Rooftop Rascal: The Alley Cat,5,3.8,81.67999999999999,6.914632606507345
Phantom Breaker: Battle Grounds Ultimate,5,3.8,80.8,6.914632606507345
Pinball - Breakthrough Gaming Arcade,5,3.8,76.16,6.914632606507345
Curse Rounds,5,3.8,84.1,6.914632606507345
Dodge These Asteroids,5,3.8,113.74000000000001,6.914632606507345
Blasphemous 2,5,3.8,56.98,6.914632606507345
Chimpanzini Bananini,5,3.8,163.52,6.914632606507345
Don'T Starve Together: Console Edition,5,3.8,130.74,6.914632606507345
Risen 3: Titan Lords - Enhanced Edition,5,3.8,129.14000000000001,6.914632606507345
Around The World: Travel To Canada Collector'S Edition,5,3.8,130.72,6.914632606507345
Forgiveness Rpg: The First Chapter (Part One),5,3.8,111.8,6.914632606507345
Scavenger Hunt: Italy,5,3.8,103.02000000000001,6.914632606507345
Ctrl,5,3.8,133.42000000000002,6.914632606507345
Cube Railway,5,3.8,87.2,6.914632606507345
Zero Escape: The Nonary Games,5,3.8,78.98,6.914632606507345
Naruto Shippuden: Ultimate Ninja Storm 3,5,3.8,102.00000000000001,6.914632606507345
Citadel: Forged With Fire,5,3.8,36.440000000000005,6.914632606507345
Seum: Speedrunners From Hell,5,3.8,71.82,6.914632606507345
D Missile,5,3.8,143.84,6.914632606507345
Red Faction Armageddon,5,3.8,104.3,6.914632606507345
Supermarket Ceo Simulator Vr,5,3.8,102.66000000000001,6.914632606507345
Manifest 99,5,3.8,156.76,6.914632606507345
Superhot Vr,5,3.8,81.74,6.914632606507345
Vessels Of Decay,5,3.8,114.44000000000001,6.914632606507345
Hypnospace Outlaw,5,3.8,65.1,6.914632606507345
Chants Of Sennaar,5,3.8,101.4,6.914632606507345
Rescue Hq - The Tycoon,5,3.8,104.25999999999999,6.914632606507345
Batman: Arkham City,5,3.8,54.7,6.914632606507345
Anomaly Agent,5,3.8,116.72,6.914632606507345
Valley,5,3.8,159.6,6.914632606507345
Masters Of Anima,5,3.8,105.66,6.914632606507345
Transistor,5,3.8,153.84,6.914632606507345
Gone Home,5,3.8,134.54000000000002,6.914632606507345
Monster Menu: The Scavenger'S Cookbook Demo,5,3.8,110.52000000000001,6.914632606507345
The Adventure Pals,5,3.8,112.05999999999999,6.914632606507345
Ma Vie À La Ferme,5,3.8,58.339999999999996,6.914632606507345
Final Fantasy Type-0 Hd,5,3.8,119.9,6.914632606507345
The Bradwell Conspiracy,5,3.8,99.28,6.914632606507345
Find The Bug,5,3.8,115.6,6.914632606507345
Arcade Archives Senkyu,5,3.8,99.0,6.914632606507345
Cloudberry Kingdom,5,3.8,80.34,6.914632606507345
Roi Du Boomerang,5,3.8,134.35999999999999,6.914632606507345
Nobunaga'S Ambition: Sphere Of Influence,5,3.8,152.3,6.914632606507345
Yaiba: Ninja Gaiden Z,5,3.8,109.02000000000001,6.914632606507345
Jump Land Glow Challenge,5,3.8,66.92,6.914632606507345
Mages Of Mystralia,5,3.8,145.84,6.914632606507345
Laser Fortress,5,3.8,78.14,6.914632606507345
Undead Knights,5,3.8,108.16,6.914632606507345
Mega Man Legacy Collection 2,5,3.8,98.64,6.914632606507345
Babol The Walking Box,5,3.8,76.78,6.914632606507345
Song Of The Deep,5,3.8,122.44000000000001,6.914632606507345
Arcade Archives Super World Court,6,2.5,82.21666666666665,6.834928839145126
Damascus Gear: Operation Osaka,6,2.5,82.53333333333333,6.834928839145126
Quête Du Zodiaque,5,3.6,126.0,6.831949735088405
Démo D'Outriders,5,3.6,97.48,6.831949735088405
Lsd Battlefield Simulator,5,3.6,68.26,6.831949735088405
Arcade Archives P-47,5,3.6,143.56,6.831949735088405
Astérix & Obélix Xxl3: Le Menhir De Cristal - Démo,5,3.6,78.72,6.831949735088405
The Incredible Adventures Of Van Helsing: Extended Edition,5,3.6,90.02000000000001,6.831949735088405
Asteroids: Recharged,5,3.6,97.67999999999999,6.831949735088405
Legend Of Arcadieu Bundle Ps4 & Ps5,5,3.6,109.08,6.831949735088405
La Chance Du Locataire,5,3.6,77.2,6.831949735088405
Atelier Escha & Logy: Alchemists Of The Dusk Sky Dx,5,3.6,127.86000000000001,6.831949735088405
Bibi & Tina À La Ferme Équestre,5,3.6,127.02000000000001,6.831949735088405
Logiart Grimoire,5,3.6,67.97999999999999,6.831949735088405
Locoroco Midnight Carnival Édition Ultime,5,3.6,77.32000000000001,6.831949735088405
The Beastmaster Princess Ps4 & Ps5,5,3.6,114.84,6.831949735088405
Become The Wild,5,3.6,111.42,6.831949735088405
Made In Abyss: Binary Star Falling Into Darkness,5,3.6,119.23999999999998,6.831949735088405
Node: L'Ultime Grâce Des Antarii,5,3.6,67.56,6.831949735088405
Ground Zero: Texas - Nuclear Edition,5,3.6,132.52,6.831949735088405
Lost Ember,5,3.6,129.66,6.831949735088405
Splash Blast Panic,5,3.6,105.46,6.831949735088405
Tomb Raider I-Iii Remastered Starring Lara Croft,5,3.6,146.56,6.831949735088405
Dragon Age: Inquisition,5,3.6,92.98,6.831949735088405
Sagebrush,5,3.6,63.239999999999995,6.831949735088405
Classic Solitaire,5,3.6,100.47999999999999,6.831949735088405
Fe,5,3.6,75.88,6.831949735088405
Super Prehistoric World Adventures,5,3.6,95.2,6.831949735088405
Ping Pong Peg,5,3.6,101.72,6.831949735088405
Cyber Tank Nano,5,3.6,137.85999999999999,6.831949735088405
Scar-Lead Salvation,5,3.6,82.88000000000001,6.831949735088405
New Lands 1,5,3.6,113.96,6.831949735088405
Les Chevaliers De Baphomet -La Malédiction Du Serpent Épisode1,5,3.6,135.8,6.831949735088405
Do Not Fall,5,3.6,99.18,6.831949735088405
Rally Racing Drift 2024,5,3.6,63.879999999999995,6.831949735088405
Baseball (3 Player Cooperation Edition) (Challenge Mode) - Breakthrough Gaming Arcade,5,3.6,100.56,6.831949735088405
Rise Of The Tomb Raider : 20E Anniversaire,5,3.6,137.16,6.831949735088405
Rugby 18,5,3.6,87.14,6.831949735088405
Cook For Love,5,3.6,87.7,6.831949735088405
Fantasy Friends: Dream Worlds,5,3.6,75.17999999999999,6.831949735088405
Helicity Demolition Man,5,3.6,109.35999999999999,6.831949735088405
Arcade Archives Football Champ,5,3.6,109.46,6.831949735088405
Dark Nights With Poe And Munro,5,3.6,109.42,6.831949735088405
Arcade Archives Gee Bee,5,3.6,114.0,6.831949735088405
9Th Dawn Iii,5,3.6,93.44,6.831949735088405
Prismatic Solid,5,3.6,117.9,6.831949735088405
Like A Dragon Gaiden: The Man Who Erased His Name Ps4 & Ps5,5,3.6,71.88,6.831949735088405
Broken Pipe,5,3.6,104.04,6.831949735088405
Professional Construction - The Simulation,5,3.6,118.7,6.831949735088405
Jack Move,5,3.6,28.779999999999994,6.831949735088405
Elliot (Story One) - My First Date Rpg,5,3.6,91.9,6.831949735088405
Ironclad Tactics,5,3.6,77.62,6.831949735088405
Maze: Path Of Light,5,3.6,135.84,6.831949735088405
Captain Tsubasa: Rise Of New Champions Demo,5,3.6,107.84,6.831949735088405
Puss!,5,3.6,124.47999999999999,6.831949735088405
Doodle Hunt: Halloween Rush,5,3.6,55.919999999999995,6.831949735088405
Mortal Kombat Xl,5,3.6,66.58,6.831949735088405
Them'S Fightin' Herds Ps4 & Ps5,5,3.6,110.72,6.831949735088405
Froggy Crossing,5,3.6,130.72,6.831949735088405
Stroke Le Castor,5,3.6,102.78,6.831949735088405
Super Tennis Blast,5,3.6,111.6,6.831949735088405
Gunlord X,5,3.6,85.76,6.831949735088405
Nioh,5,3.4,107.84,6.749266863669465
Northgard,5,3.4,141.84,6.749266863669465
Deathsmiles I･Ii,5,3.4,134.3,6.749266863669465
Starfall Defenders,5,3.4,142.85999999999999,6.749266863669465
Camp Life: Wilderness Survival 2025,5,3.4,120.93999999999998,6.749266863669465
Metro: Last Light Redux,5,3.4,134.28,6.749266863669465
Argonauts Agency: Golden Fleece,5,3.4,89.17999999999999,6.749266863669465
Ninja Gaiden Sigma 2,5,3.4,120.04,6.749266863669465
Ninja Gaiden 3: Razor'S Edge,5,3.4,74.47999999999999,6.749266863669465
Learn To Play Vol. 3 - Mice Love Cheese,5,3.4,108.3,6.749266863669465
Jump King,5,3.4,131.3,6.749266863669465
Trinity Trigger,5,3.4,149.28000000000003,6.749266863669465
World Of Van Helsing: Deathtrap,5,3.4,45.32,6.749266863669465
Samurai Warriors: Chronicles 3,5,3.4,123.34,6.749266863669465
Foto Boy: Flashstar Ps4 & Ps5,5,3.4,167.5,6.749266863669465
The Pig D Deluxe Edition,5,3.4,100.54,6.749266863669465
Cosmophobia,5,3.4,96.02000000000001,6.749266863669465
Pga Tour 2K23,5,3.4,76.56,6.749266863669465
Arcade Archives City Connection,5,3.4,119.88,6.749266863669465
Huntdown,5,3.4,80.06,6.749266863669465
Two Parsecs From Earth,5,3.4,92.68,6.749266863669465
Lil Gator Game Ps4 & Ps5,5,3.4,90.12,6.749266863669465
Vaporum,5,3.4,99.14,6.749266863669465
Vampire: The Masquerade - Bloodlines 2,5,3.4,130.14000000000001,6.749266863669465
Jewel Rotation,5,3.4,78.9,6.749266863669465
Truck Simulator 25 - American Driver,5,3.4,92.88,6.749266863669465
True Fear: Forsaken Souls - Part 1,5,3.4,119.92,6.749266863669465
Missile Command: Recharged,5,3.4,149.2,6.749266863669465
Debris,5,3.4,121.68000000000002,6.749266863669465
Rock Paper Scissors (Challenge Mode Edition) - Breakthrough Gaming Arcade,5,3.4,81.26,6.749266863669465
Claybook,5,3.4,99.22,6.749266863669465
Sublevel Zero Redux,5,3.4,122.16,6.749266863669465
Démo De Gameplay Du Mode Vr De Resident Evil Village,5,3.4,121.94000000000001,6.749266863669465
Override: Mech City Brawl Beta,5,3.4,155.42000000000002,6.749266863669465
Monster Hunter: World,5,3.4,149.64000000000001,6.749266863669465
Crashbots,5,3.4,103.47999999999999,6.749266863669465
Shadow Complex Remastered,5,3.4,113.96,6.749266863669465
Sol Cresta,5,3.4,130.23999999999998,6.749266863669465
Unblock Now,5,3.4,76.84,6.749266863669465
Hades,5,3.4,58.279999999999994,6.749266863669465
Rebel Cops,5,3.4,137.3,6.749266863669465
Earth Defense Force 5,5,3.4,126.2,6.749266863669465
Ebenezer Et Le Monde Invisibl,5,3.4,94.8,6.749266863669465
Strange Brigade,5,3.4,76.56,6.749266863669465
Trek To Yomi,5,3.4,113.82000000000001,6.749266863669465
Serious Sam Collection,5,3.4,96.58,6.749266863669465
Ink,5,3.4,119.72,6.749266863669465
Gods Eater Burst Ps4 & Ps5,5,3.4,105.35999999999999,6.749266863669465
Unicorn Break Head To Head,6,2.3333333333333335,107.46666666666665,6.749093476190395
Cazzarion: Raccoon Valley,7,1.7142857142857142,123.60000000000001,6.731830351426708
Cubic Figures,5,3.2,99.14,6.666583992250526
Emyliveshow: King Of Desires,5,3.2,138.14000000000001,6.666583992250526
Uncharted 3: L’Illusion De Drake Remastered,5,3.2,90.36,6.666583992250526
Battle Brothers,5,3.2,141.35999999999999,6.666583992250526
Chercheur De Reflets,5,3.2,93.14,6.666583992250526
Yurukill: The Calumniation Games,5,3.2,107.96,6.666583992250526
Zanki Zero: Last Beginning,5,3.2,141.12,6.666583992250526
Bowling (Story One) (Mark Version) - Project: Summer Ice,5,3.2,72.8,6.666583992250526
Ice Jump,5,3.2,79.86,6.666583992250526
Knockout League,5,3.2,113.3,6.666583992250526
Q.U.B.E. 2,5,3.2,103.66000000000001,6.666583992250526
Dead End Job,5,3.2,107.7,6.666583992250526
Zone Of The Enders: The 2Nd Runner Hd Edition,5,3.2,143.26,6.666583992250526
Scott Whiskers In: The Search For Mr. Fumbleclaw,5,3.2,117.62,6.666583992250526
Alwa'S Legacy,5,3.2,81.4,6.666583992250526
Dreams,5,3.2,90.3,6.666583992250526
Foregone,5,3.2,137.6,6.666583992250526
Arcade Archives Contra,5,3.2,118.9,6.666583992250526
Darkness Rollercoaster - Akimbo Edition,5,3.2,90.22,6.666583992250526
Sniper Elite 3,5,3.2,105.66,6.666583992250526
Shadow Warrior 3: Definitive Edition | Ps4 & Ps5,5,3.2,103.04,6.666583992250526
Cotton Fantasy,5,3.2,121.58,6.666583992250526
Rollcats,6,2.1666666666666665,99.13333333333333,6.663258113235663
Neighbours Back From Hell,4,5.0,96.825,6.5893739519182795
Earthlock,4,5.0,116.575,6.5893739519182795
Alpine - The Simulation Game,4,5.0,103.17500000000001,6.5893739519182795
Quantum Storm,4,5.0,100.5,6.5893739519182795
Cooking,4,5.0,108.125,6.5893739519182795
Superhypercube,5,3.0,130.34,6.5839011208315865
Dwvr,5,3.0,97.14,6.5839011208315865
Epic Dumpster Bear 1.5 Dx: Dumpster Fire Rebirth,5,3.0,132.85999999999999,6.5839011208315865
Dustoff Heli Rescue 2,5,3.0,94.06,6.5839011208315865
Frogo 3,5,3.0,77.06,6.5839011208315865
Labyrinth Run,5,3.0,119.8,6.5839011208315865
Frisky Business,5,3.0,111.28,6.5839011208315865
Cappuccino Assassino Shooter,5,3.0,78.24000000000001,6.5839011208315865
Cyber Shadow,5,3.0,66.84,6.5839011208315865
Pumpkin Jack,5,3.0,64.8,6.5839011208315865
Tyr: Chains Of Valhalla,5,3.0,140.98,6.5839011208315865
Blades Of Fire,5,3.0,144.5,6.5839011208315865
Pba Pro Bowling 2023,5,3.0,124.6,6.5839011208315865
Star Wars Episode I Racer,5,3.0,105.24000000000001,6.5839011208315865
Ghost Of Yōtei,5,3.0,91.76,6.5839011208315865
Mercenary Kings: Reloaded Edition,4,4.75,100.55,6.511511468667884
1979 Revolution: Black Friday,4,4.75,114.025,6.511511468667884
Kind Heart Defenders,4,4.75,113.45,6.511511468667884
Aca Neogeo Magician Lord,4,4.75,121.7,6.511511468667884
Kawaii Puzzle Quest 2,4,4.75,78.55,6.511511468667884
Desert Tank Chaos,4,4.75,102.25,6.511511468667884
The Last Camp,4,4.75,115.5,6.511511468667884
A Fold Apart,4,4.75,89.025,6.511511468667884
Doomcrush,4,4.75,76.125,6.511511468667884
Gris,4,4.75,131.95,6.511511468667884
Temple Of Horror,4,4.75,138.95,6.511511468667884
Codex Lost,4,4.75,127.15,6.511511468667884
We. The Revolution,4,4.75,112.6,6.511511468667884
Foot Step,4,4.75,73.7,6.511511468667884
Fairune Collection,4,4.75,99.55000000000001,6.511511468667884
Trials Of Mana,4,4.75,142.75,6.511511468667884
Age Of Zombies,4,4.75,135.425,6.511511468667884
The First Tree,4,4.75,102.225,6.511511468667884
Deadzone: Rogue,4,4.75,95.275,6.511511468667884
Molewack,4,4.75,64.47500000000001,6.511511468667884
Victor Vran,4,4.75,122.07499999999999,6.511511468667884
Eat Them!,4,4.75,60.925,6.511511468667884
Golden Axe,4,4.75,111.9,6.511511468667884
Welcome To James' Story In The World Of Our Church And Halloween (Visual Novel),4,4.75,107.925,6.511511468667884
Jigsaw Abundance,4,4.75,119.60000000000001,6.511511468667884
Sifu,4,4.75,97.3,6.511511468667884
Trickster Vr: Co-Op Dungeon Crawler,4,4.75,44.975,6.511511468667884
Trine Enchanted Edition,4,4.75,91.275,6.511511468667884
Micegard,4,4.75,75.45,6.511511468667884
Broken Universe - Tower Defense,4,4.75,150.8,6.511511468667884
Anna'S Quest,4,4.75,94.6,6.511511468667884
Jigsaw Chronicles: Most Wanted,4,4.75,81.2,6.511511468667884
N Plus Plus (N++),4,4.75,87.25,6.511511468667884
The Mummy Demastered,4,4.75,97.45,6.511511468667884
The Missing J.J. Macfield And The Island Of Memories,4,4.75,124.825,6.511511468667884
The Hd Adventures Of Rotating Octopus Character,4,4.75,96.375,6.511511468667884
Fly Light,4,4.75,137.95,6.511511468667884
Anime Assault: Hentai Girls 2025,4,4.75,113.725,6.511511468667884
Korix,4,4.75,89.9,6.511511468667884
Fusées De Poche,4,4.75,124.69999999999999,6.511511468667884
Shovel Knight Pocket Dungeon,5,2.8,101.92,6.501218249412647
Senua'S Saga: Hellblade Ii,5,2.8,141.72,6.501218249412647
R-Type Dimensions Ex,5,2.8,119.21999999999998,6.501218249412647
Br Br Patapim,5,2.8,96.36,6.501218249412647
Umihara Kawase Fresh!,5,2.8,126.88,6.501218249412647
Gotham Knights,5,2.8,73.26,6.501218249412647
Stories From Sol: The Gun-Dog,5,2.8,60.54,6.501218249412647
Arcade Archives P.O.W. -Prisoners Of War-,5,2.8,106.63999999999999,6.501218249412647
Bridge The Gap!,5,2.8,99.26,6.501218249412647
Darius Cozmic Collection Console,5,2.8,89.68,6.501218249412647
Anno 1800 - Édition Consoles - Standard,5,2.8,100.7,6.501218249412647
Mop: Operation Cleanup,5,2.8,88.52000000000001,6.501218249412647
Forestry 2017 - The Simulation,5,2.8,83.22,6.501218249412647
Plants Vs. Zombies Garden Warfare,5,2.8,107.64000000000001,6.501218249412647
Blocks Flying At Me,5,2.8,74.06,6.501218249412647
Cazzarion: Sky Flight,4,4.5,61.95,6.433648985417489
Turmoil,4,4.5,60.95,6.433648985417489
Attrap'Souris - Le Jeu De Plateau,4,4.5,52.025,6.433648985417489
Egglien Ps4 & Ps5,4,4.5,157.375,6.433648985417489
Savage Age,4,4.5,110.35,6.433648985417489
Wolfenstein: Youngblood (Version Internationale),4,4.5,102.775,6.433648985417489
Nik And Kit Arcade - Breakthrough Gaming Arcade,4,4.5,118.875,6.433648985417489
Lapin,4,4.5,147.025,6.433648985417489
Arab Drift Cars,4,4.5,100.575,6.433648985417489
Styx: Shards Of Darkness,4,4.5,97.925,6.433648985417489
Futbol Break,4,4.5,115.75,6.433648985417489
Touhou Genso Wanderer -Foresight-,4,4.5,137.4,6.433648985417489
Croc'S World 2,4,4.5,116.95,6.433648985417489
Warhammer Age Of Sigmar: Realms Of Ruin,4,4.5,130.1,6.433648985417489
Double Dragon Neon Full Game Upgrade,4,4.5,86.825,6.433648985417489
Alien Invasion,4,4.5,79.575,6.433648985417489
Les Muppets : Aventures Au Cinéma,4,4.5,159.0,6.433648985417489
War Tech Fighters,4,4.5,117.5,6.433648985417489
World To The West,4,4.5,95.325,6.433648985417489
Star Ocean First Departure R,4,4.5,109.525,6.433648985417489
Forager,4,4.5,107.15,6.433648985417489
Super Monkey Ball Banana Mania Ps4 & Ps5,4,4.5,84.3,6.433648985417489
Where The Water Tastes Like Wine,4,4.5,94.075,6.433648985417489
Bioframe Outpost,4,4.5,109.85,6.433648985417489
Mortal Shell,4,4.5,118.5,6.433648985417489
Demon Slayer -Kimetsu No Yaiba- The Hinokami Chronicles Ps4 & Ps5,4,4.5,140.3,6.433648985417489
Castlestorm Ii,4,4.5,101.42500000000001,6.433648985417489
Metal Gear Solid 3: Snake Eater - Master Collection Version Ps4 & Ps5,4,4.5,88.575,6.433648985417489
Oxide Room 208,4,4.5,159.825,6.433648985417489
Figment,4,4.5,108.975,6.433648985417489
Aca Neogeo Blue'S Journey,4,4.5,130.225,6.433648985417489
Amazing Princess Sarah,4,4.5,88.7,6.433648985417489
The Last Show Of Mr. Chardish,4,4.5,76.94999999999999,6.433648985417489
Sector Force,4,4.5,104.975,6.433648985417489
Mia'S Christmas 2,4,4.5,45.6,6.433648985417489
Aca Neogeo Sengoku 3,4,4.5,139.325,6.433648985417489
Luckslinger,4,4.5,120.95,6.433648985417489
Natsuki Chronicles,4,4.5,89.475,6.433648985417489
Lunar Remastered Collection,4,4.5,152.075,6.433648985417489
Volume,4,4.5,61.224999999999994,6.433648985417489
Ice Cream Super Stacking Slot Machine,4,4.5,80.625,6.433648985417489
Tinker Racers,4,4.5,134.875,6.433648985417489
Arcade Archives Finalizer Super Transformation,4,4.5,58.5,6.433648985417489
Townsmen Vr,4,4.5,112.82499999999999,6.433648985417489
Toejam & Earl: Back In The Groove!,4,4.5,48.800000000000004,6.433648985417489
Bit.Trip Presents... Runner2: Future Legend Of Rhythm Alien,4,4.5,137.975,6.433648985417489
Gunborg: Dark Matters,4,4.5,90.39999999999999,6.433648985417489
Overexplode,4,4.5,93.875,6.433648985417489
The Last Of Us Part Ii Remastered,4,4.5,70.675,6.433648985417489
Ziggy Zaggy,4,4.5,121.175,6.433648985417489
Star Wars Republic Commando,4,4.5,112.825,6.433648985417489
Vasara Collection,4,4.5,94.525,6.433648985417489
Dead Island Riptide Complete Edition,4,4.5,96.85000000000001,6.433648985417489
Crash Bandicoot 4: It’S About Time,4,4.5,145.175,6.433648985417489
Lovely Planet,4,4.5,116.725,6.433648985417489
Armored Core Master Of Arena,4,4.5,87.675,6.433648985417489
Sydney Hunter And The Curse Of The Mayan,4,4.5,53.175,6.433648985417489
Joe Dever’S Lone Wolf Console Edition,4,4.5,87.825,6.433648985417489
They Are Billions,4,4.5,106.42500000000001,6.433648985417489
Tiles,4,4.5,55.775,6.433648985417489
Trifox,4,4.5,138.825,6.433648985417489
Moonscars,4,4.5,120.875,6.433648985417489
Gas Station Simulator,4,4.5,110.2,6.433648985417489
Aca Neogeo King Of The Monsters 2,4,4.5,96.075,6.433648985417489
Assassin'S Creed Chronicles: China,4,4.5,109.45,6.433648985417489
Fated: The Silent Oath,4,4.5,74.975,6.433648985417489
Version D'Évaluation De Gravity Crash,4,4.5,118.9,6.433648985417489
Werewolf Pinball,4,4.5,105.9,6.433648985417489
Aquarist,4,4.5,117.175,6.433648985417489
Ayo The Clown Ps4 & Ps5,5,2.6,148.4,6.418535377993708
-Klaus-,5,2.6,116.17999999999999,6.418535377993708
Schoolboy Escape,5,2.6,126.52000000000001,6.418535377993708
Side Walls Multi Kicks,5,2.6,111.05999999999999,6.418535377993708
Crossing Souls,4,4.25,28.475,6.355786502167093
Wizard With A Gun,4,4.25,123.575,6.355786502167093
The Walking Dead: Season Two,4,4.25,68.2,6.355786502167093
Round Invaders Red,4,4.25,47.975,6.355786502167093
Wandersong,4,4.25,164.675,6.355786502167093
Doubledragon Revive,4,4.25,64.15,6.355786502167093
Dino Crisis,4,4.25,71.55000000000001,6.355786502167093
Arcade Archives Gemini Wing,4,4.25,64.525,6.355786502167093
Final Fantasy Crystal Chronicles Remastered Edition Lite,4,4.25,132.475,6.355786502167093
Harmony Chronicles: Demon Of The Void Collector’S Edition,4,4.25,134.825,6.355786502167093
Godfall Challenger Edition Ps4 & Ps5,4,4.25,112.975,6.355786502167093
Rpgolf Legends,4,4.25,136.9,6.355786502167093
Masquerada: Songs And Shadows,4,4.25,118.575,6.355786502167093
Wraith: The Oblivion - Afterlife,4,4.25,40.125,6.355786502167093
Beat Cop,4,4.25,123.55,6.355786502167093
Kemono Heroes,4,4.25,78.575,6.355786502167093
Exit The Lot,4,4.25,126.55,6.355786502167093
Divine Dynamo Flamefrit,4,4.25,153.375,6.355786502167093
Spot The Difference Christmas,4,4.25,136.05,6.355786502167093
Galaxy Kingdoms,4,4.25,51.1,6.355786502167093
In-Vert,4,4.25,50.925,6.355786502167093
Robot Anarchy,4,4.25,134.875,6.355786502167093
Arcade Archives Sky Kid Dx,4,4.25,104.275,6.355786502167093
The Inner World - The Last Wind Monk,4,4.25,114.85000000000001,6.355786502167093
Forgive Me Father,4,4.25,85.85000000000001,6.355786502167093
Medievil Resurrection,4,4.25,104.025,6.355786502167093
Bloodborne,4,4.25,141.075,6.355786502167093
Ikenfell,4,4.25,88.325,6.355786502167093
Magnetic Action,4,4.25,96.0,6.355786502167093
The Jumping Coffee,4,4.25,124.25,6.355786502167093
Auto World Tycoon,4,4.25,92.675,6.355786502167093
Void Crew,4,4.25,107.125,6.355786502167093
Bust A Block - Ps4 & Ps5,4,4.25,109.175,6.355786502167093
Natsume Ryoran -Romance Of Hi-Spec Yoko-,4,4.25,128.775,6.355786502167093
Puzzle Vacations: Greece And Turkey Collector'S Edition,4,4.25,123.525,6.355786502167093
My Memory Of Us,4,4.25,102.675,6.355786502167093
The Marauder Chronicles: Curse Over Valdria Ps4 & Ps5,4,4.25,32.525,6.355786502167093
Soccer - Breakthrough Gaming Arcade,4,4.25,82.175,6.355786502167093
Bookbound Brigade,4,4.25,110.05,6.355786502167093
The Fall,4,4.25,108.4,6.355786502167093
Fairy Tail,4,4.25,124.97500000000001,6.355786502167093
My Hero One'S Justice 2 Demo,4,4.25,115.44999999999999,6.355786502167093
Phantom Trigger,4,4.25,74.0,6.355786502167093
Atari Flashback Classics Vol. 1,4,4.25,86.825,6.355786502167093
Unsighted,4,4.25,77.775,6.355786502167093
Stardust Vanguards,4,4.25,89.52499999999999,6.355786502167093
Rememoried,4,4.25,115.72500000000001,6.355786502167093
Uboat Attack,4,4.25,114.925,6.355786502167093
Labyrinth Of Refrain: Coven Of Dusk,4,4.25,60.825,6.355786502167093
Empires Shall Fall,4,4.25,135.3,6.355786502167093
Steamroll: Rustless Edition,4,4.25,109.45,6.355786502167093
Scarlet Nexus Demo Edition,4,4.25,90.825,6.355786502167093
8-Bit Adventure Anthology: Volume I,4,4.25,65.625,6.355786502167093
Nekopara Vol.1,4,4.25,88.525,6.355786502167093
Déraciné,4,4.25,101.8,6.355786502167093
Dead Or Alive 6,4,4.25,177.8,6.355786502167093
.Hack//G.U. Last Recode,4,4.25,136.625,6.355786502167093
Kingdom: New Lands,4,4.25,60.625,6.355786502167093
Démo La Terre Du Milieu: L'Ombre De La Guerre,4,4.25,128.0,6.355786502167093
Strategic Mind: Fight For Freedom,5,2.4,121.96,6.335852506574767
Watch Dogs2,5,2.4,85.85999999999999,6.335852506574767
Aer - Memories Of Old,5,2.4,84.28,6.335852506574767
Pacer,5,2.4,62.56,6.335852506574767
Torn Away,4,4.0,158.65,6.277924018916697
Cube Life: Island Survival,4,4.0,70.4,6.277924018916697
Atelier Sophie 2: The Alchemist Of The Mysterious Dream,4,4.0,78.30000000000001,6.277924018916697
Darkness Rollercoaster - Temple Of Speed,4,4.0,77.45,6.277924018916697
Sable'S Grimoire: Man And Elf Ps4 & Ps5,4,4.0,108.02499999999999,6.277924018916697
- Needy Girlfriends - メンヘラアンサンブル,4,4.0,70.375,6.277924018916697
Starship Troopers: Continuum,4,4.0,147.8,6.277924018916697
Nekopara Vol.2,4,4.0,89.15,6.277924018916697
Heretic + Hexen,4,4.0,98.025,6.277924018916697
La Voiture Volante,4,4.0,108.125,6.277924018916697
Yupitergrad,4,4.0,93.95,6.277924018916697
Puzzle Bobble2X/Bust-A-Move2 Arcade Edition & Puzzle Bobble3/Bust-A-Move3 S-Tribute,4,4.0,79.525,6.277924018916697
Detective Gallo,4,4.0,81.725,6.277924018916697
Dreamland Farm,4,4.0,124.8,6.277924018916697
Qubyte Classics - Jim Power: The Lost Dimension Collection By Piko,4,4.0,119.6,6.277924018916697
"Zippy The Circle Challenge (Level 8C, Level 9C, And Level 10C)",4,4.0,74.5,6.277924018916697
おいでませ、こくりさん - Welcome Kokuri-San -,4,4.0,107.175,6.277924018916697
The Sexy Brutale,4,4.0,121.9,6.277924018916697
River City Girls 2,4,4.0,70.2,6.277924018916697
Dynasty Warriors 8 Empires,4,4.0,85.725,6.277924018916697
Streets Of Rogue,4,4.0,135.75,6.277924018916697
Uncharted: Legacy Of Thieves Collection,4,4.0,80.225,6.277924018916697
My Horse Stories,4,4.0,60.3,6.277924018916697
Projection: First Light,4,4.0,95.075,6.277924018916697
Medievil 2,4,4.0,147.8,6.277924018916697
Runbow,4,4.0,91.725,6.277924018916697
Destruction De Super-Héros,4,4.0,45.3,6.277924018916697
Vernal Edge,4,4.0,128.5,6.277924018916697
Construction Simulator 3 - Console Edition,4,4.0,125.4,6.277924018916697
Wulverblade,4,4.0,110.725,6.277924018916697
The Dog K,4,4.0,92.9,6.277924018916697
Chained Survive Together,4,4.0,149.1,6.277924018916697
Arcade Archives Don Doko Don,4,4.0,91.57499999999999,6.277924018916697
Bladestorm: The Hundred Years' War,4,4.0,127.8,6.277924018916697
Gnog,4,4.0,107.69999999999999,6.277924018916697
Life Is Strange Complete Season,4,4.0,134.575,6.277924018916697
Arcade Game Series: Pac-Man,4,4.0,108.075,6.277924018916697
Blaster Master Zero 3,4,4.0,141.425,6.277924018916697
Tralalero Tralala Wars,4,4.0,124.6,6.277924018916697
Arcade Archives Super Dimension Fortress Macross Ii,4,4.0,116.925,6.277924018916697
Tom Clancy’S Ghost Recon Wildlands - Standard Edition,4,4.0,97.67500000000001,6.277924018916697
Time Lock Vr 2,4,4.0,107.5,6.277924018916697
Skulgirls Encore Trial,4,4.0,59.775000000000006,6.277924018916697
Arca'S Path Vr,4,4.0,72.0,6.277924018916697
Paradise Lost,4,4.0,102.625,6.277924018916697
Hyperdimension Neptunia U: Action Unleashed,4,4.0,132.75,6.277924018916697
Bowling (Story One) (Jane Version) - Project: Summer Ice,4,4.0,143.575,6.277924018916697
Redout: Lightspeed Edition,4,4.0,80.675,6.277924018916697
Skyhill,4,4.0,65.075,6.277924018916697
Enter The Gungeon,4,4.0,140.625,6.277924018916697
Deathtrap Dungeon: The Interactive Video Adventure,4,4.0,129.725,6.277924018916697
Sacralith: The Archer`S Tale,4,4.0,113.35000000000001,6.277924018916697
Indivisible,4,4.0,77.975,6.277924018916697
For The King,4,4.0,72.025,6.277924018916697
Arcade Archives Space Cruiser,4,4.0,83.64999999999999,6.277924018916697
Upin & Ipin Universe Ps4 & Ps5,4,4.0,106.1,6.277924018916697
Vampire: The Masquerade - Coteries Of New York,4,4.0,70.225,6.277924018916697
Arcade Archives Air Combat 22,5,2.2,118.05999999999999,6.253169635155828
Mountain Crime: Requital,5,2.2,102.24000000000001,6.253169635155828
Curious Expedition 2,5,2.2,88.4,6.253169635155828
Checkers,5,2.2,68.6,6.253169635155828
Arcade Archives Traverse Usa,4,3.75,145.675,6.200061535666301
The Holy Gosh Darn Ps5,4,3.75,108.125,6.200061535666301
The Crew 2 - Édition Standard,4,3.75,138.2,6.200061535666301
Styx: Shards Of Darkness - Demo,4,3.75,56.724999999999994,6.200061535666301
Lords Of The Fallen (2014),4,3.75,130.75,6.200061535666301
Lock'S Quest,4,3.75,107.575,6.200061535666301
Space Surveyor,4,3.75,120.875,6.200061535666301
Tower Of Time,4,3.75,95.45,6.200061535666301
Unravel Two,4,3.75,118.675,6.200061535666301
Dodgecraft,4,3.75,148.375,6.200061535666301
Zippy The Circle Challenge (Level 1C And Level 2C),4,3.75,129.25,6.200061535666301
Fist Of The North Star: Lost Paradise,4,3.75,80.225,6.200061535666301
The Procession To Calvary,4,3.75,92.125,6.200061535666301
Pinball (Challenge Mode Edition) - Breakthrough Gaming Arcade,4,3.75,109.32499999999999,6.200061535666301
Arcade Archives Cosmo Police Galivan,4,3.75,43.8,6.200061535666301
Overload,4,3.75,100.9,6.200061535666301
Ex-802,4,3.75,66.575,6.200061535666301
Date A Live: Rio Reincarnation,4,3.75,50.650000000000006,6.200061535666301
Cannabis Shop Simulator,4,3.75,27.3,6.200061535666301
Dragonfangz - The Rose & Dungeon Of Time,4,3.75,91.45,6.200061535666301
Crimebound Chronicles,4,3.75,28.325000000000003,6.200061535666301
Akai Katana Shin,4,3.75,86.5,6.200061535666301
Final Fantasy Xii The Zodiac Age,4,3.75,76.325,6.200061535666301
Nanoapostle,4,3.75,127.2,6.200061535666301
Mini-Mech Mayhem,4,3.75,114.775,6.200061535666301
Fall Of Light: Darkest Edition,4,3.75,91.125,6.200061535666301
Firewall Zero Hour,4,3.75,61.875,6.200061535666301
Paddle Vs. Paddle,4,3.75,90.725,6.200061535666301
Arcade Game Series: Ms. Pac-Man,4,3.75,133.475,6.200061535666301
Trüberbrook,4,3.75,61.65,6.200061535666301
Magnitude: Gamma,4,3.75,128.575,6.200061535666301
One Piece: Unlimited World Red - Deluxe Edition,4,3.75,93.75,6.200061535666301
Deep Sky Derelicts: Definitive Edition,4,3.75,81.25,6.200061535666301
Arcade Archives Galaxian,4,3.75,29.174999999999997,6.200061535666301
Basketball - Breakthrough Gaming Arcade,4,3.75,80.2,6.200061535666301
Table Top Tanks,4,3.75,78.52499999999999,6.200061535666301
Arcade Archives The Genji And The Heike Clans,4,3.75,103.925,6.200061535666301
Blood Omen 2: Legacy Of Kain,4,3.75,105.44999999999999,6.200061535666301
Super Monkey Ball: Banana Blitz Hd,4,3.75,89.225,6.200061535666301
Pack Vr Espire 1: Vr Operative Et Killing Floor: Incursion,4,3.75,111.85,6.200061535666301
Spot The Difference Sports,4,3.75,58.325,6.200061535666301
Sacred Citadel Trial,4,3.75,72.375,6.200061535666301
The Inner Friend,4,3.75,97.025,6.200061535666301
Let'S Sing 2021 Hits Français Et Internationaux,4,3.75,56.5,6.200061535666301
The Virtual Orchestra (Preview),4,3.75,78.3,6.200061535666301
Lego City Undercover,4,3.75,69.1,6.200061535666301
Jacob Jones And The Bigfoot Mystery,4,3.75,124.57499999999999,6.200061535666301
Sam & Max: This Time It'S Virtual!,4,3.75,141.85,6.200061535666301
Mare,4,3.75,66.25,6.200061535666301
Turrican Anthology Vol. I,4,3.75,80.275,6.200061535666301
0Xdeadrun,4,3.75,102.775,6.200061535666301
Pixel Ripped 1989,4,3.75,88.15,6.200061535666301
Sakuna: Of Rice And Ruin,5,2.0,82.9,6.170486763736888
Marvel'S Guardians Of The Galaxy Pour Ps4 Et Ps5,4,3.5,172.625,6.1221990524159065
Softball (4 Player Cooperation Edition) - Breakthrough Gaming Arcade,4,3.5,99.975,6.1221990524159065
Mars Survivor,4,3.5,163.85,6.1221990524159065
Arcade Archives Navarone,4,3.5,96.5,6.1221990524159065
Jett : Le Rivage Lointain + Grâce Au Temps,4,3.5,99.3,6.1221990524159065
Shovel Knight: Specter Of Torment,4,3.5,70.6,6.1221990524159065
Salary Man Escape,4,3.5,71.525,6.1221990524159065
Digimon Story: Cyber Sleuth - Hacker'S Memory,4,3.5,77.575,6.1221990524159065
Crossing Chaos - Crazy Highway Traffic,4,3.5,130.65,6.1221990524159065
Formula 2025: Grand Prix Heroes,4,3.5,72.275,6.1221990524159065
Teratopia,4,3.5,69.44999999999999,6.1221990524159065
From Two Sides,4,3.5,106.425,6.1221990524159065
Disney•Pixar Up,4,3.5,89.05000000000001,6.1221990524159065
The Elephant E,4,3.5,65.775,6.1221990524159065
Basketball (Challenge Mode Edition) - Breakthrough Gaming Arcade,4,3.5,76.25,6.1221990524159065
Arcade Archives Elevator Action,4,3.5,139.025,6.1221990524159065
Jazzpunk: Director'S Cut,4,3.5,73.2,6.1221990524159065
Jak Ii : Hors La Loi,4,3.5,101.8,6.1221990524159065
Spirit Hunters: Infinite Horde,4,3.5,110.55,6.1221990524159065
Warborn,4,3.5,123.225,6.1221990524159065
The Quarry Pour Ps4,4,3.5,130.425,6.1221990524159065
Battlefield 1,4,3.5,110.1,6.1221990524159065
Arcade Archives Renegade,4,3.5,112.45,6.1221990524159065
The Sojourn,4,3.5,74.25,6.1221990524159065
Snow Bros. Wonderland,4,3.5,99.07499999999999,6.1221990524159065
Joe'S Diner,4,3.5,85.17500000000001,6.1221990524159065
The Gardener And The Wild Vines,4,3.5,110.22500000000001,6.1221990524159065
Towerfall Ascension,4,3.5,106.925,6.1221990524159065
Nobunaga'S Ambition: Taishi,4,3.5,142.275,6.1221990524159065
Task Force Delta - Afghanistan,4,3.5,102.5,6.1221990524159065
Balloon Strike,4,3.5,65.32499999999999,6.1221990524159065
Shantae: Half-Genie Hero - Ultimate Edition,4,3.5,80.35,6.1221990524159065
Proton Pulse +,4,3.5,102.3,6.1221990524159065
My Universe - My Baby Dragon,4,3.5,35.175,6.1221990524159065
Dead Cells (Ps4 & Ps5),4,3.5,97.375,6.1221990524159065
Busway Islands - Puzzle,4,3.5,145.875,6.1221990524159065
Unhidden: Cozy Hidden Object,4,3.5,54.525,6.1221990524159065
Apsulov: End Of Gods,4,3.5,119.8,6.1221990524159065
Indiana Jones Et Le Cercle Ancien,4,3.5,134.925,6.1221990524159065
Astroneer,4,3.5,76.875,6.1221990524159065
Senran Kagura Estival Versus,4,3.5,80.725,6.1221990524159065
Senran Kagura Shinovi Versus,4,3.5,148.675,6.1221990524159065
Hand Of Fate 2,4,3.5,111.85,6.1221990524159065
Firewall Zero Hour Digital Deluxe Edition,4,3.5,132.725,6.1221990524159065
The Legend Of Steel Empire,4,3.5,116.5,6.1221990524159065
Pixicharm - Astral Escape,4,3.5,116.82499999999999,6.1221990524159065
Bike Dirt Extreme 3D,4,3.5,97.5,6.1221990524159065
Skydrift Infinity,4,3.5,103.775,6.1221990524159065
Horizon Zero Dawn Complete Edition,4,3.5,161.5,6.1221990524159065
Supraland,4,3.5,126.775,6.1221990524159065
S.T.A.L.K.E.R.: Clear Sky - Enhanсed Edition,4,3.5,159.5,6.1221990524159065
Hopiko,4,3.5,143.10000000000002,6.1221990524159065
Touhou Genso Wanderer -Lotus Labyrinth R-,4,3.5,87.475,6.1221990524159065
Summer Funland,4,3.5,96.5,6.1221990524159065
Minesweeper Genius,4,3.5,134.35,6.1221990524159065
Pursuit Force,4,3.5,56.7,6.1221990524159065
Lego 2K Drive Pour Ps4,4,3.5,100.60000000000001,6.1221990524159065
Aca Neogeo Metal Slug,4,3.5,105.75,6.1221990524159065
Xing: The Land Beyond,4,3.5,124.475,6.1221990524159065
Rangi,4,3.25,88.15,6.04433656916551
Injustice 2 - Standard Edition,4,3.25,97.57499999999999,6.04433656916551
Vertigo 2,4,3.25,77.575,6.04433656916551
Nik And Kit - Kit'S Adventure,4,3.25,119.9,6.04433656916551
Slopecrashers,4,3.25,133.675,6.04433656916551
Gundam Versus,4,3.25,124.775,6.04433656916551
Tcheco In The Castle Of Lucio,4,3.25,115.67500000000001,6.04433656916551
Aca Neogeo King Of The Monsters,4,3.25,90.60000000000001,6.04433656916551
Battlestar Galactica Deadlock,4,3.25,65.65,6.04433656916551
Mortal Kombat X,4,3.25,135.45,6.04433656916551
Glass Masquerade 2: Illusions,4,3.25,71.3,6.04433656916551
Rinthylab Labyrinth,4,3.25,68.875,6.04433656916551
Mymaitê,4,3.25,63.775000000000006,6.04433656916551
Hero Must Die. Again,4,3.25,101.9,6.04433656916551
Rogue Loops,4,3.25,113.775,6.04433656916551
The American Dream,4,3.25,58.925,6.04433656916551
Arizona Sunshine,4,3.25,102.55,6.04433656916551
Pixelshire,4,3.25,177.475,6.04433656916551
Dreambreak,4,3.25,105.75,6.04433656916551
Yooka-Laylee,4,3.25,96.65,6.04433656916551
Arcade Archives Emeraldia,4,3.25,79.875,6.04433656916551
Bio Bloc,4,3.25,134.9,6.04433656916551
Simulateur De Médecin,4,3.25,107.0,6.04433656916551
Snakeybus,4,3.25,73.25,6.04433656916551
Baseball (4 Player Cooperation Edition) (Challenge Mode) - Breakthrough Gaming Arcade,4,3.25,97.05,6.04433656916551
Torinto Ps4 & Ps5,4,3.25,111.82499999999999,6.04433656916551
Atari Flashback Classics Vol. 2,4,3.0,61.525,5.966474085915115
Seek Hearts,4,3.0,132.25,5.966474085915115
Softball (3 Player Cooperation Edition) - Breakthrough Gaming Arcade,4,3.0,68.55,5.966474085915115
Bombardiro Crocodilo Simulator,4,3.0,81.55,5.966474085915115
Soul Dimension,4,3.0,130.85,5.966474085915115
Dragon Star Varnir,4,3.0,52.85,5.966474085915115
Round Invaders Rush,4,3.0,89.9,5.966474085915115
Ringlorn Saga Gaiden,4,3.0,109.525,5.966474085915115
Far Cry Primal,4,3.0,85.825,5.966474085915115
Iron Meat,4,3.0,99.85,5.966474085915115
Blind Fate: Edo No Yami,4,3.0,62.375,5.966474085915115
Relicta,4,3.0,128.75,5.966474085915115
Race Journey: Nitro,4,3.0,79.025,5.966474085915115
Air Twister,4,3.0,137.225,5.966474085915115
Vampire: The Masquerade - Reckoning Of New York,4,3.0,153.8,5.966474085915115
Holoball,4,3.0,95.975,5.966474085915115
Maskmaker,4,3.0,96.275,5.966474085915115
Clothing Supermarket Store Simulator,4,3.0,116.07499999999999,5.966474085915115
Armored Core: Verdict Day,4,3.0,64.825,5.966474085915115
The Hungry Horde,4,3.0,125.0,5.966474085915115
Uncharted: Drake'S Fortune Remastered,4,3.0,110.55,5.966474085915115
Transpose,4,3.0,133.725,5.966474085915115
Octahedron,4,3.0,71.6,5.966474085915115
Shatterline,4,3.0,136.3,5.966474085915115
Space Explore (Psvr2),4,3.0,128.77499999999998,5.966474085915115
Lithium: Inmate 39,4,3.0,111.05000000000001,5.966474085915115
Industry Giant 2,4,3.0,85.825,5.966474085915115
Touhou Artificial Dream In Arcadia,4,3.0,102.575,5.966474085915115
Erica,4,3.0,165.825,5.966474085915115
"Zippy The Circle (Level 11, Level 12, And Level 13)",4,3.0,83.6,5.966474085915115
Disney•Pixar Toy Story 3,4,2.75,124.425,5.888611602664719
Dark Fantasy Saga,4,2.75,131.75,5.888611602664719
Astalon: Tears Of The Earth,4,2.75,100.875,5.888611602664719
Lost Epic,4,2.75,112.875,5.888611602664719
Forgotton Anne,4,2.75,110.35,5.888611602664719
Pammy - Project: Summer Ice Pinball,4,2.75,91.65,5.888611602664719
Trials Fusion,4,2.75,79.625,5.888611602664719
Guess The Animal,4,2.75,149.55,5.888611602664719
Démo Lego Marvel Super Heroes,4,2.75,119.9,5.888611602664719
Sherlock Holmes: Crimes And Punishments,4,2.75,126.1,5.888611602664719
Final Fantasy Viii Remastered,4,2.75,86.1,5.888611602664719
Fight'N Rage,4,2.75,79.15,5.888611602664719
Among The Sleep - Enhanced Edition,4,2.75,91.5,5.888611602664719
Star Wars Pinball Vr,4,2.75,116.05,5.888611602664719
Bitter-Sweet Cohabitation - ビタースイート - 家出少女とワケあり同棲生活 -,4,2.75,99.675,5.888611602664719
Arcade Archives Tetris The Grand Master,4,2.75,91.6,5.888611602664719
Kill La Kill - If,4,2.75,50.725,5.888611602664719
Leisure Suit Larry - Wet Dreams Dry Twice,4,2.75,109.025,5.888611602664719
Fracked,4,2.75,71.2,5.888611602664719
Jusant,4,2.75,126.3,5.888611602664719
Of Tanks And Demons Iii,4,2.5,104.65,5.810749119414324
Eldest Souls,4,2.5,64.125,5.810749119414324
Heaven'S Vault,4,2.5,126.575,5.810749119414324
Extinction,4,2.5,89.025,5.810749119414324
Arcade Archives Field Day,4,2.5,68.125,5.810749119414324
Bigfoot'S Journey,4,2.5,106.725,5.810749119414324
Doom Ii (Classic),4,2.25,123.42500000000001,5.732886636163928
Her Majesty'S Spiffing,4,2.25,76.975,5.732886636163928
Ninja Kamui: Shinobi Origins,4,2.25,52.25,5.732886636163928
Swordship,4,2.25,121.55,5.732886636163928
Rpg Raiders: Battle Of Realms,4,2.25,127.325,5.732886636163928
Assassin'S Creed Odyssey,4,2.25,72.3,5.732886636163928
Casey Powell Lacrosse 18,4,2.25,102.675,5.732886636163928
The Incredible Adventures Of Van Helsing Ii,4,2.0,87.4,5.6550241529135326
God Of War Ragnarök,4,2.0,61.099999999999994,5.6550241529135326
Sir Lovelot,4,2.0,75.77499999999999,5.6550241529135326
Bad Birds,4,2.0,95.8,5.6550241529135326
Divinity: Original Sin 2 - Definitive Edition,4,2.0,140.575,5.6550241529135326
Zip'S Jumping Adventure,3,5.0,94.3,5.61194060815635
Fairy Fencer F: Advent Dark Force,3,5.0,75.7,5.61194060815635
Rad,3,5.0,60.63333333333333,5.61194060815635
Draw Slasher,3,5.0,113.83333333333333,5.61194060815635
Sid Meier'S Civilization Vi,3,5.0,158.73333333333335,5.61194060815635
Archers Shadow Strike,3,5.0,109.83333333333333,5.61194060815635
Risk Of Rain 2,3,5.0,122.93333333333334,5.61194060815635
Metal Gear Solid V: Ground Zeroes,3,5.0,47.666666666666664,5.61194060815635
Ronin,3,5.0,170.13333333333333,5.61194060815635
Resident Evil Village Gold Edition Gameplay Demo,3,5.0,111.5,5.61194060815635
Cursed To Golf,3,5.0,77.76666666666667,5.61194060815635
The Great Ace Attorney Chronicles,3,5.0,151.73333333333335,5.61194060815635
Psychonauts In The Rhombus Of Ruin,3,5.0,51.5,5.61194060815635
Confiture De Gemmes,3,5.0,89.2,5.61194060815635
Night Slashers: Remake,3,5.0,116.93333333333334,5.61194060815635
Arcade Archives Buta San,3,4.666666666666667,126.46666666666665,5.5414639477085235
The Exorcist: Legion Vr - Complete Series,3,4.666666666666667,75.36666666666666,5.5414639477085235
Mosaic,3,4.666666666666667,84.06666666666666,5.5414639477085235
Mothered,3,4.666666666666667,80.1,5.5414639477085235
Aragami 2,3,4.666666666666667,80.56666666666666,5.5414639477085235
Sniper Ghost Warrior Contracts,3,4.666666666666667,77.33333333333333,5.5414639477085235
God Hand,3,4.666666666666667,70.10000000000001,5.5414639477085235
Arcade Archives Volfied,3,4.666666666666667,100.89999999999999,5.5414639477085235
Penny-Punching Princess,3,4.666666666666667,162.9,5.5414639477085235
Deus Ex: Mankind Divided,3,4.666666666666667,101.63333333333333,5.5414639477085235
Yuppie Psycho: Executive Edition,3,4.666666666666667,99.39999999999999,5.5414639477085235
Killzone Shadow Fall,3,4.666666666666667,92.76666666666667,5.5414639477085235
Formula,3,4.666666666666667,190.26666666666665,5.5414639477085235
Effie,3,4.666666666666667,135.03333333333333,5.5414639477085235
Shift Quantum - Bande Originale,3,4.666666666666667,103.43333333333334,5.5414639477085235
A Plague Tale: Requiem,3,4.666666666666667,110.66666666666667,5.5414639477085235
Fivies,3,4.666666666666667,132.06666666666666,5.5414639477085235
Paw Patrol,3,4.666666666666667,126.2,5.5414639477085235
The Survivalists,3,4.666666666666667,88.83333333333333,5.5414639477085235
Helldivers 2,3,4.666666666666667,134.4,5.5414639477085235
Whiskey & Zombies,3,4.666666666666667,138.79999999999998,5.5414639477085235
Arcade Archives Aero Fighters,3,4.666666666666667,121.3,5.5414639477085235
Aces Of The Luftwaffe,3,4.666666666666667,104.36666666666666,5.5414639477085235
Dynasty Warriors 8: Xtreme Legends,3,4.666666666666667,27.3,5.5414639477085235
Battlewake,3,4.666666666666667,89.83333333333333,5.5414639477085235
Dance On Radar,3,4.666666666666667,58.333333333333336,5.5414639477085235
Blue Reflection: Second Light,3,4.666666666666667,129.53333333333333,5.5414639477085235
Ever 17 - The Out Of Infinity,3,4.666666666666667,145.83333333333334,5.5414639477085235
Gravity Rush Remastered,3,4.666666666666667,128.4,5.5414639477085235
To The Top,3,4.666666666666667,70.89999999999999,5.5414639477085235
Toki Tori 2+,3,4.666666666666667,134.9333333333333,5.5414639477085235
Moose Life,3,4.666666666666667,130.1,5.5414639477085235
Robolt Ps4 & Ps5,3,4.666666666666667,78.3,5.5414639477085235
Left Right,3,4.666666666666667,121.23333333333333,5.5414639477085235
Tappump,3,4.666666666666667,169.4,5.5414639477085235
Earth Defense Force: Iron Rain,3,4.666666666666667,105.73333333333333,5.5414639477085235
Trash Sailors,3,4.666666666666667,75.7,5.5414639477085235
Bound,3,4.666666666666667,85.66666666666667,5.5414639477085235
Earth Defense Force 4.1: The Shadow Of New Despair,3,4.666666666666667,101.93333333333332,5.5414639477085235
Plants Vs. Zombies Garden Warfare 2,3,4.666666666666667,149.29999999999998,5.5414639477085235
Noble Armada: Lost Worlds,3,4.666666666666667,86.26666666666667,5.5414639477085235
Arcade Archives Kid'S Horehore Daisakusen,3,4.666666666666667,33.4,5.5414639477085235
Party Arcade Enhanced Edition,3,4.666666666666667,121.53333333333335,5.5414639477085235
Baldur'S Gate: Dark Alliance,3,4.666666666666667,125.43333333333334,5.5414639477085235
Voice Of Cards: The Isle Dragon Roars,3,4.666666666666667,137.16666666666666,5.5414639477085235
The Last Of Us Remastered,3,4.666666666666667,79.2,5.5414639477085235
Sokolor,3,4.666666666666667,119.39999999999999,5.5414639477085235
Astral Ascent Ps4 & Ps5,3,4.666666666666667,93.06666666666666,5.5414639477085235
Raft,3,4.666666666666667,90.96666666666665,5.5414639477085235
Shiness: The Lightning Kingdom,3,4.666666666666667,155.29999999999998,5.5414639477085235
The Bear B,3,4.666666666666667,64.5,5.5414639477085235
Firewatch,3,4.666666666666667,81.2,5.5414639477085235
Code Vein Ii,3,4.666666666666667,27.166666666666668,5.5414639477085235
Discovery,3,4.666666666666667,132.20000000000002,5.5414639477085235
Randal'S Monday,3,4.666666666666667,90.59999999999998,5.5414639477085235
Survival: Fountain Of Youth - Captain'S Edition,3,4.666666666666667,116.26666666666667,5.5414639477085235
Easter Candy Break Head To Head,3,4.666666666666667,102.56666666666668,5.5414639477085235
Gunvolt Chronicles: Luminous Avenger Ix 2 Ps4 & Ps5,3,4.666666666666667,86.06666666666666,5.5414639477085235
The 25Th Ward: The Silver Case,3,4.666666666666667,89.0,5.5414639477085235
Zj The Ball (Level 3),3,4.666666666666667,177.33333333333334,5.5414639477085235
Dante'S Inferno - Démo Des Portes De L'Enfer,3,4.333333333333333,94.76666666666665,5.470987287260696
Galactic Guardian - Ps4 & Ps5,3,4.333333333333333,55.46666666666667,5.470987287260696
Sonic The Hedgehog 4 Episode I,3,4.333333333333333,88.16666666666667,5.470987287260696
Sleeping Dogs Definitive Edition,3,4.333333333333333,74.66666666666667,5.470987287260696
West Escape,3,4.333333333333333,103.5,5.470987287260696
Toukiden 2,3,4.333333333333333,118.26666666666667,5.470987287260696
Spacepunk Survival,3,4.333333333333333,118.13333333333333,5.470987287260696
Saints Row Iv: Re-Elected,3,4.333333333333333,92.63333333333333,5.470987287260696
United Assault - World War 2,3,4.333333333333333,76.73333333333333,5.470987287260696
The Last Campfire,3,4.333333333333333,139.73333333333332,5.470987287260696
The Kangaroo Conspiracy Dx,3,4.333333333333333,102.83333333333333,5.470987287260696
Balthazar'S Dream,3,4.333333333333333,58.833333333333336,5.470987287260696
Hogwarts Legacy : L'Héritage De Poudlard,3,4.333333333333333,122.56666666666668,5.470987287260696
Fenix Furia,3,4.333333333333333,125.09999999999998,5.470987287260696
Cleopatra Fortune S-Tribute,3,4.333333333333333,106.06666666666666,5.470987287260696
Under Night In-Birth Exe:Late[Cl-R],3,4.333333333333333,81.86666666666666,5.470987287260696
Super Mombo Quest,3,4.333333333333333,135.66666666666666,5.470987287260696
Hollow Knight : Edition Coeur-Du-Vide,3,4.333333333333333,80.43333333333334,5.470987287260696
Super Toy Cars 2,3,4.333333333333333,40.666666666666664,5.470987287260696
Démo D'Ape Escape,3,4.333333333333333,106.06666666666668,5.470987287260696
Ratchet & Clank: All 4 One,3,4.333333333333333,111.06666666666666,5.470987287260696
Leap From Hell,3,4.333333333333333,99.8,5.470987287260696
Compound Word Puzzles 2,3,4.333333333333333,117.46666666666665,5.470987287260696
Hacky Zack,3,4.333333333333333,107.26666666666665,5.470987287260696
Fate/Extella: The Umbral Star,3,4.333333333333333,90.23333333333333,5.470987287260696
Broken Bots,3,4.333333333333333,127.39999999999999,5.470987287260696
Run From Mummies,3,4.333333333333333,74.83333333333333,5.470987287260696
Arcade Archives Steel Worker,3,4.333333333333333,101.43333333333334,5.470987287260696
Labyrinthine - Console Edition,3,4.333333333333333,70.0,5.470987287260696
Turrican Flashback Collection,3,4.333333333333333,81.5,5.470987287260696
Santa'S World,3,4.333333333333333,163.26666666666665,5.470987287260696
Calturin,3,4.333333333333333,39.36666666666667,5.470987287260696
Yakuza 5 Remastered,3,4.333333333333333,117.89999999999999,5.470987287260696
Zj The Ball Challenge (Level 2C),3,4.333333333333333,95.36666666666667,5.470987287260696
140,3,4.333333333333333,131.20000000000002,5.470987287260696
Zombi,3,4.333333333333333,83.03333333333335,5.470987287260696
No More Heroes 3,3,4.333333333333333,112.86666666666667,5.470987287260696
The Jumping Donut - Ps4 & Ps5,3,4.333333333333333,101.8,5.470987287260696
Frog Detective - Le Mystère Tout Entier Ps4 & Ps5,3,4.333333333333333,151.16666666666666,5.470987287260696
Horse Club Adventures 2: Hazelwood Stories,3,4.333333333333333,32.53333333333333,5.470987287260696
Mastho Is Together Ps4 & Ps5,3,4.333333333333333,122.43333333333332,5.470987287260696
Reverie Knights Tactics,3,4.333333333333333,120.8,5.470987287260696
A Short Hike,3,4.333333333333333,123.3,5.470987287260696
Zombie Hill Racing,3,4.333333333333333,89.2,5.470987287260696
Schrödinger’S Cat And The Raiders Of The Lost Quark,3,4.333333333333333,65.63333333333334,5.470987287260696
Override 2: Super Mech League,3,4.333333333333333,36.46666666666667,5.470987287260696
Dungeon Of The Endless,3,4.333333333333333,37.43333333333333,5.470987287260696
Deliver Us The Moon,3,4.333333333333333,93.86666666666667,5.470987287260696
Circle Dodge,3,4.333333333333333,127.66666666666667,5.470987287260696
Catherine: Full Body,3,4.333333333333333,72.06666666666666,5.470987287260696
Musashi Vs Cthulhu,3,4.333333333333333,85.40000000000002,5.470987287260696
Sam & Max Au-Delà Du Temps Et De L'Espace,3,4.333333333333333,67.2,5.470987287260696
Alex Kidd In Miracle World Dx,3,4.333333333333333,137.96666666666667,5.470987287260696
Chained Heroes,3,4.333333333333333,81.16666666666667,5.470987287260696
Cazzarion: Space Shooter,3,4.333333333333333,70.36666666666666,5.470987287260696
Rigid Force Redux,3,4.333333333333333,109.3,5.470987287260696
Metal Wolf Chaos Xd,3,4.333333333333333,81.43333333333334,5.470987287260696
Flying Bunny,3,4.333333333333333,142.96666666666667,5.470987287260696
Soccer (Challenge Mode Edition) - Breakthrough Gaming Arcade,3,4.333333333333333,124.16666666666667,5.470987287260696
Helheim Hassle,3,4.333333333333333,75.86666666666667,5.470987287260696
Cate P,3,4.333333333333333,75.96666666666665,5.470987287260696
Clustertruck,3,4.333333333333333,96.03333333333335,5.470987287260696
Flatland Vol. 2,3,4.333333333333333,91.96666666666665,5.470987287260696
Disney Universe,3,4.333333333333333,80.63333333333334,5.470987287260696
Blasphemous,3,4.333333333333333,44.333333333333336,5.470987287260696
Star Wars Jedi: Survivor,3,4.333333333333333,152.36666666666667,5.470987287260696
Elex,3,4.333333333333333,110.5,5.470987287260696
Bubsy: Paws On Fire!,3,4.333333333333333,98.56666666666666,5.470987287260696
Dros,3,4.333333333333333,99.93333333333334,5.470987287260696
Voice Of Cards: The Isle Dragon Roars Demo,3,4.333333333333333,40.5,5.470987287260696
Wonderboyreturnsremix,3,4.333333333333333,93.03333333333335,5.470987287260696
Life Is Strange: Double Exposure,3,4.333333333333333,84.73333333333333,5.470987287260696
Stranded Deep,3,4.333333333333333,94.5,5.470987287260696
Alan Wake Remastered,3,4.333333333333333,132.23333333333335,5.470987287260696
Arcade Archives Time Tunnel,3,4.333333333333333,65.16666666666667,5.470987287260696
Batman: Arkham Knight,3,4.333333333333333,135.66666666666666,5.470987287260696
The Elder Scrolls Online (Ps5),3,4.333333333333333,82.60000000000001,5.470987287260696
Chained Towards Heaven,3,4.333333333333333,135.6,5.470987287260696
Arcade Archives Double Dragon Ii The Revenge,3,4.333333333333333,94.03333333333335,5.470987287260696
Zippy The Circle (Level 3 And Level 4),3,4.333333333333333,135.36666666666667,5.470987287260696
Shining Resonance Refrain,3,4.333333333333333,98.23333333333333,5.470987287260696
Tux And Fanny,3,4.333333333333333,73.8,5.470987287260696
Oddworld: Stranger'S Wrath Hd,3,4.333333333333333,94.89999999999999,5.470987287260696
Square Heroes,3,4.333333333333333,104.7,5.470987287260696
Process Of Elimination,3,4.333333333333333,119.3,5.470987287260696
Ace Attorney Investigations Collection,3,4.333333333333333,117.06666666666666,5.470987287260696
Within The Blade Ps4 & Ps5,3,4.333333333333333,144.4333333333333,5.470987287260696
Youtubers Life 2,3,4.333333333333333,153.13333333333333,5.470987287260696
Darksiders Genesis,3,4.0,91.10000000000001,5.400510626812868
Alexio,3,4.0,78.23333333333333,5.400510626812868
Arcade Archives Bosconian,3,4.0,80.43333333333332,5.400510626812868
The Wizards - Enhanced Edition,3,4.0,102.03333333333335,5.400510626812868
Creepy Tale 2,3,4.0,113.26666666666667,5.400510626812868
Truck Journey: Nitro,3,4.0,110.23333333333333,5.400510626812868
Sonic Origins Ps4 & Ps5,3,4.0,68.16666666666667,5.400510626812868
Driven Out,3,4.0,55.4,5.400510626812868
A Pixel Story,3,4.0,72.33333333333333,5.400510626812868
Zj The Ball (Level 4),3,4.0,75.89999999999999,5.400510626812868
11-11 Memories Retold,3,4.0,109.10000000000001,5.400510626812868
Darkness Rollercoaster - Definitive Edition,3,4.0,87.36666666666667,5.400510626812868
Snake Pass,3,4.0,81.5,5.400510626812868
Race Journey,3,4.0,69.43333333333334,5.400510626812868
Super Comboman: Smash Edition,3,4.0,137.29999999999998,5.400510626812868
Synduality Echo Of Ada,3,4.0,110.46666666666665,5.400510626812868
Hover,3,4.0,109.60000000000001,5.400510626812868
Under The Waves,3,4.0,122.16666666666667,5.400510626812868
Tralalero Tralala: Rage Bait,3,4.0,97.03333333333335,5.400510626812868
The King Of Fighters Xiv: Demo Ver. 2,3,4.0,97.89999999999999,5.400510626812868
Slave Zero X,3,4.0,55.800000000000004,5.400510626812868
Tell Me Your Story,3,4.0,146.33333333333334,5.400510626812868
Doom 64,3,4.0,76.63333333333334,5.400510626812868
Operation Sci-Fi - Hentai Girls,3,4.0,91.63333333333333,5.400510626812868
The Baseball T,3,4.0,69.93333333333334,5.400510626812868
Run & Jump Guy (Ps4 & Ps5),3,4.0,58.43333333333334,5.400510626812868
Earth Defense Force4.1 Wingdiver The Shooter,3,4.0,166.46666666666667,5.400510626812868
Game Empire Tycoon: Dealer Simulator,3,4.0,94.8,5.400510626812868
Nightshade Mysteries: Eternal Moon Collector’S Edition,3,4.0,99.33333333333333,5.400510626812868
The Little Acre,3,4.0,96.93333333333334,5.400510626812868
Destroy All Humans! 2 - Reprobed,3,4.0,79.89999999999999,5.400510626812868
Company Of Heroes 3,3,4.0,127.0,5.400510626812868
Bangman,3,4.0,80.43333333333332,5.400510626812868
Nun Attack,3,4.0,111.36666666666667,5.400510626812868
The Dreamlands: Aisling'S Quest,3,4.0,140.36666666666667,5.400510626812868
Sparklite,3,4.0,81.86666666666666,5.400510626812868
Flinthook,3,4.0,115.53333333333335,5.400510626812868
Mr Moskeeto,3,4.0,92.93333333333334,5.400510626812868
Ed-0: Zombie Uprising,3,4.0,118.73333333333333,5.400510626812868
Leo'S Fortune,3,4.0,109.13333333333333,5.400510626812868
Dynasty Warriors Strikeforce,3,4.0,138.4,5.400510626812868
Dadish,3,4.0,31.333333333333332,5.400510626812868
The Mildew Children,3,4.0,128.70000000000002,5.400510626812868
Tilting Tiles: Micro Challenge,3,4.0,118.53333333333335,5.400510626812868
My Little Prince - A Jigsaw Puzzle Tale,3,4.0,71.56666666666666,5.400510626812868
One Piece: Pirate Warriors 4,3,4.0,102.10000000000001,5.400510626812868
Mages : Baguette De L'Héroïsme,3,4.0,60.56666666666666,5.400510626812868
Assassin’S Creed The Ezio Collection,3,3.6666666666666665,118.8,5.330033966365041
Need For Speed Unbound,3,3.6666666666666665,53.56666666666666,5.330033966365041
A.O.T. 2,3,3.6666666666666665,144.93333333333334,5.330033966365041
Atari Flashback Classics Vol. 3,3,3.6666666666666665,158.73333333333335,5.330033966365041
Arcade Archives Tube Panic,3,3.6666666666666665,126.46666666666665,5.330033966365041
Uncharted: The Lost Legacy,3,3.6666666666666665,54.53333333333333,5.330033966365041
Baby Storm,3,3.6666666666666665,140.03333333333333,5.330033966365041
Pinball (2 Player Cooperation Edition) - Breakthrough Gaming Arcade,3,3.6666666666666665,130.6,5.330033966365041
Concrete Genie,3,3.6666666666666665,177.70000000000002,5.330033966365041
O! My Genesis Vr,3,3.6666666666666665,107.5,5.330033966365041
I Hate Running Backwards,3,3.6666666666666665,162.79999999999998,5.330033966365041
Beveron,3,3.6666666666666665,106.86666666666666,5.330033966365041
Brokenlore: Low,3,3.6666666666666665,113.73333333333333,5.330033966365041
Subdivision Infinity Dx,3,3.6666666666666665,122.56666666666666,5.330033966365041
Arcade Archives Karate Champ,3,3.6666666666666665,96.23333333333333,5.330033966365041
Thief - Démo - Le Bouclage,3,3.6666666666666665,68.36666666666666,5.330033966365041
Fallen: A2P Protocol,3,3.6666666666666665,138.06666666666666,5.330033966365041
Le Dernier Horloger,3,3.6666666666666665,70.10000000000001,5.330033966365041
Wrc 7 Fia World Rally Championship,3,3.6666666666666665,85.2,5.330033966365041
Abyss Odyssey: Extended Dream Edition,3,3.6666666666666665,145.63333333333333,5.330033966365041
Nioh 2 Remastered (Mise À Niveau Ps5),3,3.6666666666666665,107.03333333333335,5.330033966365041
Claws Of Furry,3,3.6666666666666665,77.93333333333334,5.330033966365041
We Love Katamari Reroll+ Royal Reverie,3,3.6666666666666665,34.63333333333333,5.330033966365041
Tembo The Badass Elephant,3,3.6666666666666665,109.09999999999998,5.330033966365041
Dariusburst: Another Chronicle Ex+,3,3.6666666666666665,140.56666666666666,5.330033966365041
The Last Hero Of Nostalgaia,3,3.6666666666666665,138.43333333333334,5.330033966365041
Horizon Call Of The Mountain,3,3.6666666666666665,132.96666666666667,5.330033966365041
Rêver La Pêche,3,3.6666666666666665,162.79999999999998,5.330033966365041
Kill Knight,3,3.6666666666666665,67.8,5.330033966365041
Welcome To Basingstoke,3,3.6666666666666665,124.33333333333333,5.330033966365041
Logiart Grimoire [Version Démo],3,3.6666666666666665,78.66666666666667,5.330033966365041
The Mageseeker: A League Of Legends Story Ps4 & Ps5,3,3.6666666666666665,114.46666666666665,5.330033966365041
Arcade Archives The Legend Of Kage,3,3.6666666666666665,147.5,5.330033966365041
Pizza Break,3,3.6666666666666665,170.66666666666666,5.330033966365041
The Deadly Tower Of Monsters,3,3.6666666666666665,103.8,5.330033966365041
Lent'S Adventure (Story One) - Lent: The Easter Bunny,3,3.6666666666666665,69.10000000000001,5.330033966365041
Jet Combat: Cats Vs Dogs Military Simulator,3,3.6666666666666665,78.13333333333333,5.330033966365041
Croc'S World 3,3,3.6666666666666665,114.8,5.330033966365041
Focus On You Complete Edition,3,3.6666666666666665,92.16666666666667,5.330033966365041
Arcade Archives Black Heart,3,3.6666666666666665,49.43333333333334,5.330033966365041
Silence,3,3.6666666666666665,125.13333333333333,5.330033966365041
Sky Force Reloaded,3,3.6666666666666665,183.53333333333333,5.330033966365041
Metal Max Xeno Reborn,3,3.6666666666666665,61.6,5.330033966365041
"Lego Ninjago, Le Film : Le Jeu Vidéo",3,3.6666666666666665,98.60000000000001,5.330033966365041
Chaos Code -New Sign Of Catastrophe-,3,3.6666666666666665,51.300000000000004,5.330033966365041
Street Combat: Ultimate Mma Fighters,3,3.6666666666666665,80.39999999999999,5.330033966365041
Infamous Second Son,3,3.6666666666666665,100.16666666666667,5.330033966365041
Cotton 100%,3,3.6666666666666665,118.36666666666667,5.330033966365041
Ace Banana,3,3.6666666666666665,154.0,5.330033966365041
Arcade Archives Dead Connection,3,3.6666666666666665,69.5,5.330033966365041
Life Is Strange: Before The Storm - Épisode 1,3,3.6666666666666665,96.89999999999999,5.330033966365041
Journey Of The Broken Circle,3,3.6666666666666665,139.56666666666666,5.330033966365041
Eden Genesis Ps4 & Ps5,3,3.6666666666666665,100.86666666666667,5.330033966365041
Batbarian: Testament Of The Primordials,3,3.6666666666666665,119.3,5.330033966365041
Heliborne,3,3.6666666666666665,189.70000000000002,5.330033966365041
Explosive Candy World Ps4 & Ps5,3,3.6666666666666665,114.40000000000002,5.330033966365041
Baseball - Breakthrough Gaming Arcade,3,3.6666666666666665,126.0,5.330033966365041
Shin Megami Tensei Iii Nocturne Hd Remaster,3,3.6666666666666665,69.36666666666666,5.330033966365041
Demons With Shotguns,3,3.6666666666666665,142.06666666666666,5.330033966365041
At Sundown: Shots In The Dark,3,3.6666666666666665,102.16666666666667,5.330033966365041
Yohane The Parhelion -Blaze In The Deepblue-,3,3.6666666666666665,144.56666666666666,5.330033966365041
Laid-Back Camp - Virtual - Lake Motosu,3,3.6666666666666665,49.1,5.330033966365041
Ninja Gaiden: Ragebound,3,3.6666666666666665,145.93333333333334,5.330033966365041
Solitaire Tripeaks Flowers,3,3.6666666666666665,141.46666666666667,5.330033966365041
The Jumping Pizza,3,3.6666666666666665,110.73333333333333,5.330033966365041
Cubic Figures 2,3,3.6666666666666665,110.06666666666666,5.330033966365041
Zippy The Circle Special,3,3.6666666666666665,108.43333333333332,5.330033966365041
Zero Escape: Zero Time Dilemma,3,3.6666666666666665,129.16666666666666,5.330033966365041
Bêta De Steep En Route Pour Les Jeux Olympiques - Demo,3,3.3333333333333335,94.46666666666665,5.259557305917214
Scarf,3,3.3333333333333335,117.10000000000001,5.259557305917214
Softball - Breakthrough Gaming Arcade,3,3.3333333333333335,111.46666666666668,5.259557305917214
The Jumping Onion Ring - Ps4 & Ps5,3,3.3333333333333335,77.53333333333335,5.259557305917214
Devil May Cry 5 Special Edition,3,3.3333333333333335,80.43333333333332,5.259557305917214
Alice In Wonderland - A Jigsaw Puzzle Tale,3,3.3333333333333335,141.46666666666667,5.259557305917214
Oddworld: Munch'S Oddysee Hd,3,3.3333333333333335,135.23333333333335,5.259557305917214
Shio,3,3.3333333333333335,131.0666666666667,5.259557305917214
The Talos Principle,3,3.3333333333333335,54.699999999999996,5.259557305917214
Tales Of Berseria,3,3.3333333333333335,89.89999999999999,5.259557305917214
Argonauts Agency 5: Captive Of Circe,3,3.3333333333333335,141.96666666666667,5.259557305917214
Aca Neogeo Spin Master,3,3.3333333333333335,142.06666666666666,5.259557305917214
Realms Of Arkania: Star Trail,3,3.3333333333333335,134.4,5.259557305917214
Panzer Paladin,3,3.3333333333333335,119.13333333333333,5.259557305917214
Along Together,3,3.3333333333333335,145.73333333333332,5.259557305917214
Herocade,3,3.3333333333333335,49.4,5.259557305917214
Ghostwire: Tokyo,3,3.3333333333333335,92.89999999999999,5.259557305917214
Alwa'S Awakening,3,3.3333333333333335,80.16666666666667,5.259557305917214
Ea Sports Madden Nfl 26,3,3.3333333333333335,81.83333333333333,5.259557305917214
Note : A Composer And A Note,3,3.3333333333333335,96.33333333333333,5.259557305917214
Bust A Block 2 - Ps4 & Ps5,3,3.3333333333333335,158.36666666666667,5.259557305917214
Arcade Archives Kitten Kaboodle,3,3.3333333333333335,60.36666666666667,5.259557305917214
Elevator Action Deluxe,3,3.3333333333333335,130.79999999999998,5.259557305917214
Snk 40Th Anniversary Collection,3,3.3333333333333335,141.03333333333333,5.259557305917214
Convergence: A League Of Legends Story Ps4 & Ps5,3,3.3333333333333335,96.53333333333335,5.259557305917214
Kill It With Fire,3,3.3333333333333335,88.10000000000001,5.259557305917214
Xeodrifter,3,3.3333333333333335,163.86666666666667,5.259557305917214
Bramble The Mountain King,3,3.3333333333333335,110.33333333333333,5.259557305917214
Aca Neogeo Shock Troopers,3,3.3333333333333335,59.03333333333333,5.259557305917214
Children Of Zodiarcs,3,3.3333333333333335,116.66666666666667,5.259557305917214
Firefighting Rescue Simulator,3,3.3333333333333335,55.333333333333336,5.259557305917214
Sky Races,3,3.3333333333333335,113.26666666666665,5.259557305917214
The Knight Witch,3,3.3333333333333335,107.93333333333334,5.259557305917214
Nexomon: Extinction,3,3.3333333333333335,142.16666666666666,5.259557305917214
Astérix & Obélix Baffez Les Tous !,3,3.3333333333333335,136.1,5.259557305917214
The Legend Of Heroes: Trails To Azure,3,3.3333333333333335,70.26666666666667,5.259557305917214
Deus Ex: Human Revolution - Director'S Cut,3,3.3333333333333335,113.83333333333333,5.259557305917214
Local News With Cliff Rockslide,3,3.3333333333333335,52.633333333333326,5.259557305917214
Brave Soldier - Invasion Of Cyborgs Ps4 & Ps5,3,3.3333333333333335,72.63333333333333,5.259557305917214
L'Héritage Du Cyprès,3,3.3333333333333335,111.66666666666667,5.259557305917214
Mighty Morphin Power Rangers: Rita'S Rewind,3,3.3333333333333335,72.96666666666665,5.259557305917214
Arcade Archives Saboten Bombers,3,3.3333333333333335,119.26666666666667,5.259557305917214
Tales Of Kenzera: Zau,3,3.0,93.76666666666667,5.189080645469387
Oninaki,3,3.0,118.36666666666667,5.189080645469387
Double Dragon Advance,3,3.0,79.10000000000001,5.189080645469387
Wonder Boy Collection,3,3.0,101.86666666666667,5.189080645469387
Streets Of Rage 4,3,3.0,50.56666666666666,5.189080645469387
Mekazoo,3,3.0,80.16666666666667,5.189080645469387
Spartan,3,3.0,161.29999999999998,5.189080645469387
The Aquatic Adventure Of The Last Human,3,3.0,117.0,5.189080645469387
The Liar Princess And The Blind Prince,3,3.0,105.53333333333335,5.189080645469387
Little Big Workshop,3,3.0,156.4,5.189080645469387
Graceful Explosion Machine,3,3.0,93.3,5.189080645469387
Weeping Willow,3,3.0,91.96666666666665,5.189080645469387
Tron: Catalyst,3,3.0,33.6,5.189080645469387
Rainbow Skies Demo,3,3.0,72.46666666666667,5.189080645469387
Synapse,3,3.0,136.5,5.189080645469387
Blue Reflection: Second Light Demo,3,3.0,121.56666666666666,5.189080645469387
Cylinder: Puzzles Returned,3,3.0,123.0,5.189080645469387
Propagate,3,3.0,44.23333333333333,5.189080645469387
Lucky'S Tale,3,3.0,128.29999999999998,5.189080645469387
Valkyria Chronicles 4,3,3.0,129.26666666666668,5.189080645469387
Last Day Of June,3,3.0,93.53333333333335,5.189080645469387
Yakuza 4 Remastered,3,3.0,102.89999999999999,5.189080645469387
Boned Again: Survivors,3,3.0,81.66666666666667,5.189080645469387
The Eternal Cylinder,3,3.0,100.89999999999999,5.189080645469387
The Tale Of Bistun,3,3.0,119.23333333333333,5.189080645469387
The Testament Of Sherlock Holmes,3,3.0,115.73333333333333,5.189080645469387
Syphon Filter: Dark Mirror,3,2.6666666666666665,119.33333333333333,5.11860398502156
The Disney Afternoon Collection,3,2.6666666666666665,88.16666666666667,5.11860398502156
Castlevania Anniversary Collection,3,2.6666666666666665,124.63333333333333,5.11860398502156
Drag Journey,3,2.6666666666666665,42.26666666666667,5.11860398502156
Robotriot Hyper Edition,3,2.6666666666666665,60.800000000000004,5.11860398502156
Killer Is Dead,3,2.6666666666666665,148.6,5.11860398502156
Arcade Archives Mach Breakers,3,2.6666666666666665,100.06666666666666,5.11860398502156
Horizon Forbidden West,3,2.6666666666666665,77.13333333333333,5.11860398502156
Infamous First Light,3,2.6666666666666665,131.96666666666667,5.11860398502156
Breakin Bricks,3,2.6666666666666665,82.96666666666667,5.11860398502156
Don'T Fall: Aleph,3,2.6666666666666665,91.3,5.11860398502156
Earthnight,3,2.6666666666666665,142.86666666666667,5.11860398502156
Arcade Archives Radical Radial,3,2.6666666666666665,45.4,5.11860398502156
Uncharted 2: Among Thieves Remastered,3,2.6666666666666665,45.86666666666667,5.11860398502156
Battleminer Géants,3,2.3333333333333335,44.166666666666664,5.048127324573732
The Copper Age,3,2.3333333333333335,121.76666666666665,5.048127324573732
Road Maintenance Simulator 2 + Winter Services,3,2.3333333333333335,26.8,5.048127324573732
Tsukihime -A Piece Of Blue Glass Moon-,3,2.3333333333333335,91.46666666666665,5.048127324573732
Flippin Kaktus,3,2.3333333333333335,112.2,5.048127324573732
Watch_Dogs Complete Edition,3,2.3333333333333335,107.56666666666666,5.048127324573732
Arcade Archives Shingen Samurai-Fighter,3,2.3333333333333335,108.26666666666667,5.048127324573732
Echoes Of The End,3,2.3333333333333335,142.93333333333334,5.048127324573732
The Wardrobe,3,2.3333333333333335,85.03333333333333,5.048127324573732
Compound Word Puzzles,3,2.3333333333333335,109.2,5.048127324573732
Plants Vs. Zombies: La Bataille De Neighborville,3,2.3333333333333335,58.63333333333333,5.048127324573732
Marvel'S Spider-Man: Miles Morales Ps4 & Ps5,3,2.3333333333333335,169.6,5.048127324573732
Earth Atlantis,3,2.3333333333333335,111.10000000000001,5.048127324573732
Severed Steel,3,2.0,106.96666666666665,4.977650664125905
Survive A Mile,3,2.0,130.79999999999998,4.977650664125905
Code: Realize ~Bouquet Of Rainbows~,3,2.0,117.66666666666667,4.977650664125905
Arcade Archives Tetris The Absolute The Grand Master 2 Plus,3,2.0,169.4333333333333,4.977650664125905
Paper Flight - Beyond Time,3,2.0,95.0,4.977650664125905
Taco Tom 2 Ps4 & Ps5,3,2.0,156.33333333333334,4.977650664125905
Metal Gear Solid - Master Collection Version Ps4 & Ps5,3,1.3333333333333333,40.6,4.83669734323025
Apex Construct Demo,3,1.0,65.03333333333335,4.766220682782423
Viewfinder,2,5.0,44.3,4.391348654364144
Invisible,2,5.0,142.8,4.391348654364144
S.T.A.L.K.E.R.: Shadow Of Chornobyl - Enhanсed Edition,2,5.0,113.64999999999999,4.391348654364144
Owlboy,2,5.0,100.05000000000001,4.391348654364144
Nex Machina,2,5.0,108.75,4.391348654364144
Suddenly An Ogre,2,5.0,157.3,4.391348654364144
Apex Construct,2,5.0,118.4,4.391348654364144
Dogos,2,5.0,116.65,4.391348654364144
Toy Story 3,2,5.0,144.75,4.391348654364144
Apollo Justice: Ace Attorney Trilogy,2,5.0,96.0,4.391348654364144
Assassin'S Creed Iii Remastered,2,5.0,182.55,4.391348654364144
Pig Escape 2,2,5.0,111.3,4.391348654364144
The Walking Dead: The Complete First Season,2,5.0,76.6,4.391348654364144
The Bad Parents,2,5.0,146.64999999999998,4.391348654364144
Crash Team Rumble - Essai Gratuit,2,5.0,122.9,4.391348654364144
Omegabot,2,5.0,95.85,4.391348654364144
Color Slayers,2,5.0,66.65,4.391348654364144
Labyrinth Life,2,5.0,97.25,4.391348654364144
Onee Chanbara Origin,2,5.0,99.7,4.391348654364144
Frane: Dragons' Odyssey,2,5.0,112.25,4.391348654364144
Dragon Marked For Death,2,5.0,28.7,4.391348654364144
Anno: Mutationem Ps4 & Ps5,2,5.0,101.80000000000001,4.391348654364144
Eekeemoo - Splinters Of The Dark Shard,2,5.0,55.0,4.391348654364144
Arcade Archives Warrior Blade,2,5.0,52.65,4.391348654364144
Shooting Blocks,2,5.0,127.95,4.391348654364144
Dmc Devil May Cry: Definitive Edition,2,5.0,54.75,4.391348654364144
Hydrophobia Prophecy,2,5.0,103.15,4.391348654364144
Arcade Archives Crime Fighters,2,5.0,131.6,4.391348654364144
Persona 4 Arena Ultimax,2,5.0,109.45,4.391348654364144
Round Invaders Rush 2,2,5.0,142.55,4.391348654364144
The Invisible Hours,2,5.0,143.8,4.391348654364144
Robinson: The Journey,2,5.0,73.35,4.391348654364144
Arcade Archives Ryukyu,2,5.0,30.049999999999997,4.391348654364144
Uncharted: The Nathan Drake Collection,2,5.0,98.5,4.391348654364144
Mergery,2,5.0,171.9,4.391348654364144
Bloodstained: Ritual Of The Night,2,5.0,142.15,4.391348654364144
Stranger Of Paradise Final Fantasy Origin Ps4 & Ps5,2,5.0,78.0,4.391348654364144
Psychonauts 2,2,5.0,162.60000000000002,4.391348654364144
Super Trunko Go,2,5.0,138.0,4.391348654364144
A Hat In Time,2,4.5,106.10000000000001,4.332505757515495
Nerved,2,4.5,45.4,4.332505757515495
Zombie Royale Io,2,4.5,75.6,4.332505757515495
Sol Divide -Sword Of Darkness-,2,4.5,109.35,4.332505757515495
Lair Of The Clockwork God,2,4.5,120.35,4.332505757515495
Knights And Bikes,2,4.5,70.7,4.332505757515495
Vagante,2,4.5,93.95,4.332505757515495
Sherlock Holmes: The Devil'S Daughter,2,4.5,66.85,4.332505757515495
Supermarket Shriek,2,4.5,110.95,4.332505757515495
Quivr,2,4.5,65.95,4.332505757515495
Sniper Elite 3 Ultimate Edition,2,4.5,173.55,4.332505757515495
Chaos On Deponia,2,4.5,128.6,4.332505757515495
Spelunky 2,2,4.5,67.35,4.332505757515495
Albert And Otto,2,4.5,68.19999999999999,4.332505757515495
Arcade Archives Dacholer,2,4.5,158.6,4.332505757515495
Arcade Archives Baraduke 2,2,4.5,127.6,4.332505757515495
Reynatis,2,4.5,97.6,4.332505757515495
The Fine Art Of Murder,2,4.5,95.5,4.332505757515495
Phoenotopia: Awakening,2,4.5,127.60000000000001,4.332505757515495
Arizona Sunshine 2,2,4.5,136.7,4.332505757515495
Turnip Boy Commits Tax Evasion,2,4.5,157.7,4.332505757515495
Ghostrunner 2,2,4.5,102.7,4.332505757515495
Tump Jump,2,4.5,161.55,4.332505757515495
God Of War Comic Book 1,2,4.5,75.65,4.332505757515495
Spiritfall,2,4.5,104.1,4.332505757515495
The Vanishing Of Ethan Carter,2,4.5,68.4,4.332505757515495
Defenders Of Ekron - Definitive Edition,2,4.5,133.5,4.332505757515495
Labyrinth Of Zangetsu,2,4.5,136.2,4.332505757515495
Arcade Archives Green Beret,2,4.5,100.95,4.332505757515495
Arcade Archives Guttang Gottong,2,4.5,129.25,4.332505757515495
"Zippy The Circle Challenge (Level 11C, Level 12C, And Level 13C)",2,4.5,50.400000000000006,4.332505757515495
Olija,2,4.5,52.25,4.332505757515495
Alone In The Dark 2 (1996),2,4.5,54.900000000000006,4.332505757515495
Star Trek: Bridge Crew,2,4.5,83.1,4.332505757515495
Burly Men At Sea - Original Soundtrack,2,4.5,109.4,4.332505757515495
Duck Game,2,4.5,111.5,4.332505757515495
Omensight,2,4.5,101.4,4.332505757515495
Assassin'S Creed Rogue Remastered,2,4.5,167.05,4.332505757515495
Damascus Gear: Operation Tokyo Hd Edition,2,4.5,132.3,4.332505757515495
Lego Dc Super-Vilains,2,4.5,85.55000000000001,4.332505757515495
Arcade Archives Lead Angle,2,4.5,124.3,4.332505757515495
Becoming A She ～俺が私に変わった日…～,2,4.5,80.0,4.332505757515495
Togges,2,4.5,39.8,4.332505757515495
Monster Blast Infinity,2,4.5,68.05,4.332505757515495
I Expect You To Die 2,2,4.5,88.25,4.332505757515495
Omno,2,4.5,118.35000000000001,4.332505757515495
Namco Museum Archives Vol 1,2,4.5,107.35,4.332505757515495
N6: Top Secret Mission,2,4.5,144.4,4.332505757515495
Tron Run,2,4.5,186.05,4.332505757515495
Earth'S Dawn,2,4.5,117.75,4.332505757515495
Arcade Archives The Ninja Kids,2,4.5,40.9,4.332505757515495
Fall Asleep,2,4.5,54.05,4.332505757515495
Farm Knight Adventures,2,4.5,80.55,4.332505757515495
Mini Motor Racing X Digital Deluxe Edition,2,4.5,112.25,4.332505757515495
Arcade Archives Metamorphic Force,2,4.5,43.3,4.332505757515495
Destroy All Humans! 2 - Reprobed: Single Player,2,4.5,103.95,4.332505757515495
Powerslave Exhumed,2,4.5,145.1,4.332505757515495
Run To Infinity: Hard Mode,2,4.5,124.9,4.332505757515495
Po'Ed: Definitive Edition,2,4.5,97.6,4.332505757515495
Survive! Mr.Cube,2,4.5,146.4,4.332505757515495
Pursuit Force: Extreme Justice,2,4.5,137.05,4.332505757515495
Aca Neogeo Robo Army,2,4.5,73.2,4.332505757515495
Abyss SeekerーーWhat Do You See Deep In The Abyss,2,4.5,117.5,4.332505757515495
Summum Aeterna,2,4.5,99.8,4.332505757515495
Disgaea 4 Complete+,2,4.5,87.6,4.332505757515495
Succubus Sexy Devils,2,4.5,157.5,4.332505757515495
Sunseed Island,2,4.5,28.35,4.332505757515495
Sekiro: Shadows Die Twice - Édition Goty,2,4.5,133.15,4.332505757515495
Unruly Heroes,2,4.5,114.85,4.332505757515495
Animal Rivals,2,4.5,68.95,4.332505757515495
Danganronpa Another Episode: Ultra Despair Girls,2,4.5,93.75,4.332505757515495
Railway Islands - Puzzle,2,4.5,151.4,4.332505757515495
"Gal, Geek And Summer ギャルと優等生と夏休み",2,4.5,181.7,4.332505757515495
Kyurinaga'S Revenge,2,4.5,125.85,4.332505757515495
23 Seconds To 5,2,4.0,86.35,4.273662860666846
A Place For The Unwilling,2,4.0,76.5,4.273662860666846
Zippy The Circle (Level 1 And Level 2),2,4.0,114.85,4.273662860666846
Epic Dumpster Bear,2,4.0,156.39999999999998,4.273662860666846
Dadish 3,2,4.0,79.9,4.273662860666846
Fist Of The North Star: Lost Paradise – Demo,2,4.0,53.25,4.273662860666846
Stubbs The Zombie In Rebel Without A Pulse,2,4.0,114.15,4.273662860666846
Oneshot: World Machine Edition,2,4.0,170.75,4.273662860666846
Floating Cloud God Saves The Pilgrims In Hd!,2,4.0,110.0,4.273662860666846
Journey Of Johann: Grasslands,2,4.0,91.9,4.273662860666846
Squish Machine Ps4 & Ps5,2,4.0,80.35,4.273662860666846
God'S Trigger,2,4.0,84.2,4.273662860666846
Gods Will Fall,2,4.0,170.8,4.273662860666846
Arcade Archives Tank Battalion,2,4.0,99.1,4.273662860666846
Waifu Impact 2,2,4.0,134.45,4.273662860666846
Darius Cozmic Collection Arcade,2,4.0,78.55,4.273662860666846
Spidersaurs,2,4.0,61.25,4.273662860666846
Arcade Archives Crime City,2,4.0,63.55,4.273662860666846
Amelia'S Diner,2,4.0,152.45,4.273662860666846
Hyperparasite,2,4.0,111.5,4.273662860666846
Rascal Revolt,2,4.0,137.6,4.273662860666846
Run To Infinity: Impossible Mode,2,4.0,128.1,4.273662860666846
Chameneon,2,4.0,50.2,4.273662860666846
Digitris,2,4.0,68.5,4.273662860666846
Adventures Of Pip,2,4.0,109.3,4.273662860666846
Little Noah: Scion Of Paradise,2,4.0,87.65,4.273662860666846
Beyond The Ice Palace 2,2,4.0,87.3,4.273662860666846
Sunless Sea: Zubmariner Edition,2,4.0,103.3,4.273662860666846
Welcome To The World Of Zj The Ball (Visual Novel),2,4.0,126.1,4.273662860666846
Watchmen: The End Is Nigh Partie 2,2,4.0,127.9,4.273662860666846
We Happy Few,2,4.0,87.7,4.273662860666846
Démo De Mafia Iii,2,4.0,106.7,4.273662860666846
Summertime Madness,2,4.0,165.39999999999998,4.273662860666846
Démo Genji: Dotb,2,4.0,35.95,4.273662860666846
Croc'S World 4,2,4.0,119.69999999999999,4.273662860666846
Sam & Max Sauvent Le Monde,2,4.0,87.85,4.273662860666846
Samurai Warriors 5 Trial Version,2,4.0,104.35,4.273662860666846
Arietta Of Spirits Ps4 & Ps5,2,4.0,173.5,4.273662860666846
Batman: Arkham Vr,2,4.0,126.65,4.273662860666846
Arcade Archives Vs. The Adventure Of Valkyrie : The Legend Of The Key Of Time,2,4.0,88.65,4.273662860666846
Arzette: The Jewel Of Faramore,2,4.0,116.69999999999999,4.273662860666846
Rive,2,4.0,138.55,4.273662860666846
Softball (2 Player Cooperation Edition) - Breakthrough Gaming Arcade,2,4.0,130.9,4.273662860666846
Mr. Shifty,2,4.0,113.55,4.273662860666846
Steinsgate: My Darling'S Embrace,2,4.0,141.4,4.273662860666846
Magnet Knights,2,4.0,105.9,4.273662860666846
Project Nimbus: Code Mirai,2,4.0,50.8,4.273662860666846
Crash Bandicoot N. Sane Trilogy,2,4.0,56.0,4.273662860666846
Wasteland 3,2,4.0,141.55,4.273662860666846
Watch Over Christmas,2,4.0,72.65,4.273662860666846
Eiyuden Chronicle: Rising,2,4.0,109.35,4.273662860666846
Turbo Skiddy Racing,2,4.0,185.3,4.273662860666846
Wanderer,2,4.0,27.0,4.273662860666846
War Of The Monsters,2,4.0,46.25,4.273662860666846
Ender Lilies: Quietus Of The Knights,2,4.0,98.2,4.273662860666846
Boggle,2,4.0,120.4,4.273662860666846
Supermarket Simulator 2024,2,4.0,101.55,4.273662860666846
A Quiet Place: The Road Ahead,2,4.0,56.65,4.273662860666846
Lara Croft Go,2,4.0,101.44999999999999,4.273662860666846
Funk Of Titans,2,4.0,188.85,4.273662860666846
Mechstermination Force,2,4.0,87.35,4.273662860666846
Mass Effect Édition Légendaire,2,4.0,128.39999999999998,4.273662860666846
Sonic Frontiers Ps4 & Ps5,2,4.0,100.55000000000001,4.273662860666846
Soraja Towers,2,4.0,105.35,4.273662860666846
Earth Defense Force 2: Invaders From Planet Space,2,4.0,40.1,4.273662860666846
Aca Neogeo Nam-1975,2,4.0,155.1,4.273662860666846
Nuclear Blaze Ps4 & Ps5,2,4.0,124.25,4.273662860666846
Aspire Ina'S Tale,2,4.0,40.7,4.273662860666846
Deponia Doomsday,2,4.0,106.05000000000001,4.273662860666846
La-Mulana,2,4.0,128.6,4.273662860666846
Lacuna,2,3.5,176.0,4.214819963818197
Children Of Morta,2,3.5,133.65,4.214819963818197
Destroy All Humans! Demo,2,3.5,119.35,4.214819963818197
Arcade Archives Knuckle Heads,2,3.5,136.05,4.214819963818197
Mail Mole,2,3.5,109.69999999999999,4.214819963818197
Warhammer: Vermintide 2,2,3.5,48.099999999999994,4.214819963818197
99 Moves,2,3.5,31.35,4.214819963818197
Can You Escape?,2,3.5,123.69999999999999,4.214819963818197
Dick Wilde,2,3.5,128.85,4.214819963818197
Quest Of Dungeons,2,3.5,187.9,4.214819963818197
Hexa Road,2,3.5,85.80000000000001,4.214819963818197
Bloodstained: Curse Of The Moon 2,2,3.5,80.2,4.214819963818197
Boulder Dash Deluxe,2,3.5,78.9,4.214819963818197
Arcade Archives Mirai Ninja,2,3.5,27.95,4.214819963818197
Assassin'S Creed Unity,2,3.5,119.35,4.214819963818197
Arcade Archives Libble Rabble,2,3.5,110.30000000000001,4.214819963818197
Arcade Spirits,2,3.5,75.2,4.214819963818197
Exile'S End,2,3.5,64.4,4.214819963818197
Dusk Diver 2,2,3.5,158.0,4.214819963818197
Mafia Ii: Definitive Edition,2,3.5,126.9,4.214819963818197
Arcade Archives Burger Time,2,3.5,20.0,4.214819963818197
Arcade Archives The Newzealand Story,2,3.5,103.4,4.214819963818197
Arcade Archives The Ninja Warriors,2,3.5,176.5,4.214819963818197
Croaktopia Ps5,2,3.5,115.25,4.214819963818197
Crystal Rift,2,3.5,58.45,4.214819963818197
Cyber Neon Bundle,2,3.5,28.6,4.214819963818197
Capsule Force,2,3.5,122.15,4.214819963818197
Captain Blood,2,3.5,120.65,4.214819963818197
Arcade Archives Soldam,2,3.5,42.099999999999994,4.214819963818197
Cryptark,2,3.5,51.0,4.214819963818197
Colt Canyon,2,3.5,73.45,4.214819963818197
Wallachia: Reign Of Dracula,2,3.5,149.0,4.214819963818197
Metal Gear Solid 4: Guns Of The Patriots,2,3.5,98.2,4.214819963818197
Arcade Archives Mr.Goemon,2,3.5,91.6,4.214819963818197
Samurai Warriors 5,2,3.5,170.05,4.214819963818197
Arcade Archives Rally X,2,3.5,73.75,4.214819963818197
Dirt Journey,2,3.5,92.4,4.214819963818197
Ray'S The Dead,2,3.5,121.55000000000001,4.214819963818197
Papers,2,3.5,164.35000000000002,4.214819963818197
Arcade Archives Wiz,2,3.5,161.1,4.214819963818197
Arcade Archives Warp & Warp,2,3.5,91.95,4.214819963818197
Mulaka,2,3.5,89.35,4.214819963818197
Mr. Hibbl: The Lost Levels - Ps4 & Ps5,2,3.5,121.0,4.214819963818197
Ace Of Seafood,2,3.5,84.69999999999999,4.214819963818197
Woodle Tree 2: Deluxe+,2,3.5,162.64999999999998,4.214819963818197
Sairento Vr,2,3.0,8.2,4.155977066969548
Gravity Rush 2,2,3.0,68.5,4.155977066969548
Forgiveness Rpg: The First Chapter (Part Three),2,3.0,146.85,4.155977066969548
Metaverse Keeper,2,3.0,172.95,4.155977066969548
Carly And The Reaperman - Escape From The Underworld,2,3.0,38.95,4.155977066969548
Crazy Machines Vr,2,3.0,38.15,4.155977066969548
The Jumping Shaped Fries - Ps4 & Ps5,2,3.0,49.150000000000006,4.155977066969548
Astro Bot Rescue Mission,2,3.0,95.25,4.155977066969548
Laboratory Danger Madness,2,3.0,153.64999999999998,4.155977066969548
Laid-Back Camp - Virtual - Fumoto Campsite,2,3.0,83.95,4.155977066969548
Chess Brain: Dark Troops,2,3.0,60.3,4.155977066969548
Astérix & Obélix Baffez-Les Tous !,2,3.0,118.65,4.155977066969548
Kukoos: Lost Pets,2,3.0,95.55000000000001,4.155977066969548
Draugen,2,3.0,62.849999999999994,4.155977066969548
Not A Hero,2,3.0,50.3,4.155977066969548
Kick-Ass 2,2,3.0,34.95,4.155977066969548
Persona5 Strikers,2,3.0,157.7,4.155977066969548
Red Goddess: Inner World,2,3.0,97.85000000000001,4.155977066969548
Windlands,2,3.0,93.55,4.155977066969548
Saut De Ballons,2,3.0,162.4,4.155977066969548
Maman A Caché Mon Jeu ! 2,2,3.0,96.25,4.155977066969548
Deathloop,2,3.0,25.2,4.155977066969548
Zone Of The Enders: The 2Nd Runner - Mars,2,3.0,35.0,4.155977066969548
Mark Of The Ninja: Remastered,2,3.0,159.5,4.155977066969548
Arcade Archives Assault,2,3.0,114.05000000000001,4.155977066969548
Souldiers,2,3.0,102.65,4.155977066969548
Dark Deception: Monsters & Mortals,2,3.0,59.35,4.155977066969548
Jcb Pioneer: Mars,2,3.0,33.6,4.155977066969548
Tokyo 42,2,3.0,66.2,4.155977066969548
Agatha Christie - Hercule Poirot: The First Cases,2,3.0,93.5,4.155977066969548
Beholder 3,2,3.0,95.15,4.155977066969548
Gunstar Heroes,2,3.0,76.15,4.155977066969548
The Cruel King And The Great Hero,2,3.0,159.25,4.155977066969548
Lords Of The Fallen,2,3.0,72.5,4.155977066969548
Alter Echo,2,2.5,134.3,4.097134170120899
Our Church And Halloween Rpg - Story Two,2,2.5,106.25,4.097134170120899
Arcade Archives Jackal,2,2.5,35.4,4.097134170120899
#Blud,2,2.5,112.5,4.097134170120899
Strike Suit Zero: Director'S Cut,2,2.5,142.9,4.097134170120899
One Night Stand,2,2.5,27.45,4.097134170120899
Asemblance: Oversight,2,2.5,112.3,4.097134170120899
Mirror'S Edge Catalyst,2,2.5,112.05000000000001,4.097134170120899
Assassin’S Creed Chronicles: India,2,2.5,39.1,4.097134170120899
L.A. Noire : Les Enquêtes Vr,2,2.5,89.75,4.097134170120899
Blaster Master Zero 2,2,2.5,66.6,4.097134170120899
Dead Alliance : Multiplayer Edition,2,2.5,28.5,4.097134170120899
Pinball Fx2 Vr Ultimate Bundle,2,2.5,114.05000000000001,4.097134170120899
Red Wings: Aces Of The Sky,2,2.5,88.25,4.097134170120899
Music Drive: Chase The Beat,2,2.5,115.7,4.097134170120899
My Hero Academia: All’S Justice,2,2.5,72.94999999999999,4.097134170120899
Super Hyperactive Ninja,2,2.5,96.89999999999999,4.097134170120899
Edna & Harvey: Harvey'S New Eyes,2,2.5,167.39999999999998,4.097134170120899
Aerial_Knight'S Never Yield - Ps4 & Ps5,2,2.5,143.45,4.097134170120899
Sneaky Bears,2,2.5,121.44999999999999,4.097134170120899
Sea Of Solitude,2,2.5,190.25,4.097134170120899
Moonlighter,2,2.5,181.55,4.097134170120899
Martian Panic,2,2.5,31.4,4.097134170120899
9 Monkeys Of Shaolin,2,2.5,145.8,4.097134170120899
Shantae,2,2.0,77.6,4.03829127327225
Crazy Ball,2,2.0,132.9,4.03829127327225
Fruit Ninja Vr,2,2.0,26.700000000000003,4.03829127327225
Pacmaga,2,2.0,153.3,4.03829127327225
My Hero One'S Justice,2,2.0,127.7,4.03829127327225
Andro Dunos Ii,2,2.0,57.25,4.03829127327225
City Of Brass,2,2.0,96.5,4.03829127327225
Wayward Sky,2,1.5,108.75,3.9794483764236013
Underland,2,1.5,149.64999999999998,3.9794483764236013
Lego Star Wars : Le Réveil De La Force,2,1.0,90.1,3.920605479574952
Zj The Ball (Level 5),2,1.0,88.45,3.920605479574952
Blaster Master Zero,1,5.0,62.0,2.731295055171444
Arcade Archives Marchen Maze,1,5.0,194.8,2.731295055171444
Circus Electrique,1,5.0,187.5,2.731295055171444
Perfect Klondike Solitaire Collector'S Edition,1,5.0,172.6,2.731295055171444
Alchemist'S Castle,1,5.0,90.0,2.731295055171444
Angry Video Game Nerd I & Ii Deluxe,1,5.0,182.2,2.731295055171444
Encodya,1,5.0,132.6,2.731295055171444
Falcon Age,1,5.0,174.4,2.731295055171444
Lapis X Labyrinth,1,5.0,59.3,2.731295055171444
Fallen Legion: Sins Of An Empire,1,5.0,16.1,2.731295055171444
Bilkins' Folly,1,5.0,82.6,2.731295055171444
Yorbie,1,5.0,50.0,2.731295055171444
Unit 4,1,5.0,74.9,2.731295055171444
Bloodroots,1,5.0,82.8,2.731295055171444
World War Z,1,5.0,6.6,2.731295055171444
Ashen,1,5.0,12.5,2.731295055171444
Legendary Fishing,1,5.0,137.3,2.731295055171444
Noel The Mortal Fate,1,5.0,168.0,2.731295055171444
Super Rude Bear Resurrection,1,5.0,180.2,2.731295055171444
Caligo,1,5.0,184.3,2.731295055171444
Drive On Moscow,1,5.0,79.1,2.731295055171444
Ninja Jajamaru: The Great Yokai Battle +Hell,1,5.0,99.6,2.731295055171444
Astebreed,1,5.0,13.8,2.731295055171444
Destroy All Humans!,1,5.0,64.5,2.731295055171444
The Last Stand: Aftermath,1,5.0,37.9,2.731295055171444
Full Mojo Rampage,1,5.0,53.5,2.731295055171444
Valfaris: Mecha Therion,1,5.0,148.6,2.731295055171444
Old Man'S Journey,1,5.0,157.2,2.731295055171444
Assassin'S Creed Origins - Édition Deluxe,1,5.0,122.6,2.731295055171444
Shadow Warrior,1,5.0,64.9,2.731295055171444
Replay: Vhs Is Not Dead,1,5.0,55.7,2.731295055171444
Monjum,1,5.0,14.6,2.731295055171444
Mobile Suit Gundam Battle Operation Code Fairy Volume 1 Ps4 & Ps5,1,5.0,6.7,2.731295055171444
Smashing The Battle Ghostsoul,1,5.0,19.7,2.731295055171444
Cybersmash,1,5.0,59.8,2.731295055171444
Arcade Archives Phozon,1,5.0,72.0,2.731295055171444
Arcade Archives Pac-Mania,1,5.0,71.5,2.731295055171444
Arcade Archives Pac & Pal,1,5.0,131.1,2.731295055171444
Arcade Archives Pole Position Ii,1,5.0,42.8,2.731295055171444
Démo De Lego Star Wars : Le Réveil De La Force,1,5.0,82.4,2.731295055171444
Démo De Ghostrunner,1,5.0,118.5,2.731295055171444
Dishonored Definitive Edition,1,5.0,94.0,2.731295055171444
Halloween Candy Break 2 Head To Head,1,5.0,78.6,2.731295055171444
Les Piliers De La Terre,1,5.0,8.9,2.731295055171444
Arcade Archives Mutant Night,1,5.0,60.4,2.731295055171444
River City Saga : Les Trois Royaumes,1,5.0,13.1,2.731295055171444
Okinawa Rush,1,5.0,53.4,2.731295055171444
Lego Star Wars : Le Réveil De La Force,1,5.0,98.7,2.731295055171444
Forgiveness Rpg: The First Chapter (Part Two),1,5.0,86.8,2.731295055171444
Wonder Boy Est De Retour,1,5.0,151.2,2.731295055171444
Destructure: Among Debris,1,5.0,74.9,2.731295055171444
God Of War,1,5.0,56.3,2.731295055171444
Spirit Arena,1,5.0,85.0,2.731295055171444
Black Book,1,5.0,122.4,2.731295055171444
Bat Boy,1,5.0,195.2,2.731295055171444
Going Under,1,5.0,21.9,2.731295055171444
Glitchangels,1,5.0,199.6,2.731295055171444
The Walking Dead: L'Ultime Saison - Demo,1,5.0,39.3,2.731295055171444
Les Chevaliers De Baphomet 5 - La Malédiction Du Serpent,1,5.0,123.2,2.731295055171444
Tanuki Justice,1,5.0,163.0,2.731295055171444
Cazzarion: Ship Hunting,1,5.0,84.2,2.731295055171444
Feudal Alloy,1,5.0,127.4,2.731295055171444
Where The Heart Leads,1,5.0,26.5,2.731295055171444
Virginia: Le Jeu,1,5.0,32.4,2.731295055171444
Lumo,1,5.0,93.7,2.731295055171444
Hyper Light Drifter,1,5.0,131.2,2.731295055171444
Arcade Archives Baraduke,1,5.0,94.9,2.731295055171444
Run To Infinity: Easy Mode,1,5.0,60.2,2.731295055171444
Doom 3: Vr Edition,1,5.0,20.7,2.731295055171444
Alternate Jake Hunter: Daedalus The Awakening Of Golden Jazz,1,5.0,28.2,2.731295055171444
The Walking Dead: A New Frontier - Episode 1,1,5.0,161.0,2.731295055171444
Dawn Of The Monsters Ps4 & Ps5,1,5.0,88.9,2.731295055171444
Mega Man Legacy Collection,1,5.0,29.7,2.731295055171444
Rain City,1,5.0,156.8,2.731295055171444
Home - A Unique Horror Adventure,1,5.0,130.3,2.731295055171444
Blues And Bullets - Episode 1,1,5.0,9.8,2.731295055171444
Alienation,1,5.0,33.9,2.731295055171444
Arcade Archives City Bomber,1,5.0,7.0,2.731295055171444
Willy Morgan And The Curse Of Bone Town,1,5.0,158.9,2.731295055171444
Serial Cleaner,1,5.0,198.9,2.731295055171444
Dynasty Warriors 9,1,5.0,158.7,2.731295055171444
Styx: Master Of Shadows,1,5.0,89.3,2.731295055171444
Subaeria,1,5.0,12.2,2.731295055171444
The Colonists,1,5.0,195.7,2.731295055171444
Arcade Archives Rod Land,1,5.0,171.1,2.731295055171444
Arcade Archives Vendetta,1,5.0,17.4,2.731295055171444
Damascus Gear: Operation Osaka Hd Edition,1,5.0,15.4,2.731295055171444
Arcade Archives Vandyke,1,5.0,82.0,2.731295055171444
Cryzon Part1,1,5.0,77.9,2.731295055171444
Slime-San: Superslime Edition,1,5.0,150.2,2.731295055171444
Cyanide & Happiness - Freakpocalypse (Episode 1),1,5.0,12.7,2.731295055171444
Edna & Harvey: The Breakout – Anniversary Edition,1,4.0,192.3,2.6920682916529977
Marvel Vs. Capcom Fighting Collection: Arcade Classics,1,4.0,133.9,2.6920682916529977
End Space,1,4.0,41.1,2.6920682916529977
Never 7 - The End Of Infinity,1,4.0,169.4,2.6920682916529977
Frogue,1,4.0,100.5,2.6920682916529977
Demon’S Souls,1,4.0,145.5,2.6920682916529977
The Last Of Us Part I,1,4.0,96.3,2.6920682916529977
Death Stranding Director’S Cut,1,4.0,165.2,2.6920682916529977
Arcade Archives Sky Kid,1,4.0,148.4,2.6920682916529977
Death Stranding,1,4.0,179.3,2.6920682916529977
Sonic Superstars,1,4.0,25.4,2.6920682916529977
Devil May Cry 4 Special Edition,1,4.0,40.2,2.6920682916529977
Starwhal,1,4.0,163.4,2.6920682916529977
Koa Et Les Cinq Pirates De Mara,1,4.0,167.1,2.6920682916529977
Zj The Ball Challenge (Level 3C),1,4.0,69.1,2.6920682916529977
Arcade Archives Toy Pop,1,4.0,158.9,2.6920682916529977
Arcade Archives Tutankham,1,4.0,22.1,2.6920682916529977
Adventures Of Chris,1,4.0,178.8,2.6920682916529977
Action Henk,1,4.0,93.6,2.6920682916529977
Arcade Archives Tank Force,1,4.0,124.0,2.6920682916529977
Battle Engine Aquila,1,4.0,109.2,2.6920682916529977
Broforce,1,4.0,154.8,2.6920682916529977
Wildcat Gun Machine,1,4.0,87.7,2.6920682916529977
Gal*Gunvolt Burst,1,4.0,182.1,2.6920682916529977
Kero Blaster,1,4.0,143.9,2.6920682916529977
Gal Guardians: Servants Of The Dark,1,4.0,153.4,2.6920682916529977
Evan'S Remains,1,4.0,10.9,2.6920682916529977
Freedom Planet 2,1,4.0,137.0,2.6920682916529977
The Innsmouth Case,1,4.0,133.4,2.6920682916529977
Assassin'S Creed 4 Black Flag,1,4.0,102.3,2.6920682916529977
Mage Arena: Voicebound,1,4.0,69.5,2.6920682916529977
Spyro Reignited Trilogy,1,4.0,106.5,2.6920682916529977
Senran Kagura Burst Re:Newal,1,4.0,63.0,2.6920682916529977
Arcade Archives Space Seeker,1,4.0,137.4,2.6920682916529977
Arcade Archives Spinal Breakers,1,4.0,108.5,2.6920682916529977
While The Iron'S Hot,1,4.0,162.3,2.6920682916529977
Arcade Archives Qix,1,4.0,159.3,2.6920682916529977
Sacred Citadel,1,4.0,130.8,2.6920682916529977
Trip World Dx,1,4.0,112.7,2.6920682916529977
Crushborgs,1,4.0,131.9,2.6920682916529977
Witching Tower Vr,1,4.0,123.5,2.6920682916529977
Gimmick! Special Edition,1,4.0,55.4,2.6920682916529977
Arcade Archives Vs. Battle City,1,4.0,25.6,2.6920682916529977
Arcade Archives Zing Zing Zip,1,4.0,118.0,2.6920682916529977
Daydreamer: Awakened Edition,1,4.0,172.7,2.6920682916529977
Skibidi Toilet Wars,1,4.0,130.4,2.6920682916529977
Delta Plane Simulator,1,4.0,33.7,2.6920682916529977
Milli & Greg,1,4.0,101.7,2.6920682916529977
Eastern Exorcist,1,4.0,112.4,2.6920682916529977
Sam & Max : Le Petit Théâtre Du Diable,1,4.0,13.2,2.6920682916529977
Arcade Archives Pac-Land,1,4.0,177.5,2.6920682916529977
Rogue Stormers,1,4.0,175.7,2.6920682916529977
Slay The Spire,1,4.0,22.3,2.6920682916529977
Mobile Suit Gundam Extreme Vs. Maxiboost On,1,4.0,47.2,2.6920682916529977
Fear Of Hunger,1,4.0,115.5,2.6920682916529977
Shadow Of The Colossus,1,4.0,144.0,2.6920682916529977
Arcade Archives Bonze Adventure,1,4.0,134.6,2.6920682916529977
Mega Man X Legacy Collection,1,4.0,9.7,2.6920682916529977
Arcade Archives 64Th. Street,1,4.0,85.3,2.6920682916529977
Exitman Deluxe,1,4.0,165.5,2.6920682916529977
S.T.A.L.K.E.R.: Call Of Prypiat - Enhanсed Edition,1,4.0,87.4,2.6920682916529977
Ruiner,1,4.0,27.9,2.6920682916529977
Horace,1,4.0,102.7,2.6920682916529977
Conan Exiles,1,4.0,22.0,2.6920682916529977
Marvel'S Iron Man Vr,1,4.0,63.4,2.6920682916529977
Neo: The World Ends With You,1,4.0,181.2,2.6920682916529977
Nioh : Édition Complète,1,4.0,80.3,2.6920682916529977
Glam'S Incredible Run: Escape From Dukha,1,4.0,163.4,2.6920682916529977
Phantom Doctrine,1,4.0,71.4,2.6920682916529977
Mafia Iii,1,4.0,96.3,2.6920682916529977
Exit The Gungeon,1,4.0,103.2,2.6920682916529977
Tales Of Symphonia Remastered,1,4.0,142.0,2.6920682916529977
Blackwood Crossing,1,4.0,198.6,2.6920682916529977
Black & White Bushido,1,4.0,74.8,2.6920682916529977
Foot Laser,1,4.0,6.2,2.6920682916529977
Ogre Tale,1,4.0,115.9,2.6920682916529977
Football,1,4.0,109.7,2.6920682916529977
Riftstar Raiders,1,4.0,97.0,2.6920682916529977
Heaven Seeker ――The Savior Of This Cruel World,1,4.0,171.3,2.6920682916529977
Shmoup,1,4.0,108.3,2.6920682916529977
Collapsed,1,4.0,172.2,2.6920682916529977
Tumbleseed,1,4.0,63.5,2.6920682916529977
Carrion,1,4.0,126.0,2.6920682916529977
Far Cry 3: Blood Dragon Classic Edition,1,4.0,162.1,2.6920682916529977
Tacoma,1,4.0,173.5,2.6920682916529977
Arcade Archives Kurikinton,1,4.0,41.7,2.6920682916529977
Arcade Archives Jungler,1,4.0,32.1,2.6920682916529977
Arcade Archives Splatter House,1,3.0,129.2,2.652841528134551
Arcade Archives Motos,1,3.0,39.9,2.652841528134551
Arcade Archives Pettan Pyuu,1,3.0,27.1,2.652841528134551
Bunny'S Falling Feast,1,3.0,191.1,2.652841528134551
The Wonderful 101: Remastered,1,3.0,99.5,2.652841528134551
The Walking Vegetables: Radical Edition,1,3.0,18.7,2.652841528134551
Outriders Ps4 & Ps5,1,3.0,178.6,2.652841528134551
Crysis Remastered,1,3.0,130.4,2.652841528134551
One Last Breath,1,3.0,199.6,2.652841528134551
Aircraft Evolution,1,3.0,182.6,2.652841528134551
Super Daryl Deluxe,1,3.0,39.3,2.652841528134551
Bleed,1,3.0,9.4,2.652841528134551
Hero Rescue,1,3.0,109.5,2.652841528134551
Rusty Rangers,1,3.0,115.2,2.652841528134551
For Honor - Standard Edition,1,3.0,169.5,2.652841528134551
Necropolis: A Diabolical Dungeon Delve,1,3.0,106.3,2.652841528134551
Arcade Archives Vs. The Quest Of Ki,1,3.0,13.2,2.652841528134551
Sky Survivors,1,3.0,178.3,2.652841528134551
Arcade Archives Thunder Fox,1,3.0,9.2,2.652841528134551
Sex Shop Simulator,1,3.0,25.6,2.652841528134551
Landflix Odyssey,1,3.0,98.8,2.652841528134551
Caresser Le Serpent,1,3.0,115.1,2.652841528134551
Behind The Frame: Les Plus Beaux Paysages,1,3.0,67.1,2.652841528134551
Organic Panic,1,2.0,68.2,2.613614764616105
Gemini: Heroes Reborn,1,2.0,140.8,2.613614764616105
Piggy Gambit,1,2.0,5.9,2.613614764616105
Run To Infinity,1,2.0,129.4,2.613614764616105
M.A.C.E. Space Shooter,1,2.0,40.0,2.613614764616105
7 Days Heroes,1,2.0,6.6,2.613614764616105
Guacamelee! 2,1,2.0,189.3,2.613614764616105
Gravity Circuit,1,2.0,149.9,2.613614764616105
West Of Dead,1,2.0,116.2,2.613614764616105
Gun Bro,1,2.0,43.8,2.613614764616105
Hack And Shoot Heroes,1,2.0,51.2,2.613614764616105
Shapik: The Quest,1,2.0,172.1,2.613614764616105
Arcade Archives Mouser,1,2.0,123.4,2.613614764616105
Young Souls,1,2.0,183.2,2.613614764616105
Arcade Archives Hopping Mappy,1,2.0,74.7,2.613614764616105
Helvetii,1,2.0,138.1,2.613614764616105
Infernax,1,2.0,182.5,2.613614764616105
Knack 2,1,1.0,85.6,2.5743880010976583
Robo Ret,1,1.0,164.6,2.5743880010976583
King Of Pyramid Thieves,1,1.0,85.9,2.5743880010976583
Venture To The Vile,1,1.0,48.6,2.5743880010976583
Godstrike,1,1.0,31.3,2.5743880010976583
Arcade Archives Rastan Saga,1,1.0,106.2,2.5743880010976583
This Is The Police 2,1,1.0,114.8,2.5743880010976583
Arcade Archives Typhoon Gal,1,1.0,147.7,2.5743880010976583
Just Die Already,1,1.0,186.0,2.5743880010976583
God Eater 3,1,1.0,89.4,2.5743880010976583
Eastshade,1,1.0,109.5,2.5743880010976583
Cuphead,1,1.0,110.0,2.5743880010976583
Dishonored 2,1,1.0,199.1,2.5743880010976583
Arcade Archives Scrambled Egg,1,1.0,53.8,2.5743880010976583
Grow Home,1,1.0,174.7,2.5743880010976583
Arcade Archives Sunsetriders,1,1.0,17.4,2.5743880010976583
Lego Marvel'S Avengers Demo,1,1.0,21.3,2.5743880010976583
The Girl And The Robot,1,1.0,44.1,2.5743880010976583
Castlevania Advance Collection,1,1.0,36.6,2.5743880010976583
Headlander,1,1.0,180.9,2.5743880010976583
Arcade Archives Gangbusters,1,1.0,115.1,2.5743880010976583
Unmetal,1,1.0,145.0,2.5743880010976583
Rwby: Grimm Eclipse,1,1.0,63.8,2.5743880010976583
Nights Of Azure 2: Bride Of The New Moon,1,1.0,40.1,2.5743880010976583
