ds,yhat,yhat_lower,yhat_upper,trend,yearly,genre,is_forecast
2022-01-01,736.9621047879988,710.0771789186753,766.7608952895772,733.62922724,3.332877547998847,Action,False
2022-02-01,660.5372043258394,631.397899785051,689.6827282551599,734.438099077572,-73.90089475173261,Action,False
2022-03-01,715.523673997863,685.676901311438,743.6645098014333,735.1686929981885,-19.645019000325444,Action,False
2022-04-01,714.4096582488744,687.2966823759489,741.1457014874978,735.9775648388711,-21.567906589996685,Action,False
2022-05-01,779.9614686948524,751.3002633853835,807.4207452761502,736.7603440377496,43.20112465710285,Action,False
2022-06-01,731.0850345185917,702.0096627396391,761.8472255411453,737.5692158767412,-6.4841813581495,Action,False
2022-07-01,730.5586399491251,701.2411791363688,759.302131676406,738.3519950757653,-7.793355126640187,Action,False
2022-08-01,757.3150306644173,726.9260877715435,785.5986819793155,739.1608669130163,18.154163751401033,Action,False
2022-09-01,714.878756068186,686.0782037041013,743.2248947123707,739.9697387485436,-25.090982680357534,Action,False
2022-10-01,740.5082848723556,712.4146518361788,769.3491514349445,740.7525179442151,-0.2442330718595156,Action,False
2022-11-01,744.1775299444824,716.3975437339052,771.8493596380924,741.5613897770485,2.6161401674340006,Action,False
2022-12-01,774.2994372085407,745.0563049241927,802.0471807608429,742.3441689664539,31.955268242086763,Action,False
2023-01-01,744.0708144007664,715.8594606450546,774.842653471983,743.1530407955062,0.917773605260245,Action,False
2023-02-01,675.6447003609472,646.7989139887644,705.0097616595434,743.9619126255793,-68.31721226463203,Action,False
2023-03-01,694.4792297886618,665.8034887330168,724.1161406102807,744.6925065338563,-50.21327674519459,Action,False
2023-04-01,735.7931409148632,704.5903747031579,762.1057779632542,745.5013783608773,-9.708237446014142,Action,False
2023-05-01,797.6598222565518,769.6413699147412,827.0577731164605,746.2841521178516,51.37567013870022,Action,False
2023-06-01,739.5566881134421,711.6167798391759,767.6128873562594,747.0930148415066,-7.536326728064498,Action,False
2023-07-01,763.7671353490227,734.1596329140298,792.3382537055442,747.8757852192372,15.891350129785577,Action,False
2023-08-01,747.9231504479561,720.5234418888346,777.0136643453187,748.6836392942688,-0.7604888463126485,Action,False
2023-09-01,709.8713239840531,681.1043530405998,739.0953227365472,749.4909555894994,-39.6196316054463,Action,False
2023-10-01,739.6861484018843,710.1501169729999,765.866000770662,750.2722294235937,-10.586081021709377,Action,False
2023-11-01,771.7607143822042,743.2666687833507,801.0194297278106,751.0794550145853,20.681259367618924,Action,False
2023-12-01,797.5397356847872,769.1491831096191,823.6858199693968,751.8582539370547,45.681481747732555,Action,False
2024-01-01,750.800241179914,721.4692808396182,779.7463413881328,752.6630128236063,-1.8627716436923476,Action,False
2024-02-01,690.2933633517317,660.234660297594,718.6032158722264,753.4581261549824,-63.16476280325069,Action,False
2024-03-01,794.3256244256635,764.5497562415927,822.2868764741164,752.2062992415028,42.11932518416066,Action,False
2024-04-01,707.4566809794959,678.9138572600224,735.1620679209263,750.8681394374385,-43.41145845794257,Action,False
2024-05-01,776.5120074343041,747.5866405025602,805.8436926080146,749.5717747274581,26.940232706845975,Action,False
2024-06-01,744.1769067867933,714.3405243350685,772.1316698884569,748.2260150472999,-4.049108260506562,Action,False
2024-07-01,690.5084407656694,663.8281220675195,720.1558260236852,746.9236669697274,-56.41522620405795,Action,False
2024-08-01,799.6395979349244,769.4085206189409,827.2079494654507,745.5775239961588,54.062073938765586,Action,False
2024-09-01,748.420341981169,718.1314040691923,779.0781886256249,744.2304272089685,4.189914772200439,Action,False
2024-10-01,765.1985751787247,738.1357582902001,793.9942298977456,742.9267851568488,22.271790021875915,Action,False
2024-11-01,709.5095549608285,681.8683612262137,738.1606947956585,741.5796883659293,-32.07013340510079,Action,False
2024-12-01,743.960957034701,713.6043877700132,773.3648735525805,740.2760463065778,3.684910728123219,Action,False
2025-01-01,744.3141436826196,714.0949275173116,772.9480613440838,738.9289495119144,5.385194170705186,Action,False
2025-02-01,657.6647468480718,629.2058495864139,687.2432507268219,737.5818527168859,-79.91710586881413,Action,False
2025-03-01,747.5088236495332,717.941717622667,776.1322941306883,736.3651201308478,11.14370351868535,Action,False
2025-04-01,702.2136251952726,672.5519182222198,730.3844474589876,735.0180233391627,-32.804398143890175,Action,False
2025-05-01,768.7657505905902,738.7869992023764,798.8810353557942,733.7143812826931,35.05136930789708,Action,False
2025-06-01,727.0426140858175,697.6437178966727,756.0517317195502,732.367284491008,-5.324670405190538,Action,False
2025-07-01,699.1604123704465,670.4259653907574,727.0188068048705,731.0636424345387,-31.90323006409225,Action,False
2025-08-01,766.1515033754987,737.3203648365434,794.0445430330105,729.7165456428535,36.43495773264523,Action,False
2025-09-01,717.8904532896818,689.0949884901655,747.1687431321342,728.3694488511684,-10.47899556148658,Action,False
2025-10-01,737.7781986645064,707.8842449304859,766.9602391944957,727.0658067946989,10.712391869807425,Action,False
2025-11-01,710.7437460367265,680.0347573584351,740.4526348099022,725.7187100030138,-14.97496396628728,Action,False
2025-12-01,742.3641030642959,713.0869425678762,769.3795172297765,724.4150679465444,17.9490351177516,Action,False
2026-01-01,726.400848702808,696.081034861497,754.5783713314268,723.0679711548592,3.332877547948949,Action,True
2026-02-01,647.8199796112419,621.8676818092463,676.3955042266535,721.7208743631742,-73.90089475193224,Action,True
2026-03-01,700.8591227767479,673.293441763344,732.9665631949449,720.5041417771359,-19.645019000388032,Action,True
2026-04-01,697.5891383954349,670.2068215977155,727.4554007460152,719.1570449854509,-21.56790659001593,Action,True
2026-05-01,761.0545275862023,732.4149574440245,792.1501124537892,717.8534029289814,43.20112465722087,Action,True
2026-06-01,710.0221247790433,681.9124777258285,738.4973702268579,716.5063061372963,-6.484181358252925,Action,True
2022-01-01,7.458105941996939,5.126517589619017,9.856727928700572,7.36671366,0.0913922819969386,Adult,False
2022-02-01,11.748421818395105,9.388449776761846,14.053373546432685,7.422848569258741,4.325573249136364,Adult,False
2022-03-01,9.63256572540757,7.247203091758969,11.795548245233359,7.473551068012811,2.159014657394759,Adult,False
2022-04-01,5.295134755837169,2.8848666523413953,7.544108154622605,7.5296859773476745,-2.2345512215105057,Adult,False
2022-05-01,7.071067545383401,4.6923008752485496,9.374537319117307,7.584010083067078,-0.5129425376836773,Adult,False
2022-06-01,7.883888370045026,5.628967608761987,10.289835882059041,7.640144992292247,0.24374337775277954,Adult,False
2022-07-01,10.116989481180058,7.784336401587117,12.52286329745938,7.694469097994024,2.422520383186034,Adult,False
2022-08-01,8.310659675781167,6.141206779550449,10.533723790405304,7.7506040071984845,0.5600556685826832,Adult,False
2022-09-01,8.933929206531381,6.7412069922425495,11.245499059797103,7.806738916380836,1.127190290150546,Adult,False
2022-10-01,10.120681585847528,7.905947293834182,12.479865117675825,7.861063022041177,2.2596185638063506,Adult,False
2022-11-01,8.143841803464046,5.877924757258615,10.397434925558676,7.917197931137691,0.22664387232635352,Adult,False
2022-12-01,7.130326939722687,4.692798732923148,9.556560289276952,7.9715220367797945,-0.8411950970571076,Adult,False
2023-01-01,7.208965962447678,4.948031968159497,9.579321634414844,8.027656945943303,-0.8186909834956246,Adult,False
2023-02-01,11.380384408191558,8.960702170448851,13.623397840218352,8.08379185503475,3.296592553156808,Adult,False
2023-03-01,12.55737096475281,10.109458458099075,14.789139639703247,8.13449435351203,4.422876611240779,Adult,False
2023-04-01,5.482905662212139,3.1920196557792684,7.9258568565299425,8.190629262540446,-2.7077236003283067,Adult,False
2023-05-01,7.854393525511089,5.540855491185518,10.095239644168306,8.244953368208316,-0.3905598426972269,Adult,False
2023-06-01,9.244948157259914,7.032810138018556,11.616350422058735,8.30108827732715,0.9438598799327642,Adult,False
2023-07-01,9.916185902871897,7.6356222564182135,12.176314853558893,8.355412382926021,1.5607735199458759,Adult,False
2023-08-01,5.689452415940778,3.436752491594589,8.168644212293895,8.411547292015529,-2.722094876074751,Adult,False
2023-09-01,12.105880815068916,9.990298734881188,14.534178671601136,8.467682200987483,3.6381986140814337,Adult,False
2023-10-01,12.451695812696302,10.011064341745037,14.914251826745785,8.522006306444212,3.929689506252091,Adult,False
2023-11-01,8.9645356514092,6.690865895260213,11.29120104473472,8.578141215535403,0.3863944358737976,Adult,False
2023-12-01,6.478773188071522,4.058540177611205,8.777559744466167,8.632465320996955,-2.153692132925433,Adult,False
2024-01-01,6.970294590798639,4.558560487680227,9.407798908918915,8.688600229973892,-1.7183056391752527,Adult,False
2024-02-01,11.057575836915845,8.645018218802349,13.3198303760151,8.744735138925455,2.3128406979903895,Adult,False
2024-03-01,6.4530689348151675,4.051381555253888,8.727623569410246,8.797248440866149,-2.3441795060509807,Adult,False
2024-04-01,7.492467281101538,4.870907375611548,9.77614310264106,8.853383349837236,-1.3609160687356971,Adult,False
2024-05-01,8.141103298687783,5.647286689633401,10.393055511969242,8.907707455392652,-0.7666041567048695,Adult,False
2024-06-01,7.728522212442421,5.40046247395217,10.103798512014063,8.963842364332704,-1.2353201518902837,Adult,False
2024-07-01,13.039738614016823,10.65538188674493,15.253252722449218,9.018166469758562,4.021572144258262,Adult,False
2024-08-01,16.364425653129608,14.083726630328048,18.471039358945273,9.074301378805828,7.29012427432378,Adult,False
2024-09-01,5.470292280216987,2.9338458439322994,7.664542758091082,9.13043628786336,-3.6601440076463723,Adult,False
2024-10-01,8.02326354090742,5.782214054197621,10.311398481524797,9.184760393402906,-1.1614968524954858,Adult,False
2024-11-01,8.979875246777915,6.623274348662963,11.308804518654158,9.240895302447862,-0.261020055669948,Adult,False
2024-12-01,10.995454421297616,8.684793546632008,13.297007250988386,9.295219407854155,1.7002350134434598,Adult,False
2025-01-01,10.361514172703533,7.922207507224272,12.758400653722566,9.351354316773993,1.0101598559295395,Adult,False
2025-02-01,14.806157601184712,12.56929099828633,16.976880758596387,9.407489225651632,5.398668375533079,Adult,False
2025-03-01,9.360703533045303,7.114695736148232,11.710731076060508,9.458191724109499,-0.09748819106419554,Adult,False
2025-04-01,7.7286227549689706,5.430817077247242,10.055566764342565,9.514326633116426,-1.7857038781474546,Adult,False
2025-05-01,8.930261949080563,6.447518330822875,11.352541532695819,9.568650738607,-0.6383887895264362,Adult,False
2025-06-01,9.141940361015456,6.760535327985196,11.378826856566539,9.624785647613924,-0.4828452865984687,Adult,False
2025-07-01,12.922494815907056,10.490336462172777,15.273087196304965,9.679109753104498,3.2433850628025582,Adult,False
2025-08-01,13.633857868220357,11.363823745057632,15.867500375324713,9.735244662111425,3.8986132061089314,Adult,False
2025-09-01,8.484990384665554,6.213450331445587,10.685905761727852,9.79137957111835,-1.3063891864527957,Adult,False
2025-10-01,10.40732788291769,8.134479446122404,12.615154070998846,9.845703676608924,0.5616242063087651,Adult,False
2025-11-01,9.912501847346647,7.568656168823623,12.187220054059956,9.90183858561585,0.010663261730795348,Adult,False
2025-12-01,10.400222428058845,8.187868928168932,12.783609959482883,9.956162691106424,0.44405973695241974,Adult,False
2026-01-01,10.103689882116818,7.746846231263073,12.39518277308313,10.01229760011335,0.09139228200346938,Adult,True
2026-02-01,14.394005758254686,12.143472494450258,16.590578836433625,10.068432509120276,4.325573249134409,Adult,True
2026-03-01,12.278149664979978,10.0279385840572,14.581696275710117,10.119135007578146,2.1590146574018316,Adult,True
2026-04-01,7.94071869509294,5.732044585122638,10.35305287927732,10.175269916585071,-2.234551221492131,Adult,True
2026-05-01,9.716651484384693,7.194286701921912,12.057753980548327,10.229594022075645,-0.5129425376909517,Adult,True
2026-06-01,10.529472308843582,8.215219901495502,12.73717421830722,10.285728931082572,0.24374337776100996,Adult,True
2022-01-01,1050.6874544855823,1022.9324695879261,1081.9464404269713,1042.4765364,8.21091808558229,Adventure,False
2022-02-01,941.1721059608625,911.4461577604683,969.8348475730272,1042.8625008516365,-101.690394890774,Adventure,False
2022-03-01,1062.3824268836142,1032.5229012233438,1092.4308594586757,1043.211113892894,19.17131299072033,Adventure,False
2022-04-01,1006.8723441881662,975.6913712055521,1035.0026122109198,1043.5970783314292,-36.724734143263,Adventure,False
2022-05-01,1065.407428185493,1037.6304724477761,1098.0787695045526,1043.970592341123,21.436835844370123,Adventure,False
2022-06-01,1028.2752749846056,997.3321211157393,1057.4904186158317,1044.356556837246,-16.081281852640302,Adventure,False
2022-07-01,1076.4528629090707,1048.492208468589,1107.565428499621,1044.730070865752,31.72279204331877,Adventure,False
2022-08-01,1080.21464115421,1052.3545613214965,1110.6834434985692,1045.1160353340383,35.09860582017174,Adventure,False
2022-09-01,1014.8095160871168,985.3623463220403,1046.1027822302315,1045.5019998032349,-30.692483716118144,Adventure,False
2022-10-01,1042.6626420321645,1014.8117234905483,1073.7925809866033,1045.875513805683,-3.2128717735186747,Adventure,False
2022-11-01,1018.8208941477959,990.0215772933698,1048.256445916911,1046.2614782943538,-27.4405841465579,Adventure,False
2022-12-01,1069.908422844043,1037.8039333276595,1101.0724840923247,1046.6349923111645,23.27343053287845,Adventure,False
2023-01-01,1063.6490855827371,1033.0246647238596,1093.4901041553092,1047.0209567952022,16.62812878753501,Adventure,False
2023-02-01,951.89953381329,923.8047964760539,982.4826966720526,1047.4017778066702,-95.50224399338022,Adventure,False
2023-03-01,1057.4252792406785,1029.5072705914106,1088.0720227103695,1047.741649557738,9.683629682940614,Adventure,False
2023-04-01,1004.7033948007352,974.3007564926039,1035.3808678516925,1048.1179361392772,-43.414541338542016,Adventure,False
2023-05-01,1080.0202786186628,1050.9997351716904,1109.934764677215,1048.4620242873607,31.558254331302198,Adventure,False
2023-06-01,1022.8176310211612,992.3203254158576,1051.757498711472,1047.9442223573803,-25.126591336219146,Adventure,False
2023-07-01,1084.4364370464955,1053.2246696713134,1114.8131297785906,1047.4431237154638,36.993313331031764,Adventure,False
2023-08-01,1094.9887224766128,1067.2422693260569,1125.091414231111,1046.9201643009417,48.06855817567113,Adventure,False
2023-09-01,1009.59375826176,977.9413485669173,1039.5904866678386,1046.3909079730217,-36.79714971126176,Adventure,False
2023-10-01,1026.9109892215106,998.480138240492,1058.060171862546,1045.8787244298733,-18.967735208362775,Adventure,False
2023-11-01,1028.1668476014845,998.3940205693913,1055.1220251442542,1045.3453882011406,-17.178540599656113,Adventure,False
2023-12-01,1063.3240108757004,1032.8663516987135,1095.820535275133,1044.822143883238,18.501866992462457,Adventure,False
2024-01-01,1069.3985940829718,1040.1193384138912,1099.9370619010288,1044.2814580880718,25.117135994900075,Adventure,False
2024-02-01,954.2213671702845,920.7738130422905,984.8764674794234,1043.7260647311523,-89.50469756086785,Adventure,False
2024-03-01,1080.803410111255,1050.9267386447168,1111.544060263054,1043.2038823076998,37.59952780355515,Adventure,False
2024-04-01,1019.9817180679678,985.554473365994,1048.8058809809736,1042.6456873033192,-22.66396923535139,Adventure,False
2024-05-01,1043.398007168178,1014.2302670104667,1073.5166371938697,1042.1054986033687,1.2925085648094496,Adventure,False
2024-06-01,1043.6537871933645,1012.3696272668114,1074.1282240221724,1041.5473025186393,2.106484674725059,Adventure,False
2024-07-01,1062.8116389489721,1032.7439111430926,1094.7596331746322,1041.0071127592237,21.80452618974844,Adventure,False
2024-08-01,1048.9507355971184,1019.0810686857786,1077.0812009794904,1040.4489166476924,8.501818949426127,Adventure,False
2024-09-01,1020.2506324476554,988.42814630095,1048.396286073601,1039.8907205571645,-19.64008810950905,Adventure,False
2024-10-01,1068.1430747607237,1039.6463132275899,1099.1763346217656,1039.3505307921375,28.792543968586106,Adventure,False
2024-11-01,991.5634538718717,960.6213245057212,1021.4914913176344,1038.7923346712062,-47.22888079933447,Adventure,False
2024-12-01,1071.2571881502363,1039.6335528595678,1099.9034032470777,1038.2521448891503,33.00504326108599,Adventure,False
2025-01-01,1037.5696266065406,1006.9006031215367,1067.0799868624922,1037.6939487810262,-0.12432217448559196,Adventure,False
2025-02-01,929.0749206577152,899.3640844518497,958.3600026324195,1037.1357527030325,-108.06083204531726,Adventure,False
2025-03-01,1065.1120932287668,1033.2379945566365,1095.6342294997676,1036.6315756075119,28.480517621254908,Adventure,False
2025-04-01,1006.268437745135,976.1574842225575,1037.1740903766781,1036.073379537471,-29.804941792336113,Adventure,False
2025-05-01,1046.8789541706738,1015.2407851438594,1078.6149451348617,1035.5331897922704,11.345764378403446,Adventure,False
2025-06-01,1027.9734118532574,998.0617459347387,1058.167123395524,1034.9749937222296,-7.001581868972057,Adventure,False
2025-07-01,1061.0919320711612,1028.6625868986569,1091.8630578148957,1034.434803977029,26.657128094132084,Adventure,False
2025-08-01,1055.7814509047353,1025.591464177564,1085.1942310548516,1033.8766079069883,21.904842997747043,Adventure,False
2025-09-01,1008.3473920845108,980.0762736845887,1039.738308996515,1033.3184118369475,-24.971019752436646,Adventure,False
2025-10-01,1045.4914662565254,1016.4067381282579,1075.1663549883976,1032.7782220917468,12.713244164778605,Adventure,False
2025-11-01,994.7607764549095,965.4748196906056,1027.452798470327,1032.2200260217062,-37.459249566796636,Adventure,False
2025-12-01,1059.7876473837537,1031.0973134987098,1088.3412369793027,1031.6798362765055,28.107811107248178,Adventure,False
2026-01-01,1039.332558291928,1008.6228811041472,1068.0611817617655,1031.1216402064647,8.210918085463398,Adventure,True
2026-02-01,928.8730492456459,897.2380400414828,959.5761766952502,1030.5634441364239,-101.69039489077791,Adventure,True
2026-03-01,1049.2305800315771,1017.7804280634184,1080.08015722571,1030.0592670409033,19.171312990673943,Adventure,True
2026-04-01,992.7763368275401,963.906003522938,1023.9433517955414,1029.5010709708627,-36.724734143322486,Adventure,True
2026-05-01,1050.3977170700473,1020.8825608024401,1078.8097321717078,1028.9608812256618,21.436835844385445,Adventure,True
2026-06-01,1012.3214033028278,982.8074669425545,1041.966118957868,1028.4026851556212,-16.08128185279337,Adventure,True
2022-01-01,658.045134784383,633.8232637648427,682.969106004168,635.9551898799999,22.08994490438305,Arcade,False
2022-02-01,591.0444245875104,569.3649667060581,615.382026654147,635.9529277804013,-44.908503192890855,Arcade,False
2022-03-01,645.9094810699542,621.9380755645818,668.9509461904562,635.9508845897336,9.958596480220516,Arcade,False
2022-04-01,625.494494624014,602.3385449302892,648.5439555761798,635.9486224857802,-10.454127861766164,Arcade,False
2022-05-01,651.7476197976126,628.9293014633224,675.2423850728311,635.9464333558255,15.801186441787095,Arcade,False
2022-06-01,642.9963325603175,622.1866457535895,666.4650286884959,635.9441712562099,7.052161304107596,Arcade,False
2022-07-01,650.9544030691997,628.4785338280175,672.2659758065242,635.9419821275494,15.012420941650236,Arcade,False
2022-08-01,664.7958477342384,642.2615964418857,688.835999240583,635.9397200314279,28.856127702810465,Arcade,False
2022-09-01,609.440865383142,585.7187997264635,632.6228094679379,635.9374579318227,-26.496592548680706,Arcade,False
2022-10-01,630.3113905338887,606.6473467633001,653.6780769513693,635.9352688031726,-5.623878269283866,Arcade,False
2022-11-01,649.2196882747689,625.4410102610632,670.1463725466347,635.9330067056447,13.286681569124159,Arcade,False
2022-12-01,659.3996038810343,635.5294200260893,684.2115809179045,635.9308175721015,23.468786308932724,Arcade,False
2023-01-01,661.7881712729474,638.2266014009795,684.4421139931574,635.9285554674403,25.859615805506973,Arcade,False
2023-02-01,586.9506909015103,563.57190867241,611.0512810261928,635.9262933613746,-48.97560245986438,Arcade,False
2023-03-01,648.4184426660153,626.5849518526475,672.2277243613477,635.9242478659623,12.49419480005295,Arcade,False
2023-04-01,613.3130796797755,590.7247007116246,636.6491630613796,635.9219832103274,-22.608903530551913,Arcade,False
2023-05-01,653.9217075416187,629.2774858940267,677.6322054480015,635.9197858690724,18.00192167254637,Arcade,False
2023-06-01,647.7719343106775,624.6711538330087,673.7790615554574,635.9165258778803,11.855408432797212,Arcade,False
2023-07-01,660.8800903480414,636.6940806393656,683.5173911532004,635.9133710476942,24.9667193003472,Arcade,False
2023-08-01,669.9334383300827,645.8932711027658,693.2780052518215,635.91011105408,34.02332727600275,Arcade,False
2023-09-01,589.8045705957202,566.3331982887544,613.41531349879,635.9068476918811,-46.10227709616097,Arcade,False
2023-10-01,623.0071260841535,600.1084481233662,645.2835789878976,635.9036895994304,-12.896563515276918,Arcade,False
2023-11-01,662.4603919395282,637.7653046753745,686.8324436508909,635.900426235789,26.559965703739184,Arcade,False
2023-12-01,661.8363592474205,637.7556288010055,684.4991410321612,635.8972681370562,25.93909111036428,Arcade,False
2024-01-01,665.3529936990944,642.7023403872867,689.5449731828605,635.8940047683656,29.45898893072884,Arcade,False
2024-02-01,582.7662304919891,559.6739359849381,606.5888928184067,635.8907414048862,-53.12451091289705,Arcade,False
2024-03-01,640.3979909825393,618.8320732734306,662.6330200425632,635.8876885829097,4.510302399629633,Arcade,False
2024-04-01,649.8822186832114,625.575697920516,672.8165305802518,635.8844252214866,13.997793461724779,Arcade,False
2024-05-01,648.162692375342,625.078795749936,672.0614541671413,635.8843463789987,12.278345996343356,Arcade,False
2024-06-01,633.869765183558,611.1844928398466,656.8872929342359,635.8856546432445,-2.0158894596864476,Arcade,False
2024-07-01,630.6561186435766,608.8930568445168,652.9239898019579,635.886920705418,-5.230802061841404,Arcade,False
2024-08-01,652.9056389639543,630.40705655792,676.8470811337926,635.8926217531592,17.013017210795006,Arcade,False
2024-09-01,648.0274519915088,625.0897512657173,671.6544138951705,635.9131614905823,12.114290500926451,Arcade,False
2024-10-01,646.2392735579405,621.4896982891303,669.9324884041973,635.9330386558306,10.3062349021099,Arcade,False
2024-11-01,625.1180222896388,602.6401081120747,648.2946601418639,637.5690917598271,-12.45106947018828,Arcade,False
2024-12-01,657.3867069974119,633.7330713704861,683.3225548512945,639.1562149641343,18.230492033277596,Arcade,False
2025-01-01,658.9507332130659,634.7294311385219,681.4233736635346,640.7962422752516,18.154490937814217,Arcade,False
2025-02-01,601.5145729915926,579.3933451850671,625.9988369200647,642.4407572030059,-40.926184211413315,Arcade,False
2025-03-01,651.2283918731302,627.8084604184446,674.8808714371058,643.9304805885611,7.297911284569201,Arcade,False
2025-04-01,647.3325193280637,624.4840713375033,668.6151668121871,645.579817193997,1.7527021340666855,Arcade,False
2025-05-01,661.0689647166759,638.8924968131003,686.1436407987627,647.175949392806,13.8930153238698,Arcade,False
2025-06-01,651.2505855395688,628.0902610433775,675.0601613633178,648.825285998242,2.4252995413267695,Arcade,False
2025-07-01,655.3629773241017,633.619053259175,679.8258784602357,650.421418197051,4.941559127050732,Arcade,False
2025-08-01,675.2556013110814,650.7616418687879,698.0764058957265,652.0707548024869,23.184846508594426,Arcade,False
2025-09-01,646.6370078501011,625.1028325633963,671.2277818127372,653.720091407923,-7.083083557821807,Arcade,False
2025-10-01,657.4302308695559,635.0051953461119,679.5232395344028,655.3162236067319,2.114007262823934,Arcade,False
2025-11-01,657.2440081207791,632.790356458709,680.0197997013466,656.9655602121679,0.2784479086111613,Arcade,False
2025-12-01,679.4581683023135,656.01550155295,701.4035974249368,658.5616924109769,20.89647589133663,Arcade,False
2026-01-01,682.3009739208015,657.8446703055798,705.4923693006594,660.2110290164129,22.08994490438866,Arcade,True
2026-02-01,616.951862429009,593.1251968990431,639.7877142862641,661.8603656218488,-44.90850319283985,Arcade,True
2026-03-01,673.3086854876714,649.106459633218,697.5756469017563,663.350089007404,9.95859648026737,Arcade,True
2026-04-01,654.5452977510337,631.8434073067936,677.9852428091294,664.9994256128399,-10.454127861806173,Arcade,True
2026-05-01,682.3967442535057,658.9334179269188,706.9461212418421,666.595557811649,15.801186441856764,Arcade,True
2026-06-01,675.297055721135,651.9588212077294,699.1578270221369,668.2448944170849,7.052161304050215,Arcade,True
2022-01-01,86.4272607262993,78.86544252211539,94.33125223873209,80.28630248,6.140958246299286,Beat 'Em Up,False
2022-02-01,75.87944514398554,68.30852806376198,84.14022594934848,80.19541148281748,-4.315966338831937,Beat 'Em Up,False
2022-03-01,87.8259453269804,80.54520772579204,95.778994021529,80.11331639043158,7.712628936548821,Beat 'Em Up,False
2022-04-01,79.12790224633667,72.08478668560703,86.84367477620208,80.02242539529004,-0.8945231489533635,Beat 'Em Up,False
2022-05-01,80.48115946329779,72.82767726020995,88.80533654526387,79.93446636512178,0.54669309817601,Beat 'Em Up,False
2022-06-01,79.70412680739452,72.24769232630932,87.41482218329557,79.84357536502226,-0.13944855762775077,Beat 'Em Up,False
2022-07-01,83.48280785685328,75.37403723093132,91.26043336569509,79.75561633266788,3.727191524185403,Beat 'Em Up,False
2022-08-01,77.19928099558186,70.15219188323124,85.16419328737986,79.66472532894637,-2.4654443333645135,Beat 'Em Up,False
2022-09-01,77.67295654429806,70.07585899814752,85.03843978537367,79.57383432380283,-1.9008777795047622,Beat 'Em Up,False
2022-10-01,76.02130519127424,68.37326521606819,83.8779752635596,79.48587528656714,-3.4645700952928933,Beat 'Em Up,False
2022-11-01,82.38394521929631,74.10609721333029,90.5067515154861,79.39498428236712,2.9889609369291916,Beat 'Em Up,False
2022-12-01,80.27429757569338,72.77475898422645,87.93705740869541,79.30702524766632,0.9672723280270636,Beat 'Em Up,False
2023-01-01,86.27603607154369,77.8290760859647,93.55780300453918,79.21613424514217,7.05990182640152,Beat 'Em Up,False
2023-02-01,71.77554341677795,63.994470854082095,79.58385135085089,79.12524324035483,-7.3496998235768825,Beat 'Em Up,False
2023-03-01,88.29913433999926,80.6447581632502,96.3049386288431,79.04314813930473,9.255986200694524,Beat 'Em Up,False
2023-04-01,79.53615288517928,71.28571888568659,87.0279633643894,78.95225713457071,0.5838957506085592,Beat 'Em Up,False
2023-05-01,76.20672740841925,68.35115516264194,84.54112441335575,78.86429809585671,-2.6575706874374503,Beat 'Em Up,False
2023-06-01,80.93641844868533,73.04803131790078,89.20041871666177,78.77340708786537,2.1630113608199606,Beat 'Em Up,False
2023-07-01,83.57093120864938,75.48833686774054,91.6036080036144,78.68544804787373,4.885483160775646,Beat 'Em Up,False
2023-08-01,74.72900403981903,66.90170997634549,82.318654812839,78.59455709301082,-3.86555305319179,Beat 'Em Up,False
2023-09-01,76.19980410010125,68.44052580278706,83.69239148600352,78.50366613805916,-2.3038620379579093,Beat 'Em Up,False
2023-10-01,72.39181455477453,64.74336338906654,79.91003464512661,78.41570714939627,-6.023892594621749,Beat 'Em Up,False
2023-11-01,85.40756739160383,77.83443766907264,93.06817575120986,78.32481733175143,7.082750059852398,Beat 'Em Up,False
2023-12-01,78.42315279245048,69.75702093026139,85.96868405942817,78.23685965883091,0.18629313361956457,Beat 'Em Up,False
2024-01-01,86.07705836582,77.98647496506534,94.4466996241233,78.14597006347972,7.931088302340274,Beat 'Em Up,False
2024-02-01,67.6770436754847,60.37568339353023,75.35682809182198,78.0550804700577,-10.378036794573001,Beat 'Em Up,False
2024-03-01,82.72066844787261,74.90760194719786,90.0921130543855,77.9700547245894,4.750613723283211,Beat 'Em Up,False
2024-04-01,73.9121175670417,65.96646969391371,81.43612590922844,77.87916513460604,-3.9670475675643337,Beat 'Em Up,False
2024-05-01,84.78935429694867,76.5483928724745,92.5405284715467,77.79120746636201,6.99814683058666,Beat 'Em Up,False
2024-06-01,73.10469984142435,65.43487682915418,80.78434769341608,77.70031787425108,-4.595618032826731,Beat 'Em Up,False
2024-07-01,78.87468687651302,71.75143782779642,86.72544861122454,77.61236020446631,1.2623266720467121,Beat 'Em Up,False
2024-08-01,77.74365304913589,69.93936487257272,85.14464939404579,77.5214706152026,0.22218243393328457,Beat 'Em Up,False
2024-09-01,76.30764959063733,68.55417188604596,84.47040889698707,77.43058102667632,-1.122931436038999,Beat 'Em Up,False
2024-10-01,79.2054227307055,71.21218854014812,86.32192372492483,77.34262336036056,1.862799370344936,Beat 'Em Up,False
2024-11-01,72.15758412103752,64.13126454671438,80.23795812700644,77.25173377098328,-5.094149649945767,Beat 'Em Up,False
2024-12-01,79.55732857622607,72.0836107051483,87.35248332130135,77.16377610660042,2.393552469625652,Beat 'Em Up,False
2025-01-01,82.24720680915235,74.59710201435743,90.83836429232967,77.07288652007148,5.174320289080865,Beat 'Em Up,False
2025-02-01,75.70204035030648,68.74411688663389,83.91072301202907,76.98199693443073,-1.2799565841242555,Beat 'Em Up,False
2025-03-01,83.11024447908213,75.06578954320099,91.28501259480849,76.89990311325343,6.210341365828696,Beat 'Em Up,False
2025-04-01,74.39707085679592,66.70487283440214,82.09067857212648,76.80901352552142,-2.411942668725502,Beat 'Em Up,False
2025-05-01,80.48720063024845,72.29274070642073,88.45345583700895,76.72105585997433,3.7661447702741304,Beat 'Em Up,False
2025-06-01,74.23712548844316,66.288516912728,82.5753416171404,76.63016627224232,-2.3930407837991723,Beat 'Em Up,False
2025-07-01,79.06115161682649,71.20360932964383,86.75005358132402,76.54220860669523,2.51894301013127,Beat 'Em Up,False
2025-08-01,75.34893797657197,67.28733350395258,83.19832018773616,76.45131901896323,-1.1023810423912632,Beat 'Em Up,False
2025-09-01,74.85372348073162,67.09489156968597,82.19085702050528,76.36042943123122,-1.5067059504996059,Beat 'Em Up,False
2025-10-01,75.43748442153827,67.07702544021055,82.9911221959566,76.27247176568412,-0.8349873441458506,Beat 'Em Up,False
2025-11-01,75.11025876743167,67.1164123603329,82.4431986757419,76.18158217795211,-1.071323410520432,Beat 'Em Up,False
2025-12-01,77.79648989495512,69.99881373062868,85.19368593601101,76.09362451240501,1.7028653825501043,Beat 'Em Up,False
2026-01-01,82.1436931709772,74.2962474183229,90.31216962610355,76.00273492467302,6.140958246304183,Beat 'Em Up,True
2026-02-01,71.59587899811538,63.96489269930235,79.67360979116835,75.91184533694101,-4.315966338825626,Beat 'Em Up,True
2026-03-01,83.54238045232867,75.52592010107098,91.4368349848046,75.82975151576372,7.7126289365649505,Beat 'Em Up,True
2026-04-01,74.84433877908025,67.34399837234918,83.01974669904122,75.73886192803172,-0.8945231489514762,Beat 'Em Up,True
2026-05-01,76.19759736064945,67.80367644723363,83.40890350790023,75.65090426248462,0.5466930981648337,Beat 'Em Up,True
2026-06-01,75.42056611711614,67.80509341202172,83.25244257419304,75.56001467475262,-0.13944855763647918,Beat 'Em Up,True
2022-01-01,49.346343799998735,42.52264592109725,56.337396218653716,46.2987161,3.0476276999987344,Brain Training,False
2022-02-01,44.188940258525705,37.57771171150016,50.91718005577776,46.35444124486364,-2.165500986337933,Brain Training,False
2022-03-01,44.863660081715594,38.20415393059329,51.14494686408503,46.404773620825665,-1.541113539110071,Brain Training,False
2022-04-01,46.23695335701599,39.97300397972721,52.095068521864974,46.46049875135505,-0.22354539433905585,Brain Training,False
2022-05-01,55.53807550701093,49.03261846361242,62.11452776067204,46.514426282898675,9.023649224112258,Brain Training,False
2022-06-01,43.03575396823184,36.08006405289016,49.3318530877799,46.57015137648352,-3.534397408251686,Brain Training,False
2022-07-01,46.01679509587938,39.515172427208405,52.02314423706854,46.62407888640435,-0.6072837905249686,Brain Training,False
2022-08-01,52.79867418475613,46.18143002325115,59.000560146255594,46.679803985280145,6.118870199475984,Brain Training,False
2022-09-01,48.997289524706446,43.11005753407284,55.45940693666416,46.73552906205729,2.2617604626491596,Brain Training,False
2022-10-01,47.19137419901245,40.61205179901593,53.763536097817195,46.78945655571258,0.40191764329987045,Brain Training,False
2022-11-01,39.997401452276385,33.68644270724401,46.3106580387986,46.8451815985128,-6.847780146236414,Brain Training,False
2022-12-01,51.030180913240834,44.652180188084614,57.75805125376482,46.899109059614105,4.131071853626731,Brain Training,False
2023-01-01,50.39832872847257,43.8588185618758,57.028104135081676,46.954834102752116,3.443494625720453,Brain Training,False
2023-02-01,42.55032495868945,36.2864231878194,48.9637220726044,47.010559155668645,-4.460234196979194,Brain Training,False
2023-03-01,46.76556011508528,40.033750654255876,53.092655175904305,47.06089144259109,-0.2953313275058128,Brain Training,False
2023-04-01,47.33769306565897,40.92049607168986,53.52784063650781,47.11661647454094,0.22107659111802916,Brain Training,False
2023-05-01,57.719655227619896,50.77651240419958,64.00477972579594,47.170543960903075,10.549111266716825,Brain Training,False
2023-06-01,44.543008964450436,37.712321347944105,50.53262919454492,47.22626900651851,-2.6832600420680714,Brain Training,False
2023-07-01,41.25432300702527,34.80905467862529,47.48801217792697,47.280196470017316,-6.0258734629920445,Brain Training,False
2023-08-01,56.68167292260672,50.08992515275295,63.14431331352213,47.335921555195945,9.34575136741078,Brain Training,False
2023-09-01,48.6458754816385,42.63911315138509,55.169953589196744,47.39164668646071,1.2542287951777884,Brain Training,False
2023-10-01,49.21596050366408,42.51542757403725,55.780344499472655,47.445574232845956,1.7703862708181248,Brain Training,False
2023-11-01,41.51296118157983,34.657317757114384,48.255691631766375,47.501313491539214,-5.9883523099593825,Brain Training,False
2023-12-01,50.64410906866101,44.397865519355676,57.088519066933195,47.55525472513128,3.088854343529734,Brain Training,False
2024-01-01,51.42811617348743,45.13641101484849,58.18096281627393,47.610993999843075,3.8171221736443597,Brain Training,False
2024-02-01,40.92619663188554,34.6542196707858,47.210136120576294,47.6667366467167,-6.740540014831162,Brain Training,False
2024-03-01,43.81682720005878,37.52948089350427,50.17762469290956,47.71888305623345,-3.902055856174673,Brain Training,False
2024-04-01,46.70385332703672,40.79510564842144,52.85493465360664,47.77462576985481,-1.0707724428180863,Brain Training,False
2024-05-01,53.723347131668305,47.40108112315568,60.822386599285174,47.828580720445274,5.894766411223033,Brain Training,False
2024-06-01,42.38133744205977,35.70003482331849,48.81386631023383,47.88433418355958,-5.502996741499814,Brain Training,False
2024-07-01,58.2487516155261,51.66714136432114,64.71138425283529,47.93828914786374,10.31046246766236,Brain Training,False
2024-08-01,47.85823106772654,41.79095896621535,54.170032497738426,47.994042648695995,-0.13581158096945323,Brain Training,False
2024-09-01,52.33786023738938,46.10529715708002,58.624837044979834,48.04979618837792,4.2880640490114565,Brain Training,False
2024-10-01,45.811706079652396,39.95156150211318,52.14714284312506,48.10375122677977,-2.2920451471273737,Brain Training,False
2024-11-01,39.50244223034475,33.24126737257246,46.1890872142974,48.159504794829914,-8.657062564485168,Brain Training,False
2024-12-01,54.34875427276066,48.26430061668398,60.8229854431739,48.21345984585143,6.135294426909224,Brain Training,False
2025-01-01,50.89812142791758,43.91035260853249,56.79582440572463,48.269213398573676,2.6289080293439024,Brain Training,False
2025-02-01,48.46603176210746,42.165955361125185,54.92611108003952,48.32496693870121,0.14106482340625692,Brain Training,False
2025-03-01,45.63156589593734,39.2851674035412,52.10569619828151,48.37532496356695,-2.743759067629611,Brain Training,False
2025-04-01,47.77643014814547,41.396732348168925,54.2198048465754,48.4310784910969,-0.6546483429514252,Brain Training,False
2025-05-01,55.95651216224255,49.938857246364094,62.40727543589717,48.48503351773877,7.4714786445037795,Brain Training,False
2025-06-01,44.066448163859675,37.764614161439276,50.4511827495886,48.5407870452687,-4.474338881409025,Brain Training,False
2025-07-01,53.43469470169947,46.85950319809893,59.4907569445613,48.59474207191058,4.839952629788889,Brain Training,False
2025-08-01,51.608241219892804,45.45860053066503,57.91817325738874,48.65049559944051,2.957745620452296,Brain Training,False
2025-09-01,51.97930298972399,45.52608616982884,57.97253146936742,48.706249126970455,3.273053862753538,Brain Training,False
2025-10-01,47.80741552138823,41.63593947878072,54.29840538150838,48.76020415361232,-0.9527886322240942,Brain Training,False
2025-11-01,41.078176775502094,34.3089792668394,47.66433182730921,48.81595768114226,-7.737780905640164,Brain Training,False
2025-12-01,54.01675515972508,47.185935299523436,60.42428224958258,48.86991270778414,5.146842451940938,Brain Training,False
2026-01-01,51.97329393532211,45.4683425879422,58.37973099676264,48.92566623531407,3.04762770000804,Brain Training,True
2026-02-01,46.81591877651353,40.36284967495989,53.132113763695735,48.981419762844006,-2.1655009863304753,Brain Training,True
2026-03-01,47.49066424859817,41.17002739256886,54.321464341161374,49.03177778770976,-1.5411135391115867,Brain Training,True
2026-04-01,48.863985920904156,42.362130653052425,55.13442088153535,49.08753131523969,-0.2235453943355306,Brain Training,True
2026-05-01,58.165135566003265,51.70467437938299,63.88414426600101,49.14148634188156,9.023649224121705,Brain Training,True
2026-06-01,45.662842461167166,39.39299448800295,52.35132529837841,49.197239869411504,-3.534397408244341,Brain Training,True
2022-01-01,46.93638099204214,41.06490050321554,52.77177787193167,47.98017664,-1.0437956479578663,Card & Board Game,False
2022-02-01,35.72391711461952,29.813847151879838,41.63218958531759,48.04680960187972,-12.322892487260205,Card & Board Game,False
2022-03-01,53.80824120688599,48.215727223868136,59.60074012503267,48.106994214505036,5.701246992380952,Card & Board Game,False
2022-04-01,41.813549787020655,35.809034394982405,47.77853884735503,48.173627178483066,-6.360077391462411,Card & Board Game,False
2022-05-01,48.430218229213935,42.83713568196341,54.16977324803327,48.238110692476184,0.19210753673775116,Card & Board Game,False
2022-06-01,44.44620663466741,38.12240752017518,50.24646733442005,48.30474365881492,-3.858537024147509,Card & Board Game,False
2022-07-01,51.058943685588744,45.61374089223998,56.73270691897592,48.369227174626616,2.6897165109621284,Card & Board Game,False
2022-08-01,51.55443793610344,45.490467736954216,57.14444748577351,48.43586014075528,3.1185777953481555,Card & Board Game,False
2022-09-01,45.1598548062805,38.86368589813234,50.926589007123525,48.50249310612163,-3.342638299841127,Card & Board Game,False
2022-10-01,47.12718689189373,41.47641405003113,53.08201754389305,48.56697662099227,-1.4397897290985426,Card & Board Game,False
2022-11-01,47.35074883573158,41.204662100394586,53.121330133607714,48.63360958785235,-1.2828607521207687,Card & Board Game,False
2022-12-01,48.10266847333856,42.11310763418268,54.07881649837563,48.6980931040674,-0.5954246307288358,Card & Board Game,False
2023-01-01,52.44368974947193,46.630513293751235,58.29937761304761,48.76472607082295,3.678963678648973,Card & Board Game,False
2023-02-01,36.756126661955506,30.98297461628774,42.74785855217383,48.831359039136935,-12.075232377181425,Card & Board Game,False
2023-03-01,55.412451996896806,49.45073851081137,61.11955445231442,48.89154365528001,6.520908341616792,Card & Board Game,False
2023-04-01,40.47970214501477,34.85963571415542,46.37012082526555,48.9581766231527,-8.478474478137933,Card & Board Game,False
2023-05-01,48.427424196053686,42.98761676390139,54.048658413055804,49.022660140630265,-0.5952359445765794,Card & Board Game,False
2023-06-01,42.13288174221167,36.22566521382136,48.04615713931023,49.08929310843764,-6.956411366225964,Card & Board Game,False
2023-07-01,54.07595445784606,48.11334792119711,59.75035415619169,49.15377662567058,4.922177832175478,Card & Board Game,False
2023-08-01,57.75383637782908,52.21443571051801,63.56200337874418,49.22040959533399,8.533426782495091,Card & Board Game,False
2023-09-01,46.79087920533676,40.751759114144356,52.9035320019132,49.28704256589361,-2.4961633605568494,Card & Board Game,False
2023-10-01,41.48201268753726,35.533458685603904,47.525885661342954,49.35152608579001,-7.8695133982527565,Card & Board Game,False
2023-11-01,49.33183558524426,43.479320355950506,55.01624016432184,49.41815905478445,-0.08632346954018999,Card & Board Game,False
2023-12-01,46.12137352419509,40.30633482573547,52.161241476414986,49.48264257173686,-3.361269047541768,Card & Board Game,False
2024-01-01,58.00426336206985,51.91100519349341,63.07067816403938,49.54927553925435,8.454987822815497,Card & Board Game,False
2024-02-01,37.750835923145054,31.74397530910695,43.723121348132544,49.61590850857009,-11.865072585425033,Card & Board Game,False
2024-03-01,53.54036051520717,47.60756204922621,59.11749920616243,49.67824257591483,3.862117939292336,Card & Board Game,False
2024-04-01,47.49331198333647,42.05633736878279,53.07996112350644,49.744875544455766,-2.2515635611192977,Card & Board Game,False
2024-05-01,51.57875376351656,45.70233263924866,57.42564320783647,49.80947616828593,1.7692775952306263,Card & Board Game,False
2024-06-01,52.447516710971456,46.35509163447689,58.6528238202905,49.876230145868625,2.571286565102831,Card & Board Game,False
2024-07-01,48.529288744481406,42.45130705418557,54.53304551033955,49.94083076933573,-1.4115420248543273,Card & Board Game,False
2024-08-01,42.195525316914186,36.34628696136875,48.0933495329303,50.00758474797448,-7.812059431060293,Card & Board Game,False
2024-09-01,44.518660702191774,38.9715548577474,50.52014035075259,50.074339290443284,-5.55567858825151,Card & Board Game,False
2024-10-01,61.47237398298057,55.33709211456752,66.79977403662842,50.138940460574396,11.333433522406175,Card & Board Game,False
2024-11-01,46.71615922671307,40.650012133428,52.60445519245578,50.20569500241545,-3.489535775702386,Card & Board Game,False
2024-12-01,55.46789864023288,49.679788181186055,61.16884591515573,50.27029617157253,5.1976024686603495,Card & Board Game,False
2025-01-01,44.62870027630575,38.302494936506676,50.95141832026235,50.33705071303485,-5.708350436729102,Card & Board Game,False
2025-02-01,37.79793584922713,32.12642647744228,43.86952730344465,50.40380525640443,-12.605869407177305,Card & Board Game,False
2025-03-01,55.27892149347009,49.00846519773499,60.85176221723452,50.46409968160325,4.814821811866835,Card & Board Game,False
2025-04-01,46.24730725820734,40.40594453973046,52.211314488322024,50.530854223787664,-4.283546965580321,Card & Board Game,False
2025-05-01,51.5765978284782,46.0291607996536,57.35173346669284,50.59545539364355,0.9811424348346556,Card & Board Game,False
2025-06-01,49.980734475369175,43.89568982759673,55.85835876259402,50.66220993582796,-0.6814754604587847,Card & Board Game,False
2025-07-01,51.3041093198002,45.61457454114879,56.757032085478244,50.72681110568384,0.5772982141163538,Card & Board Game,False
2025-08-01,48.46121726811683,42.176840370981374,54.553206603826055,50.793565647868256,-2.332348379751423,Card & Board Game,False
2025-09-01,46.497420790264236,40.766961541349076,52.64746239763816,50.86032019005267,-4.362899399788432,Card & Board Game,False
2025-10-01,55.888526099049194,50.00360928180185,61.94366890991393,50.92492135990855,4.963604739140642,Card & Board Game,False
2025-11-01,48.574915280200564,42.846406515769644,54.79327586706763,50.991675902092965,-2.4167606218924007,Card & Board Game,False
2025-12-01,53.314399214270814,47.75591589569361,59.4055990113194,51.05627707194885,2.258122142321966,Card & Board Game,False
2026-01-01,50.079235966126944,44.235278944395425,55.38376899743676,51.12303161413326,-1.0437956480063146,Card & Board Game,True
2026-02-01,38.86689366909195,33.00239519629356,45.28301529635991,51.18978615631767,-12.322892487225719,Card & Board Game,True
2026-03-01,56.951327573896656,50.9011325515281,62.81648130971467,51.2500805815165,5.701246992380156,Card & Board Game,True
2026-04-01,44.95675773221764,39.251379808169546,50.745478822373826,51.31683512370091,-6.360077391483273,Card & Board Game,True
2026-05-01,51.573543830263986,45.953113436797466,57.70089773854935,51.38143629355679,0.1921075367071996,Card & Board Game,True
2026-06-01,47.589653811540444,42.09757925191417,53.57471036440466,51.4481908357412,-3.8585370242007606,Card & Board Game,True
2022-01-01,306.03264860986997,289.4641271558603,321.43257075871617,278.40145152,27.63119708986992,Casual,False
2022-02-01,259.8655898176177,243.66563443230507,275.81336359252765,278.8355397262294,-18.969949908611706,Casual,False
2022-03-01,282.1337747513454,266.7834195327266,299.26670126169176,279.2276193288283,2.906155422517114,Casual,False
2022-04-01,271.07101139697613,255.4236750371505,285.78351646501585,279.66170746027717,-8.590696063301067,Casual,False
2022-05-01,288.7303029268919,272.3347695058722,304.276842746763,280.08179266404994,8.64851026284199,Casual,False
2022-06-01,285.5397489381517,268.15479360880795,303.1050327024677,280.51588075558533,5.023868182566372,Casual,False
2022-07-01,301.4627053885049,285.1552496074629,317.0998410818348,280.9359660054582,20.5267393830467,Casual,False
2022-08-01,313.2740348110523,297.27573665216045,330.24490658406506,281.3700540277012,31.903980783351084,Casual,False
2022-09-01,264.42719002967425,246.7404777372428,279.9440689203953,281.8041420663486,-17.376952036674385,Casual,False
2022-10-01,285.4183576654633,269.59432577814516,301.1885572569792,282.22422726503964,3.1941304004236653,Casual,False
2022-11-01,283.12274838846275,267.1371746580857,300.06161427630775,282.6583150345345,0.4644333539282571,Casual,False
2022-12-01,294.35059903527065,279.15416016594486,311.5040668161164,283.0774808495767,11.27311818569396,Casual,False
2023-01-01,305.5744030484974,289.383819194615,320.7390936322463,283.5106188584537,22.063784190043716,Casual,False
2023-02-01,266.5794194738106,250.37409389823898,282.45852692303197,283.9403421501339,-17.36092267632327,Casual,False
2023-03-01,296.17745079285305,279.9443478090636,311.5866789821941,284.32775204944244,11.849698743410627,Casual,False
2023-04-01,268.7366931709269,252.0111478974979,284.80736868537434,284.7566701522483,-16.019976981321392,Casual,False
2023-05-01,280.6887073488534,264.6927351338884,297.86112333404327,285.1701404683999,-4.481433119546439,Casual,False
2023-06-01,296.8823388812738,280.69017519090096,313.86331023824414,285.59518691823195,11.287151963041856,Casual,False
2023-07-01,316.81994243060524,301.18133560913003,333.3024784493515,286.006522192263,30.813420238342264,Casual,False
2023-08-01,326.79378101608705,310.0685353821693,342.9168415418433,286.4267584605661,40.36702255552099,Casual,False
2023-09-01,249.31913990717794,233.02260252438126,265.8551662039512,286.8406272302934,-37.521487323115494,Casual,False
2023-10-01,296.404963929492,280.5796987209836,312.86417952526114,287.2411453945457,9.163818534946287,Casual,False
2023-11-01,285.20264162840806,269.60580123771894,301.6387878812495,287.6536066504914,-2.4509650220833112,Casual,False
2023-12-01,305.4473049264526,288.5886198264319,321.64741723050884,287.5680404468841,17.8792644795685,Casual,False
2024-01-01,303.9455085847594,287.33296166670726,319.4237702493104,287.4796220364899,16.465886548269534,Casual,False
2024-02-01,271.7850088825085,256.7750423070526,288.7449006912546,287.38483536146884,-15.59982647896035,Casual,False
2024-03-01,271.7275572982397,255.16423804963142,287.2493581080277,287.29159904215095,-15.56404174391127,Casual,False
2024-04-01,292.59613650015325,276.0721641429876,308.4235703705154,287.1919326318456,5.404203868307675,Casual,False
2024-05-01,322.6583643232989,306.45764201111496,338.9435171648261,287.0929180111043,35.56544631219456,Casual,False
2024-06-01,280.65632717706205,264.9034131575671,297.32517559111494,286.989320422462,-6.332993245399939,Casual,False
2024-07-01,286.84245396841663,269.4301921079391,301.44896608663305,286.8890646915178,-0.04661072310113851,Casual,False
2024-08-01,300.4262517775239,282.8564311227336,317.24976754878696,286.7851940595905,13.641057717933398,Casual,False
2024-09-01,309.21877369743567,294.1846840157278,326.29261374449123,286.68131081496347,22.537462882472177,Casual,False
2024-10-01,278.45505847105306,262.50223007724605,294.20756892333765,286.5807786427438,-8.125720171690718,Casual,False
2024-11-01,293.0096354019851,277.096432951351,308.8298045504588,286.47689528142405,6.53274012056107,Casual,False
2024-12-01,284.40022035682466,268.80520473233196,300.24795515297603,286.37634533188617,-1.9761249750615304,Casual,False
2025-01-01,319.4367753463251,304.22240397597506,335.841003512235,286.2724437173638,33.16433162896129,Casual,False
2025-02-01,265.7445956557952,248.86407181892963,281.5702684618103,286.1685420153782,-20.42394635958298,Casual,False
2025-03-01,279.8399877996227,264.642921994763,297.09973534478894,286.07469523295464,-6.234707433331944,Casual,False
2025-04-01,284.5247016130618,267.89122950683895,299.8669614614649,285.97079343812857,-1.4460918250667714,Casual,False
2025-05-01,307.87302359888605,291.7347727885277,324.3325408781459,285.8702433141034,22.002780284782666,Casual,False
2025-06-01,284.9148442764633,267.43250785838853,300.79369806922534,285.76634151927726,-0.8514972428139507,Casual,False
2025-07-01,295.90036883867816,278.7580141234777,309.81303782813075,285.6657913952521,10.234577443426092,Casual,False
2025-08-01,308.55453982301975,292.0239211458139,324.7887896771347,285.561889600426,22.99265022259373,Casual,False
2025-09-01,288.10726901113975,271.3425848499904,304.34586583513686,285.45798780559994,2.649281205539822,Casual,False
2025-10-01,282.7882505715984,265.73945626008884,299.9587555062825,285.3574376815747,-2.5691871099763235,Casual,False
2025-11-01,288.7128245367503,272.25973234999736,304.3579254828181,285.25353588674864,3.4592886500016684,Casual,False
2025-12-01,289.8056731466626,273.4969708132214,306.52338305566485,285.1529857627234,4.652687383939211,Casual,False
2026-01-01,312.68028105790694,296.4271270213905,329.8122173569248,285.0490839678974,27.63119709000956,Casual,True
2026-02-01,265.97523226452313,249.15898343866226,282.56240154618195,284.94518217307126,-18.96994990854813,Casual,True
2026-03-01,287.7574908132359,269.84689611794863,304.0691815921873,284.85133539064776,2.906155422588162,Casual,True
2026-04-01,276.15673753247285,259.75213540051857,293.6254989059144,284.7474335958217,-8.590696063348865,Casual,True
2026-05-01,293.29539373469373,277.42792812603165,309.7995155252052,284.64688347179646,8.648510262897288,Casual,True
2026-06-01,289.56684985962363,273.15210668754963,305.4975066894872,284.5429816769704,5.023868182653229,Casual,True
2022-01-01,27.05861676780957,22.218481645087536,31.79937989195734,29.820174360000003,-2.7615575921904316,Educational,False
2022-02-01,31.422238744061392,26.65665891720395,36.52524376749503,29.84691333885175,1.5753254052096421,Educational,False
2022-03-01,32.53263141958083,27.7302490224551,36.97704864961923,29.87106467351794,2.661566746062891,Educational,False
2022-04-01,26.045043933567033,21.08250187947703,30.958412017212563,29.89780365118408,-3.852759717617046,Educational,False
2022-05-01,30.711769592309583,26.39058940319025,35.579800150222624,29.92368007215007,0.7880895201595146,Educational,False
2022-06-01,32.21103720622894,27.305732637403928,37.15265854460932,29.950419017676065,2.2606181885528747,Educational,False
2022-07-01,30.759295718211636,25.840019896532194,35.81384605429314,29.97629541657218,0.7830003016394544,Educational,False
2022-08-01,31.28866729678409,26.60814402707856,36.35483332729664,30.003034356469534,1.2856329403145557,Educational,False
2022-09-01,26.136064875343965,21.284338839824127,31.3901633726801,30.02977328410003,-3.8937084087560665,Educational,False
2022-10-01,28.21229992823495,23.604525047203428,32.834454482981556,30.055649665677926,-1.8433497374429786,Educational,False
2022-11-01,28.10875750103805,23.642546368194107,32.80686958357897,30.08238860561402,-1.9736311045759736,Educational,False
2022-12-01,30.122454035951506,25.17766746652024,35.097452767389996,30.108265013740787,0.01418902221072027,Educational,False
2023-01-01,29.75108887440168,24.9112558276705,34.3043805126042,30.135003968805115,-0.38391509440343596,Educational,False
2023-02-01,31.441740228116274,26.854939490525876,36.38551007699005,30.161742939416694,1.279997288699581,Educational,False
2023-03-01,35.731498421460586,30.936409866402137,40.45461321410519,30.18589427390033,5.545604147560253,Educational,False
2023-04-01,23.266632120434547,18.461906843892194,28.400132108448155,30.212633251364355,-6.946001130929808,Educational,False
2023-05-01,29.042058855402118,24.460283133455473,33.79270448691779,30.23850966464339,-1.1964508092412744,Educational,False
2023-06-01,35.48361535603359,30.941653911053987,40.24664330977807,30.26524864806953,5.218366707964057,Educational,False
2023-07-01,30.982608500181627,26.071940156240046,35.979012144681136,30.291125083643216,0.6914834165384123,Educational,False
2023-08-01,31.590377378750222,26.919808294009027,36.30906600410266,30.317864052833123,1.2725133259170986,Educational,False
2023-09-01,25.203744873639522,20.374773469996672,29.930752845137597,30.344603004832088,-5.140858131192567,Educational,False
2023-10-01,29.450131128632236,24.56037926541587,34.134923454314404,30.370479409992374,-0.9203482813601364,Educational,False
2023-11-01,30.466330370259247,26.009104938874177,35.61414549253201,30.39721835508469,0.06911201517455723,Educational,False
2023-12-01,25.640492685292198,20.588570851688605,30.287746219668225,30.4230947783798,-4.7826020930876005,Educational,False
2024-01-01,32.51105728807113,27.234325703515825,37.31198054240035,30.449833749118092,2.0612235389530387,Educational,False
2024-02-01,31.477063482196236,26.5979806769095,36.361743766599346,30.47657269781778,1.0004907843784574,Educational,False
2024-03-01,27.222123748898458,22.39416685353147,31.98927708564848,30.50158654627081,-3.279462797372354,Educational,False
2024-04-01,32.675468346615624,27.70135785903269,37.43412573289861,30.528325487720608,2.147142858895015,Educational,False
2024-05-01,35.5299284654263,30.72935351695188,40.49523045298533,30.55420185925271,4.97572660617359,Educational,False
2024-06-01,27.049952598917493,22.38399703612948,31.926064945645212,30.58094077992426,-3.530988181006766,Educational,False
2024-07-01,31.47554424093332,26.68143748672174,36.080893493104384,30.60681715476769,0.8687270861656324,Educational,False
2024-08-01,31.876158193139286,26.997965330835147,36.45313200984089,30.633556068920477,1.2426021242188081,Educational,False
2024-09-01,29.29426762204425,24.493678896391156,33.897422344155665,30.660294983090623,-1.3660273610463731,Educational,False
2024-10-01,27.072680404684025,22.023432220779277,31.896449688302244,30.686171351642372,-3.613490946958347,Educational,False
2024-11-01,24.46934231576651,19.459343948141772,29.29480639797833,30.712910278936793,-6.243567963170282,Educational,False
2024-12-01,40.37414159978377,35.52879371263098,45.34677783563906,30.73878664663024,9.635354953153527,Educational,False
2025-01-01,25.6952587772779,21.01882177308053,30.153943557771566,30.765525559913463,-5.070266782635563,Educational,False
2025-02-01,32.67977542573709,27.84527724455324,37.47247872823305,30.792264468960305,1.8875109567767834,Educational,False
2025-03-01,30.535448622500763,25.86893673327045,35.288208329969216,30.816415730792087,-0.28096710829132565,Educational,False
2025-04-01,30.022545876511078,25.04419045137681,34.98086657885148,30.84315462782013,-0.820608751309051,Educational,False
2025-05-01,33.7153169446152,29.188159113602858,38.215851358277,30.869030979782753,2.846285964832452,Educational,False
2025-06-01,30.239018334611146,25.242662364757578,34.894381088738065,30.895769876810796,-0.6567515421996517,Educational,False
2025-07-01,31.763487018718354,26.945747088513695,36.56053733873715,30.92164622877342,0.8418407899449363,Educational,False
2025-08-01,32.224133836120075,27.302990279990578,36.95842736103544,30.948385125801458,1.2757487103186178,Educational,False
2025-09-01,28.340097645488235,23.73832796213527,33.62808321044005,30.9751240228295,-2.6350263773412665,Educational,False
2025-10-01,28.259534491357204,23.264675019244248,32.88767094634519,31.001000374792124,-2.7414658834349184,Educational,False
2025-11-01,26.949398506396186,22.36345115155062,31.7361850980679,31.027739271820167,-4.078340765423979,Educational,False
2025-12-01,35.875278564101755,31.299533488659993,40.57303784587908,31.05361562378279,4.821662940318963,Educational,False
2026-01-01,28.318796928618067,23.6793855099057,33.52048564479513,31.080354520810832,-2.7615575921927658,Educational,True
2026-02-01,32.68241882306887,27.889070652057118,37.55934821739319,31.107093417838872,1.5753254052299988,Educational,True
2026-03-01,33.79281142574422,29.582154267223352,39.021605438157884,31.131244679670655,2.661566746073565,Educational,True
2026-04-01,27.305223859091775,22.613828201039095,32.02499348563905,31.157983576698694,-3.8527597176069186,Educational,True
2026-05-01,31.97194944880528,27.046785471365318,36.86541857987349,31.18385992866132,0.7880895201439602,Educational,True
2026-06-01,33.47121701425453,28.782781093413533,38.4664969080261,31.21059882568936,2.260618188565165,Educational,True
2022-01-01,166.32937766796167,156.20380724537316,176.5857774508794,157.0865842,9.242793467961656,Family,False
2022-02-01,139.93480008162274,129.65150254815234,149.84155073676763,156.9362074208993,-17.001407339276575,Family,False
2022-03-01,147.7143824414455,137.79055006443022,158.13959442634282,156.80038323347998,-9.086000792034463,Family,False
2022-04-01,153.2428103688573,142.860852592523,163.95015849053698,156.65000645455143,-3.4071960856941215,Family,False
2022-05-01,153.52267174733657,143.49307915080925,163.79984166581428,156.50448053946775,-2.981808792131173,Family,False
2022-06-01,154.98578588801692,144.92771478984824,164.80821882656045,156.3541037598827,-1.3683178718657611,Family,False
2022-07-01,147.82182077129625,137.73464433493035,158.3406840004289,156.2085778441552,-8.386757072858943,Family,False
2022-08-01,159.14942633198575,149.07476271910195,170.1555434769125,156.05820106409635,3.0912252678894068,Family,False
2022-09-01,146.4676699799411,136.26767376362733,156.5326439536703,155.9078242833488,-9.440154303407693,Family,False
2022-10-01,170.6532233418506,160.49869897714964,181.0377045007166,155.76229836649628,14.890924975354332,Family,False
2022-11-01,150.7168719590624,139.91543639011454,161.2557655984735,155.61192158615253,-4.89504962709015,Family,False
2022-12-01,166.39187340364617,156.63699581057,176.7323336369422,155.46639566987224,10.925477733773928,Family,False
2023-01-01,161.1876493003086,151.31270148412773,171.4953274394488,155.3160188897159,5.871630410592711,Family,False
2023-02-01,144.12829192330193,134.00607362441121,154.78283819225564,155.16564210888265,-11.037350185580713,Family,False
2023-03-01,138.50787752460616,127.74686665223074,149.30337416684705,155.0298179198978,-16.521940395291637,Family,False
2023-04-01,149.56682444530392,139.37300679504,159.2549209749678,154.87944113923598,-5.31261669393207,Family,False
2023-05-01,159.55827167161624,149.1901119559152,170.15811826236876,154.73391522305334,4.824356448562899,Family,False
2023-06-01,151.68795912951597,140.87547554488154,162.20744331417836,154.58353844496241,-2.895579315446443,Family,False
2023-07-01,146.31943208843484,135.8254115946992,156.15274919467757,154.43801253068085,-8.118580442246026,Family,False
2023-08-01,160.04978526526887,150.31838586662167,169.98866482046915,154.28763575549954,5.762149509769323,Family,False
2023-09-01,134.3385316141405,123.89616890549733,143.8660105717697,154.13725898144986,-19.798727367309358,Family,False
2023-10-01,172.72149477461676,162.83978706237372,182.9072945403368,153.99173307107924,18.729761703537516,Family,False
2023-11-01,153.04902767024808,142.8818632635003,162.99941076578688,153.84135629671226,-0.7923286264641707,Family,False
2023-12-01,164.89358619920236,155.415891101505,175.17105894381126,153.6958303860304,11.19775581317196,Family,False
2024-01-01,156.06096488981908,146.20572793186912,166.89520578378608,153.54545361165918,2.515511278159888,Family,False
2024-02-01,148.2685052429777,137.91823780603238,158.03471302823397,153.39507683699867,-5.1265715940209455,Family,False
2024-03-01,158.91397337376068,148.27279931973965,168.95899171597105,153.25440178951897,5.659571584241709,Family,False
2024-04-01,154.0895613826623,143.96436519963595,163.87973948767606,153.10402501462684,0.9855363680354611,Family,False
2024-05-01,134.46651474921705,123.9334558284095,144.97991369890693,152.95849910293163,-18.49198435371456,Family,False
2024-06-01,154.2112685694196,144.75623257081705,164.26724257666345,152.8081223275914,1.403146241828171,Family,False
2024-07-01,143.68822320134907,133.68318078136252,154.99412716140768,152.66259641597182,-8.974373214622736,Family,False
2024-08-01,149.8353669372055,139.84215031869502,159.9363666731895,152.51221964096175,-2.6768527037562464,Family,False
2024-09-01,163.71215449209785,153.10148185595122,174.07376184606403,152.3618428652589,11.350311626838964,Family,False
2024-10-01,159.99469028218033,149.89226289855992,170.45617467124177,152.21631695328838,7.778373328891954,Family,False
2024-11-01,138.97979315637755,128.98461232273587,149.30363925750854,152.06594017826964,-13.08614702189209,Family,False
2024-12-01,162.00426185327046,152.02485436060897,171.42884857068253,151.9204142674682,10.083847585802262,Family,False
2025-01-01,164.39681012442114,153.68536302549688,174.7090466806872,151.7700374929734,12.626772631447757,Family,False
2025-02-01,128.60521512165838,118.99419214245437,138.55367480222745,151.61966071814228,-23.0144455964839,Family,False
2025-03-01,149.7943980650705,139.02994884278692,159.15026091098738,151.48383653310097,-1.689438468030465,Family,False
2025-04-01,150.0265006947212,140.13429589772028,160.60209325040864,151.3334597568052,-1.3069590620840126,Family,False
2025-05-01,140.4312112782133,130.54470111232754,150.61374941985463,151.1879338442609,-10.756722566047598,Family,False
2025-06-01,151.10183229755083,141.01096265840792,161.69380796906822,151.03755706796517,0.06427522958567133,Family,False
2025-07-01,142.21980635265868,131.7494456605156,152.22537568278958,150.89203115542085,-8.672224802762173,Family,False
2025-08-01,151.01980681784025,140.95591123601986,161.5560126203517,150.74165437912512,0.2781524387151294,Family,False
2025-09-01,151.53768965152994,141.155224487964,162.05473385402829,150.59127760282934,0.9464120487006219,Family,False
2025-10-01,161.6852843347088,151.49378954695263,172.1797411832458,150.44575169028505,11.239532644423761,Family,False
2025-11-01,141.30041449094006,130.7842097490594,152.30399784090162,150.2953749139893,-8.994960423049248,Family,False
2025-12-01,160.70365805975905,150.51069168455277,171.1427806126582,150.149849001445,10.553809058314037,Family,False
2026-01-01,159.24226569314294,148.65201378347228,169.45939853549686,149.99947222514925,9.242793467993684,Family,True
2026-02-01,132.8476881095231,122.7118787916575,142.69880945469876,149.8490954488535,-17.00140733933039,Family,True
2026-03-01,140.62727047174462,129.89519164121077,150.60353764465094,149.71327126381217,-9.086000792067564,Family,True
2026-04-01,146.15569840181865,136.02459123854717,156.68925430292362,149.5628944875164,-3.407196085697748,Family,True
2026-05-01,146.4355597829232,136.1646267613144,156.06249755535364,149.4173685749721,-2.9818087920488963,Family,True
2026-06-01,147.89867392681495,137.01027881181668,158.38831571555212,149.26699179867634,-1.3683178718613989,Family,True
2022-01-01,192.39134175292037,182.28009512866322,202.20330195992975,176.90857085,15.48277090292037,Fighting,False
2022-02-01,157.51218818335798,147.01014650626607,166.82698910667258,176.2480202204196,-18.735832037061606,Fighting,False
2022-03-01,176.53850854677364,166.72122641001613,186.87900307358444,175.65139384410918,0.8871147026644706,Fighting,False
2022-04-01,172.73874509436823,163.22960541172355,183.00089496359283,174.9908432131941,-2.2520981188258733,Fighting,False
2022-05-01,173.1478046030292,162.95621035821563,183.4428235771655,174.35160066637,-1.2037960633407947,Fighting,False
2022-06-01,165.2313038424047,154.98995628589796,174.57779985461548,173.69105003517737,-8.459746192772657,Fighting,False
2022-07-01,177.88797743003585,167.60070477621872,187.46653037396996,173.05180748886193,4.836169941173917,Fighting,False
2022-08-01,178.21871944920187,167.5256319563996,188.08202597720242,172.39125685788485,5.82746259131702,Fighting,False
2022-09-01,172.82692483806764,162.99074607967245,184.437425362671,171.73070622894153,1.096218609126109,Fighting,False
2022-10-01,164.69457377644088,155.2073844054342,174.90524068909392,171.09146368480282,-6.396889908361943,Fighting,False
2022-11-01,155.8830737185785,145.12887640988893,166.08596113527585,170.43091305832368,-14.547839339745206,Fighting,False
2022-12-01,176.3577913370807,166.23423108671216,187.11310865970304,169.79167052583975,6.566120811240939,Fighting,False
2023-01-01,186.13212795237524,176.0760309364382,195.99125795960168,169.13111990893967,17.001008043435576,Fighting,False
2023-02-01,151.47441418712577,141.29932367074804,161.66803884960186,168.47066268025367,-16.996248493127894,Fighting,False
2023-03-01,163.2584345359919,153.4944637841082,173.01440205453517,167.87698932650028,-4.618554790508381,Fighting,False
2023-04-01,171.3870022412196,161.18017055447038,181.18066005873118,167.21970811341617,4.167294127803418,Fighting,False
2023-05-01,162.76489487790286,152.70946080167872,172.8848060960636,167.1350257008782,-4.370130822975345,Fighting,False
2023-06-01,155.31537880870843,144.71542520776484,165.32844537751674,167.04855778309047,-11.733178974382035,Fighting,False
2023-07-01,176.57062899335065,166.52441292432428,186.3461020572285,166.96487915297337,9.60574984037728,Fighting,False
2023-08-01,172.29919662128444,162.36121415120442,181.9657805107838,166.880837725951,5.41835889533342,Fighting,False
2023-09-01,167.18107473298605,157.0726117891137,177.14846859598825,166.79868403937863,0.3823906936074133,Fighting,False
2023-10-01,161.62561756393387,151.5655208509181,170.92536583362966,166.71918047172792,-5.09356290779404,Fighting,False
2023-11-01,147.77583412022415,137.72641891432886,157.67817627488913,166.63713371076508,-18.861299590540952,Fighting,False
2023-12-01,175.2292573650429,165.5705611647943,185.1503011775365,166.5577442511461,8.671513113896834,Fighting,False
2024-01-01,184.98232120006674,174.47281876356237,195.829932454162,166.47570847620645,18.506612723860275,Fighting,False
2024-02-01,151.06877386317308,141.42623525592995,161.41289194528255,166.39367270450555,-15.324898841332466,Fighting,False
2024-03-01,178.36166704255197,167.0252117761417,188.22246394600597,166.31692994364408,12.044737098907893,Fighting,False
2024-04-01,151.22024282953362,141.24913412183935,161.4134226623515,166.23489457858525,-15.014651749051648,Fighting,False
2024-05-01,171.01099053817097,161.0220123963227,180.22033128427282,166.15550914508148,4.855481393089479,Fighting,False
2024-06-01,164.42733610936068,154.8777259250495,174.7090262178023,166.07404076066447,-1.646704651303781,Fighting,False
2024-07-01,161.4122360786482,151.21059314535918,172.03206953994567,165.99520038864804,-4.582964309999861,Fighting,False
2024-08-01,172.36864414085605,162.70101845815466,181.82278599383346,165.91381279904675,6.454831341809292,Fighting,False
2024-09-01,168.31752233026327,158.3612930184098,178.48995181353337,165.8324255484708,2.485096781792454,Fighting,False
2024-10-01,156.6201657921866,145.93602386889194,165.58260509538113,165.75366369307474,-9.133497900888118,Fighting,False
2024-11-01,159.82141996783596,149.82309970697057,170.19914720655066,165.6740679704521,-5.852648002616154,Fighting,False
2024-12-01,168.18217954617216,158.4251512756096,177.87227009742435,165.59732253051536,2.584857015656815,Fighting,False
2025-01-01,179.47251254194035,169.013065571323,188.51208304626795,165.51801890924736,13.954493632693,Fighting,False
2025-02-01,144.89639627757717,135.46471765218342,154.54232043604085,165.4387152903072,-20.54231901273003,Fighting,False
2025-03-01,171.8101198877852,161.78412914464988,182.17949395782892,165.3670862167937,6.443033670991508,Fighting,False
2025-04-01,156.6400297238339,146.94606736534115,166.7720398043545,165.28778259968948,-8.647752875855598,Fighting,False
2025-05-01,167.08342701494848,157.0899592901756,177.30370068516757,165.21103716378215,1.8723898511663322,Fighting,False
2025-06-01,160.03529975475593,149.42034639491598,169.99202449594523,165.13173354667794,-5.096433791922002,Fighting,False
2025-07-01,165.1600173261879,155.1277025517957,175.07847880088883,165.05498811077064,0.10502921541726537,Fighting,False
2025-08-01,171.1483716509133,161.02185972294743,181.12764183414515,164.9756844936664,6.172687157246911,Fighting,False
2025-09-01,166.69369454366375,156.09842945741502,176.34066533370947,164.89638087656218,1.7973136671015886,Fighting,False
2025-10-01,157.07610903510306,147.11419582329847,167.164497088093,164.81963544065485,-7.743526405551804,Fighting,False
2025-11-01,154.53011402244772,144.9028371910039,163.9007269149391,164.74033182355063,-10.210217801102921,Fighting,False
2025-12-01,169.20016865866782,159.46879776340955,179.77079267788986,164.66358638764333,4.536582271024491,Fighting,False
2026-01-01,180.0670536734385,169.71068971463237,189.68724365646946,164.58428277053912,15.482770902899373,Fighting,True
2026-02-01,145.769147116358,135.74426668654468,156.34214937209543,164.50497915343487,-18.73583203707687,Fighting,True
2026-03-01,165.32046478256396,154.76922637644574,175.73227115186967,164.43335007992138,0.8871147026425854,Fighting,True
2026-04-01,162.1019483439915,153.00862458496334,172.4954665952724,164.35404646281717,-2.2520981188256712,Fighting,True
2026-05-01,163.07350496355772,152.52826685393103,172.94732052548383,164.27730102690984,-1.2037960633521179,Fighting,True
2026-06-01,155.7382512170248,146.24315174929217,165.77366357630223,164.19799740980562,-8.459746192780798,Fighting,True
2022-01-01,86.4272607262993,78.43203271746856,93.9762684704525,80.28630248,6.140958246299286,Hack And Slash,False
2022-02-01,75.87944514398554,67.81672649105556,83.63869285316491,80.19541148281748,-4.315966338831937,Hack And Slash,False
2022-03-01,87.8259453269804,79.78143795127981,95.75182700956466,80.11331639043158,7.712628936548821,Hack And Slash,False
2022-04-01,79.12790224633667,71.32763929906365,87.45941675705019,80.02242539529004,-0.8945231489533635,Hack And Slash,False
2022-05-01,80.48115946329779,72.12300849525778,87.98991053727494,79.93446636512178,0.54669309817601,Hack And Slash,False
2022-06-01,79.70412680739452,71.93163634098374,87.51351979507622,79.84357536502226,-0.13944855762775077,Hack And Slash,False
2022-07-01,83.48280785685328,75.98984674689194,90.8184303286919,79.75561633266788,3.727191524185403,Hack And Slash,False
2022-08-01,77.19928099558186,69.55280919776754,84.99630855603239,79.66472532894637,-2.4654443333645135,Hack And Slash,False
2022-09-01,77.67295654429806,70.22008602381382,86.03495217804416,79.57383432380283,-1.9008777795047622,Hack And Slash,False
2022-10-01,76.02130519127424,68.30863356721419,83.86938107139613,79.48587528656714,-3.4645700952928933,Hack And Slash,False
2022-11-01,82.38394521929631,74.63708066935195,90.20034873243607,79.39498428236712,2.9889609369291916,Hack And Slash,False
2022-12-01,80.27429757569338,72.3974304952077,87.78291233257623,79.30702524766632,0.9672723280270636,Hack And Slash,False
2023-01-01,86.27603607154369,78.19452387567526,94.18521381679822,79.21613424514217,7.05990182640152,Hack And Slash,False
2023-02-01,71.77554341677795,63.675265859282135,79.11799490388975,79.12524324035483,-7.3496998235768825,Hack And Slash,False
2023-03-01,88.29913433999926,81.03911896140548,96.13373828375545,79.04314813930473,9.255986200694524,Hack And Slash,False
2023-04-01,79.53615288517928,71.71890163245968,87.13563942607387,78.95225713457071,0.5838957506085592,Hack And Slash,False
2023-05-01,76.20672740841925,68.25113813675382,83.96433972748504,78.86429809585671,-2.6575706874374503,Hack And Slash,False
2023-06-01,80.93641844868533,72.83288638886096,88.80603702045099,78.77340708786537,2.1630113608199606,Hack And Slash,False
2023-07-01,83.57093120864938,75.48982116881638,91.00056280484353,78.68544804787373,4.885483160775646,Hack And Slash,False
2023-08-01,74.72900403981903,67.02691537012942,82.28479617706546,78.59455709301082,-3.86555305319179,Hack And Slash,False
2023-09-01,76.19980410010125,68.44864953239576,83.88957863859393,78.50366613805916,-2.3038620379579093,Hack And Slash,False
2023-10-01,72.39181455477453,64.58617180011042,80.59871437457056,78.41570714939627,-6.023892594621749,Hack And Slash,False
2023-11-01,85.40756739160383,78.07792605929055,93.52191410651345,78.32481733175143,7.082750059852398,Hack And Slash,False
2023-12-01,78.42315279245048,70.84355290750887,86.27941559818053,78.23685965883091,0.18629313361956457,Hack And Slash,False
2024-01-01,86.07705836582,78.50766475992178,93.7787420629635,78.14597006347972,7.931088302340274,Hack And Slash,False
2024-02-01,67.6770436754847,60.34109488579011,75.06174695468516,78.0550804700577,-10.378036794573001,Hack And Slash,False
2024-03-01,82.72066844787261,75.27800695212127,90.28111430158637,77.9700547245894,4.750613723283211,Hack And Slash,False
2024-04-01,73.9121175670417,65.91450696374949,81.93308589669464,77.87916513460604,-3.9670475675643337,Hack And Slash,False
2024-05-01,84.78935429694867,77.06554229558083,92.48976026486449,77.79120746636201,6.99814683058666,Hack And Slash,False
2024-06-01,73.10469984142435,65.47980931422143,80.3981325864741,77.70031787425108,-4.595618032826731,Hack And Slash,False
2024-07-01,78.87468687651302,70.71724301390555,86.49046178344743,77.61236020446631,1.2623266720467121,Hack And Slash,False
2024-08-01,77.74365304913589,69.2081347209085,85.41664397036834,77.5214706152026,0.22218243393328457,Hack And Slash,False
2024-09-01,76.30764959063733,68.42650699916979,84.20392643207232,77.43058102667632,-1.122931436038999,Hack And Slash,False
2024-10-01,79.2054227307055,71.6247010251895,87.01076776012549,77.34262336036056,1.862799370344936,Hack And Slash,False
2024-11-01,72.15758412103752,63.8760535403879,79.75953308710932,77.25173377098328,-5.094149649945767,Hack And Slash,False
2024-12-01,79.55732857622607,71.65335899097114,87.57797259872008,77.16377610660042,2.393552469625652,Hack And Slash,False
2025-01-01,82.24720680915235,74.37647478730597,90.58470034427958,77.07288652007148,5.174320289080865,Hack And Slash,False
2025-02-01,75.70204035030648,67.74087078391845,83.62495975963223,76.98199693443073,-1.2799565841242555,Hack And Slash,False
2025-03-01,83.11024447908213,75.40987553536797,90.12840066781445,76.89990311325343,6.210341365828696,Hack And Slash,False
2025-04-01,74.39707085679592,66.57600239174207,81.55020912549182,76.80901352552142,-2.411942668725502,Hack And Slash,False
2025-05-01,80.48720063024845,72.81111715166654,88.07450461452599,76.72105585997433,3.7661447702741304,Hack And Slash,False
2025-06-01,74.23712548844316,66.66422582136548,82.71685994730542,76.63016627224232,-2.3930407837991723,Hack And Slash,False
2025-07-01,79.06115161682649,70.97723316612498,86.62691973265646,76.54220860669523,2.51894301013127,Hack And Slash,False
2025-08-01,75.34893797657197,66.98668081342748,83.0046305663805,76.45131901896323,-1.1023810423912632,Hack And Slash,False
2025-09-01,74.85372348073162,66.98383957525377,81.96191237741692,76.36042943123122,-1.5067059504996059,Hack And Slash,False
2025-10-01,75.43748442153827,68.62430390216358,83.37430131565357,76.27247176568412,-0.8349873441458506,Hack And Slash,False
2025-11-01,75.11025876743167,67.8373610291787,83.27243814096371,76.18158217795211,-1.071323410520432,Hack And Slash,False
2025-12-01,77.79648989495512,70.08738207321633,85.08762310279452,76.09362451240501,1.7028653825501043,Hack And Slash,False
2026-01-01,82.1436931709772,74.4542213700358,90.01204455124409,76.00273492467302,6.140958246304183,Hack And Slash,True
2026-02-01,71.59587899811538,63.48437038008906,79.70506383842537,75.91184533694101,-4.315966338825626,Hack And Slash,True
2026-03-01,83.54238045232867,75.66863518082384,91.54159082552685,75.82975151576372,7.7126289365649505,Hack And Slash,True
2026-04-01,74.84433877908025,66.65732092307006,82.66008948274694,75.73886192803172,-0.8945231489514762,Hack And Slash,True
2026-05-01,76.19759736064945,68.47889596555576,83.5564128097848,75.65090426248462,0.5466930981648337,Hack And Slash,True
2026-06-01,75.42056611711614,67.7987848383224,83.1208533042916,75.56001467475262,-0.13944855763647918,Hack And Slash,True
2022-01-01,118.74649060557444,108.31822314217716,128.64179491672732,124.66786046,-5.921369854425564,Horror,False
2022-02-01,109.51860423678605,99.59915203364412,119.59486968678148,124.584301572,-15.065697335213962,Horror,False
2022-03-01,128.4039820000521,118.1134802886038,139.0935105027458,124.50882902812168,3.895152971930423,Horror,False
2022-04-01,123.41302337338537,113.90850581511565,134.20323981723473,124.42527014025642,-1.0122467668710413,Horror,False
2022-05-01,127.64879220879152,117.8735995019838,137.9836554248255,124.34440670066353,3.304385508128,Horror,False
2022-06-01,118.25277880361025,108.7356371510094,128.49266963076255,124.26084781356742,-6.008069009957169,Horror,False
2022-07-01,117.84618109748826,107.5149696943055,128.7766050182157,124.17998437444216,-6.333803276953905,Horror,False
2022-08-01,128.74416280577685,118.28136997169744,138.48398118807037,124.0964254875652,4.6477373182116475,Horror,False
2022-09-01,107.82003665429602,97.73147106245783,117.82221965014216,124.01286660029096,-16.192829945994944,Horror,False
2022-10-01,130.6603136311954,120.61119207774777,140.4373356314264,123.9320031609933,6.7283104702020955,Horror,False
2022-11-01,117.9396244437347,108.09493722774522,127.66554759064626,123.8484442733545,-5.9088198296198,Horror,False
2022-12-01,127.4502813918398,117.88873137383145,137.36721277196656,123.76758083327158,3.682700558568221,Horror,False
2023-01-01,114.62244941535808,104.63227480175732,124.64382257098528,123.68402194518589,-9.061572529827814,Horror,False
2023-02-01,116.96082388116587,106.26191619166461,126.77724415931242,123.60046305640778,-6.639639175241909,Horror,False
2023-03-01,124.03460867674175,114.43382862942158,133.39475406911905,123.52499051108809,0.509618165653665,Horror,False
2023-04-01,119.34596238711033,109.13895484606124,129.62984235540762,123.441431621627,-4.095469234516672,Horror,False
2023-05-01,127.1130612645481,117.21926654028218,136.96877242019957,123.36056818043895,3.752493084109143,Horror,False
2023-06-01,114.51384769969647,104.72454904780399,124.19876372431503,123.27700929053778,-8.763161590841314,Horror,False
2023-07-01,123.10957770078323,113.46155702820217,133.032744036412,123.19614584869797,-0.08656814791472685,Horror,False
2023-08-01,127.05913222518272,116.80109247180711,137.62755699181162,123.11258695880106,3.946545266381657,Horror,False
2023-09-01,105.40450580295112,94.5172304533722,115.5659438874227,123.02899093277345,-17.624485129822332,Horror,False
2023-10-01,129.97774886429792,119.35420863260812,140.67522513498906,122.94809155274675,7.029657311551165,Horror,False
2023-11-01,115.324811964103,104.91293203262892,125.48999994925411,122.86449552669303,-7.539683562590031,Horror,False
2023-12-01,126.44035660320836,116.55525656676171,136.3198813496224,122.78341288991005,3.656943713298304,Horror,False
2024-01-01,110.62235014358677,100.86144846136985,120.40341317655681,122.69962749856762,-12.077277354980849,Horror,False
2024-02-01,124.41675378186268,113.37554977858528,134.2209647309385,122.61580233968121,1.800951442181471,Horror,False
2024-03-01,132.75412587297015,123.04879373732403,143.21953535734315,122.53738525290073,10.216740620069407,Horror,False
2024-04-01,127.63236198225927,117.24309234284439,138.42792672189455,122.45356009116989,5.178801891089375,Horror,False
2024-05-01,124.8928804163512,114.33691041710331,134.97982066974978,122.37243896698199,2.5204414493692213,Horror,False
2024-06-01,122.08812582471899,111.54992610841818,132.16869688304286,122.28861380564531,-0.20048798092632047,Horror,False
2024-07-01,103.45731123872974,93.807793847692,113.35651057227689,122.20749268177111,-18.750181443041377,Horror,False
2024-08-01,127.8545600365591,117.63285175558643,137.9325952748526,122.12366751998862,5.730892516570491,Horror,False
2024-09-01,108.65123008099945,98.56198893837644,118.1030924470561,122.03984235846181,-13.388612277462354,Horror,False
2024-10-01,128.02729664984054,118.65820196084715,138.46354164512573,121.95872123440361,6.068575415436927,Horror,False
2024-11-01,119.23053900498287,108.41596187558095,129.22522683096864,121.87489607339987,-2.644357068416992,Horror,False
2024-12-01,125.58516653973089,116.42284152053323,136.41117604164987,121.79377494991809,3.791391589812811,Horror,False
2025-01-01,119.05202957835098,109.44057399373256,130.01198054904864,121.7099497889869,-2.657920210635921,Horror,False
2025-02-01,98.15781041777238,88.41672740582244,108.18964641176632,121.62612462810694,-23.468314210334558,Horror,False
2025-03-01,128.68222842901858,118.99125729745,138.79398323158085,121.5504115800334,7.131816848985192,Horror,False
2025-04-01,123.54729746339643,112.27181561269032,133.45717574982746,121.46658641966626,2.0807110437301795,Horror,False
2025-05-01,124.27960074858782,114.20154690432919,134.93036421545224,121.38546529673033,2.894135451857499,Horror,False
2025-06-01,118.14838090602805,107.81655264571161,128.23975392160824,121.3016401363632,-3.153259230335146,Horror,False
2025-07-01,108.66328433588114,98.21064675863293,118.71875298087345,121.22051901342726,-12.557234677546122,Horror,False
2025-08-01,126.37895510893708,116.08488928764028,136.50967163711982,121.13669385306012,5.242261255876954,Horror,False
2025-09-01,106.27251911022287,96.1806892175684,117.4053922003054,121.052868692693,-14.780349582470116,Horror,False
2025-10-01,127.37990065521592,116.90751795712414,137.37396042577987,120.97174756975706,6.40815308545886,Horror,False
2025-11-01,116.61159750673303,106.39483964582253,126.55997364948179,120.88792240938992,-4.276324902656888,Horror,False
2025-12-01,124.53472164534057,114.10660713701249,135.2069624758631,120.80680128645398,3.7279203588865952,Horror,False
2026-01-01,114.80160627167083,104.62005550826268,124.33528564722273,120.72297612608685,-5.921369854416015,Horror,True
2026-02-01,105.57345363047455,95.65031186484654,115.63964545774832,120.63915096571971,-15.065697335245158,Horror,True
2026-03-01,124.45859088956321,113.75547548337539,134.19469793012547,120.56343791764617,3.8951529719170397,Horror,True
2026-04-01,119.46736599039467,109.91241797038845,129.65073240672885,120.47961275727903,-1.0122467668843615,Horror,True
2026-05-01,123.70287714248391,112.87157236842093,132.91673534861704,120.39849163434309,3.304385508140832,Horror,True
2026-06-01,114.30659746402374,104.6727172998618,124.13696606289675,120.31466647397596,-6.008069009952224,Horror,True
2022-01-01,412.59436496500643,394.3546581534123,429.68783933847357,406.51157405,6.082790915006449,Indie,False
2022-02-01,370.41927145792675,351.5443057136466,387.3378979983485,406.0432633075776,-35.62399184965083,Indie,False
2022-03-01,411.71635342240796,392.707244740481,430.7345683564437,405.6202729847817,6.096080437626253,Indie,False
2022-04-01,391.10949156317594,372.63860312127423,409.70421770222305,405.1519622702577,-14.042470707081772,Indie,False
2022-05-01,404.7359593642838,386.1276618267355,423.01479245320627,404.6987583664038,0.037200997879984654,Indie,False
2022-06-01,395.0605072002871,377.2044838809857,413.6527933121421,404.23044764772254,-9.169940447435465,Indie,False
2022-07-01,416.032873444493,398.7258369626863,434.79837562148697,403.7772437264181,12.255629718074971,Indie,False
2022-08-01,417.0613146535319,398.16829678225355,434.7335955749566,403.30893299017424,13.752381663357655,Indie,False
2022-09-01,372.5650444121102,355.5761461891677,390.2333763785401,402.8406222588547,-30.27557784674451,Indie,False
2022-10-01,389.13412120567693,371.0634997022119,407.86971804483164,402.38741832531974,-13.253297119642827,Indie,False
2022-11-01,402.9877001904204,384.7335493317827,421.4533057591262,401.91910758848826,1.0685926019321499,Indie,False
2022-12-01,393.96832741702843,375.7918439372002,411.5799097502507,401.4659036727344,-7.497576255705954,Indie,False
2023-01-01,410.87249756016627,394.2763034584206,428.5498062207806,400.9975929597887,9.874904600377572,Indie,False
2023-02-01,371.6804895949721,352.7340642174296,389.4584617751535,400.52928222756424,-28.84879263259219,Indie,False
2023-03-01,401.8714157396226,382.2005188279143,419.1648778690694,400.10629189853597,1.7651238410866315,Indie,False
2023-04-01,382.41772277759657,363.50451523810824,401.2201942031413,399.63798117711184,-17.220258399515277,Indie,False
2023-05-01,394.1841135146863,374.6595439021027,412.92050495464156,399.18477728636145,-5.000663771675131,Indie,False
2023-06-01,387.1674121795008,369.13516867880594,404.64232170493256,398.71646660638845,-11.549054426887668,Indie,False
2023-07-01,422.78773500111953,404.4286671581633,442.53233523839253,398.2632627225435,24.524472278576,Indie,False
2023-08-01,419.08288435239103,401.1481518457467,436.95127995754643,397.7949596703097,21.287924682081307,Indie,False
2023-09-01,360.2444294103152,342.3445019745218,377.54952182258245,397.3266866373007,-37.08225722698553,Indie,False
2023-10-01,367.7338201271299,349.54550482446854,387.2580226804568,396.8735191860017,-29.139699058871823,Indie,False
2023-11-01,410.44863915175944,391.7154808847713,429.51153983669883,396.4085000700841,14.040139081675372,Indie,False
2023-12-01,383.1190718753067,365.3699934485912,403.40813243358156,395.9592296655502,-12.840157790243474,Indie,False
2024-01-01,409.2760820529728,391.9834932513114,427.9183866183125,395.4949835808652,13.78109847210758,Indie,False
2024-02-01,372.8700736680743,354.80560494261243,389.76859000148914,395.0310196968744,-22.160946028800073,Indie,False
2024-03-01,408.8234458295278,390.9677882963969,427.076620946308,394.6047310603098,14.218714769218034,Indie,False
2024-04-01,386.3504891244538,368.14412220843525,403.2928195156355,394.14904320743034,-7.798554082976494,Indie,False
2024-05-01,404.12369979064897,385.9244429412968,422.2869439778926,393.7111878717504,10.412511918898606,Indie,False
2024-06-01,389.75976779631236,371.9024865380643,407.507652251852,393.2663544592422,-3.5065866629298545,Indie,False
2024-07-01,380.85579894214374,361.01907037127955,397.16692735793305,392.8358705116536,-11.980071569509857,Indie,False
2024-08-01,390.06788650199275,370.4166230483727,407.92049295736916,392.3938661846333,-2.325979682640556,Indie,False
2024-09-01,374.36723792641317,355.99411940466723,393.40826074440787,392.0837469343898,-17.716509007976637,Indie,False
2024-10-01,410.96635464877625,393.0076379841211,429.34425461225345,391.78363153092846,19.182723117847793,Indie,False
2024-11-01,367.25541457697324,348.6364202827784,385.95230593201643,391.4823350280003,-24.226920451027087,Indie,False
2024-12-01,394.3694912257337,376.53762784113593,412.33690514919334,391.19330585155296,3.1761853741807724,Indie,False
2025-01-01,393.304898755255,374.498930531144,411.2303720742507,390.894642369224,2.410256386030967,Indie,False
2025-02-01,348.1226061930079,329.6362723651225,365.2209251646231,390.600261429119,-42.47765523611103,Indie,False
2025-03-01,400.5838417231832,381.82646500342895,418.84059173446246,390.33495815138104,10.24888357180215,Indie,False
2025-04-01,379.14162677005964,361.2068071029633,398.5329966596488,390.0412295224569,-10.899602752397241,Indie,False
2025-05-01,394.93449378072535,376.62258214486104,413.7377463296784,389.75697601059477,5.177517770130594,Indie,False
2025-06-01,382.9745071961196,365.1008913280635,401.8584339491874,389.46324738167067,-6.4887401855511015,Indie,False
2025-07-01,389.2609169862536,372.09651949651646,407.41069099986976,389.17899386980855,0.08192311644509494,Indie,False
2025-08-01,394.7628203701158,375.7025558916691,412.7745254564928,388.8852652408844,5.877555129231409,Indie,False
2025-09-01,364.77437179847266,346.4209051498969,383.65602027595605,388.59153661196024,-23.81716481348758,Indie,False
2025-10-01,391.16735298819975,373.44164662061473,409.7268446263483,388.3072831000982,2.860069888101561,Indie,False
2025-11-01,376.3236481857164,358.8965313344113,396.6190549798252,388.01355447117396,-11.68990628545752,Indie,False
2025-12-01,385.570978922348,366.192881838631,404.8504451316926,387.7293009593119,-2.1583220369639333,Indie,False
2026-01-01,393.51836324536504,375.59128511916487,410.45649572685295,387.43557233038774,6.0827909149772905,Indie,True
2026-02-01,351.51785185181154,334.43368638120506,369.98328335058744,387.14184370146353,-35.623991849651986,Indie,True
2026-03-01,392.97262086135385,374.3833172766325,411.35700841075254,386.8765404237256,6.096080437628269,Indie,True
2026-04-01,372.54034108765785,354.1208484681655,390.5898861897054,386.58281179480144,-14.042470707143595,Indie,True
2026-05-01,386.33575928080506,367.5115703418169,405.7674591633257,386.2985582829393,0.03720099786573776,Indie,True
2026-06-01,376.83488920648847,359.4770455933681,394.2021645542262,386.0048296540152,-9.169940447526749,Indie,True
2022-01-01,137.98298838305467,127.52193799114139,148.3617508452329,139.09372947,-1.1107410869453143,Music,False
2022-02-01,122.76039918603257,111.61743939208995,132.96681909920045,138.93156168876084,-16.171162502728265,Music,False
2022-03-01,149.86030691308088,139.02373793223475,161.2054311542115,138.78508757254576,11.075219340535122,Music,False
2022-04-01,133.905862825523,122.99850963953769,145.09732822207076,138.62291980102194,-4.717056975498942,Music,False
2022-05-01,134.5334701183779,124.37112723864696,145.35226667829588,138.46598325677533,-3.932513138397448,Music,False
2022-06-01,131.3205592455021,119.80579469903724,142.322575004806,138.3038154987872,-6.983256253285111,Music,False
2022-07-01,137.98824566487187,127.28804066884854,148.58892737854134,138.14687895879868,-0.1586332939268128,Music,False
2022-08-01,134.1410631454542,123.68930699040187,145.48285942612242,137.98471120062416,-3.8436480551699392,Music,False
2022-09-01,141.2704873861088,130.31521281526344,152.44689096160062,137.8225434408935,3.4479439452153047,Music,False
2022-10-01,140.23004292402572,129.88229043352018,152.38019386115238,137.6656068992187,2.5644360248070486,Music,False
2022-11-01,134.56433632470942,124.14428848910407,144.77144304834553,137.50343909638048,-2.939102771671055,Music,False
2022-12-01,133.1078299231413,122.22491251592588,143.4222659903997,137.3464723093807,-4.238642386239391,Music,False
2023-01-01,138.85878308618425,128.2173830638809,149.68921824712376,137.18427329614755,1.6745097900366823,Music,False
2023-02-01,121.14100764212898,110.97341479270708,131.49454615656808,137.0220193642963,-15.881011722167335,Music,False
2023-03-01,146.35530876466396,134.99690219445452,157.22040467155637,136.87486243858876,9.480446326075192,Music,False
2023-04-01,130.15242292296074,119.10877766064263,139.52495952612134,136.71193869941254,-6.559515776451796,Music,False
2023-05-01,135.45153233894544,124.72840206195292,146.52794576589247,136.55391404858813,-1.102381709642698,Music,False
2023-06-01,128.24682555931025,117.51146697737899,139.50610074488705,136.39042466676804,-8.143599107457788,Music,False
2023-07-01,139.1118783773984,128.7999917447917,149.93985115279798,136.23220913597441,2.879669241423971,Music,False
2023-08-01,125.29683943509352,114.28784300799748,135.06985124691477,136.06844736369248,-10.771607928598971,Music,False
2023-09-01,148.0739497882666,137.45450157719856,158.19464700367922,135.90386731709063,12.170082471175945,Music,False
2023-10-01,131.32201787758095,120.84706583313722,141.81542031031694,135.7445963042501,-4.422578426669174,Music,False
2023-11-01,135.0658526617752,124.42731774963835,145.91414632206312,135.57935178736176,-0.51349912558654,Music,False
2023-12-01,129.65114836380027,119.1293064057876,140.14889321927623,135.41935475811562,-5.768206394315331,Music,False
2024-01-01,139.7240753800267,129.37001549334727,150.09483555112027,135.25402449456124,4.470050885465474,Music,False
2024-02-01,119.44838410436108,109.44245601259944,129.90318918114298,135.0886941059213,-15.640310001560207,Music,False
2024-03-01,149.10587974555085,138.3406348640748,159.16085134502433,134.93403010504147,14.171849640509377,Music,False
2024-04-01,133.9080510844861,123.3598579903739,145.0691742918229,134.76869962134236,-0.8606485368562737,Music,False
2024-05-01,125.08768147755664,114.89827357782238,135.7833258885193,134.60870236568297,-9.521020888126333,Music,False
2024-06-01,129.7709701267009,119.55084424356092,140.39359856090826,134.44337185791218,-4.672401731211297,Music,False
2024-07-01,127.85846356866195,117.5312258510201,138.70536604959702,134.2833745923275,-6.424911023665562,Music,False
2024-08-01,144.2856334697906,133.3876838112439,154.5664068180925,134.1180440832148,10.167589386575795,Music,False
2024-09-01,119.95993973790443,109.62770687305503,130.8540728626882,133.9527135690935,-13.992773831189075,Music,False
2024-10-01,150.14285197314518,139.69824777025033,161.68034200953977,133.7927162973632,16.350135675781996,Music,False
2024-11-01,126.02138042049317,114.87719824091337,136.9286851449288,133.62738579278837,-7.606005372295194,Music,False
2024-12-01,132.3716943323245,121.25574975845916,142.70726072872617,133.4673885272744,-1.0956941949499026,Music,False
2025-01-01,129.4192955606328,118.37152353918218,140.25738033707785,133.30205801957663,-3.8827624589438234,Music,False
2025-02-01,116.6268997651299,106.14436926405996,127.84436098466735,133.13672750340058,-16.509827738270676,Music,False
2025-03-01,145.6272000373004,135.3035345342078,156.4666162926499,132.9873967180339,12.639803319266518,Music,False
2025-04-01,130.00535138723697,119.63376378427003,141.3538616931445,132.82206620566362,-2.8167148184266537,Music,False
2025-05-01,125.92249580147771,115.19539093363584,136.7749245773231,132.66206893562787,-6.739573134150169,Music,False
2025-06-01,126.67047465144992,116.23573570607296,136.75944108370985,132.4967384232576,-5.826263771807669,Music,False
2025-07-01,129.07602273436697,118.1140340037949,139.59679579546352,132.33674115322185,-3.2607184188548737,Music,False
2025-08-01,135.3091333298726,124.97491430287909,145.69967251678284,132.17141064085158,3.137722689021017,Music,False
2025-09-01,126.73088286702458,115.55166156020154,137.1191044741552,132.0060801284813,-5.275197261456719,Music,False
2025-10-01,141.33655640916362,131.03736721607706,152.7420625925484,131.84608285844556,9.490473550718077,Music,False
2025-11-01,126.37731392134343,115.53266061941616,137.87578009373004,131.68075234607528,-5.303438424731852,Music,False
2025-12-01,128.83975698925792,118.69166044954444,140.3121173584177,131.52075507603953,-2.6809980867816003,Music,False
2026-01-01,130.24468347665083,119.61301196751084,141.27368942820138,131.35542456366926,-1.1107410870184222,Music,True
2026-02-01,115.0189315485581,103.8464822842072,124.44863500316148,131.19009405129898,-16.171162502740884,Music,True
2026-03-01,142.1159826064631,131.62484681162863,152.80122591752584,131.0407632659323,11.07521934053079,Music,True
2026-04-01,126.15837577806859,114.99517725240837,137.04036373389053,130.87543275356202,-4.717056975493439,Music,True
2026-05-01,126.78292234508926,115.68947511372728,137.48340243357492,130.71543548352628,-3.932513138437017,Music,True
2026-06-01,123.56684871782065,113.47880578406097,134.73956436433122,130.550104971156,-6.983256253335354,Music,True
2022-01-01,78.89490900206525,69.22331080973794,88.83060270947976,76.40214491,2.492764092065245,Party,False
2022-02-01,67.52021590814924,57.48768021268163,77.44224592689947,76.33864554737274,-8.818429639223492,Party,False
2022-03-01,70.5463280758789,60.45750954415033,80.96517887551873,76.28129128371947,-5.734963207840561,Party,False
2022-04-01,73.12000262051446,62.830823250588935,82.73486376842723,76.21779192038906,-3.097789299874603,Party,False
2022-05-01,75.21522230548541,65.47851501697748,84.55379898228004,76.1563409237491,-0.9411186182636841,Party,False
2022-06-01,72.4113317618699,62.375364218329686,81.0486126516317,76.09284156113571,-3.6815097992658177,Party,False
2022-07-01,73.67090645407039,63.382885821811506,82.87146107000137,76.03139056505822,-2.3604841109878283,Party,False
2022-08-01,76.57433975238786,67.09372809815677,86.55576292111608,75.96789120170824,0.6064485506796204,Party,False
2022-09-01,72.59312340215263,63.28540129655392,82.26880956574117,75.90439183839186,-3.311268436239231,Party,False
2022-10-01,70.14130864368656,59.67257213521328,79.44304500870255,75.84294084163407,-5.701632197947513,Party,False
2022-11-01,71.62607818417958,61.354916845331104,80.89452067943819,75.77944147896416,-4.153363294784584,Party,False
2022-12-01,76.78913273517958,67.99725139745543,86.58178522791235,75.71799048292411,1.071142252255472,Party,False
2023-01-01,83.10547929891715,73.17122648710726,93.64619696135544,75.65449112034939,7.450988178567752,Party,False
2023-02-01,66.0645142530794,56.37677427358101,76.3503228604667,75.59099175866929,-9.5264775055899,Party,False
2023-03-01,64.67942314351608,54.10070627223769,73.84032271940086,75.5336375236134,-10.854214380097314,Party,False
2023-04-01,73.10082635743049,63.308899001833474,82.57997816418705,75.47013819194434,-2.369311834513854,Party,False
2023-05-01,78.13756120425722,68.9882954217542,88.14134370373941,75.40868722633196,2.728873977925256,Party,False
2023-06-01,71.59766499655451,62.3459187632522,82.18549292200342,75.34518789548434,-3.7475228989298333,Party,False
2023-07-01,72.90790475157458,63.372011688470835,82.93163321863813,75.28373693014794,-2.3758321785733574,Party,False
2023-08-01,73.27319059873425,62.89289057263872,82.60747548212365,75.2202375995887,-1.9470470008544585,Party,False
2023-09-01,76.2091320258966,65.92367707711814,86.77262684879774,75.15673826949389,1.0523937564027088,Party,False
2023-10-01,62.962959489781994,53.47460288339816,72.72100290511285,75.09528730488599,-12.132327815103993,Party,False
2023-11-01,73.60868039363258,63.9417132937084,83.54842007406108,75.03178797479322,-1.423107581160633,Party,False
2023-12-01,75.50141486797664,65.66413723807635,85.81768420761166,74.97033701045606,0.5310778575205752,Party,False
2024-01-01,87.27572327692666,77.51133448074738,97.18485858102694,74.90683768064102,12.368885596285642,Party,False
2024-02-01,64.4735341378649,54.562795524986,74.06956111050694,74.84333835041937,-10.369804212554465,Party,False
2024-03-01,79.39292752659702,69.65833651617358,88.77618677680776,74.78393575107341,4.608991775523601,Party,False
2024-04-01,70.55796013522024,60.384487959981804,81.07597218597665,74.72043642073808,-4.162476285517845,Party,False
2024-05-01,66.41253536591373,56.428087946244226,75.93655977303222,74.65898545608749,-8.246450090173768,Party,False
2024-06-01,70.88630704032228,61.54114604058359,80.90109104755864,74.59548612538111,-3.7091790850588398,Party,False
2024-07-01,72.07453163208834,61.22350414395567,81.92342114992026,74.53403516018139,-2.4595035280930495,Party,False
2024-08-01,80.25730121746591,70.18318321744074,90.15033397041567,74.47053582879637,5.786765388669537,Party,False
2024-09-01,62.24823386498328,52.85337841706223,72.27406276565794,74.40703649777002,-12.158802632786747,Party,False
2024-10-01,81.50647745581108,72.16491360526241,91.85047040272282,74.34558553226064,7.160891923550443,Party,False
2024-11-01,64.94840292796027,55.828193157666874,74.7887637445728,74.2820862009229,-9.333683272962634,Party,False
2024-12-01,76.49815139035803,66.10244209950015,86.18972449765049,74.22063523440798,2.277516155950054,Party,False
2025-01-01,71.65680930953167,62.343786461747776,81.05880617042509,74.15713590234257,-2.5003265928109077,Party,False
2025-02-01,65.84731539702271,55.440383323084255,75.20265062299869,74.09363656938447,-8.246321172361762,Party,False
2025-03-01,73.45784196812356,63.944241374834505,83.45437301040263,74.03628233293486,-0.578440364811301,Party,False
2025-04-01,70.27725701767007,60.04856880453235,79.74445927919065,73.97278299972278,-3.695525982052714,Party,False
2025-05-01,69.31024534059301,59.659180919067744,78.38199998383229,73.91133203209819,-4.601086691505168,Party,False
2025-06-01,70.17869475525153,60.12046678382801,79.77265024313807,73.84783269888611,-3.6691379436345777,Party,False
2025-07-01,71.39817161888004,61.39250525711127,81.93505793359454,73.78638173126151,-2.3882101123814743,Party,False
2025-08-01,76.9079282678867,67.46146030221564,86.53412199281551,73.72288239804944,3.185045869837267,Party,False
2025-09-01,65.94351558535607,56.288365762289644,75.92969062634468,73.65938306483736,-7.715867479481293,Party,False
2025-10-01,74.32931319430884,64.79524645911513,83.86748791320294,73.59793209721276,0.7313810970960783,Party,False
2025-11-01,66.74377527930483,57.196352385063605,77.05377062004341,73.53443276400068,-6.7906574846958545,Party,False
2025-12-01,75.12573161492878,65.64091381615765,84.12568036730633,73.47298179637609,1.6527498185526852,Party,False
2026-01-01,75.90224655515095,66.19082452626064,85.34359981910727,73.40948246316401,2.4927640919869414,Party,True
2026-02-01,64.52755349071556,54.10117277514864,73.91981753054098,73.34598312995195,-8.818429639236383,Party,True
2026-03-01,67.55366568564256,58.041930738802925,76.84494958772372,73.28862889350232,-5.7349632078597645,Party,True
2026-04-01,70.12734026041007,59.88190278223459,80.24989526511389,73.22512956029024,-3.0977892998801697,Party,True
2026-05-01,72.2225599743797,62.27405608482034,82.30674597821839,73.16367859266565,-0.9411186182859423,Party,True
2026-06-01,69.41866946014284,60.187119298118894,79.5662455293424,73.10017925945357,-3.681509799310738,Party,True
2022-01-01,157.21311871009985,146.13346084266868,167.7712708383957,169.2155567,-12.002437989900162,Platform,False
2022-02-01,168.8178721716913,158.1643128973647,179.82038361538366,169.14447099877276,-0.32659882708144405,Platform,False
2022-03-01,171.4715075794708,161.36984851787972,182.68071307618155,169.08026455782257,2.391243021648216,Platform,False
2022-04-01,166.24498764504867,155.2289347102426,177.08851265250127,169.00917885534201,-2.7641912102933546,Platform,False
2022-05-01,169.97751723167758,159.1458365141647,180.70650766544475,168.94038623999654,1.037130991681048,Platform,False
2022-06-01,170.66461393493873,159.8630495431892,181.12671724851327,168.86930053972804,1.7953133952106726,Platform,False
2022-07-01,164.55149726059082,153.46933327877113,175.42025112104656,168.800507926565,-4.249010665974163,Platform,False
2022-08-01,183.9832891219375,173.44228222517606,194.80042225040856,168.72942222812887,15.25386689380864,Platform,False
2022-09-01,167.1167914677417,155.51243809185212,177.63370223103598,168.6583365314634,-1.5415450637216797,Platform,False
2022-10-01,159.23923003827528,148.16139513900558,170.60453323588672,168.58954392178705,-9.350313883511767,Platform,False
2022-11-01,159.0737342764049,148.0692709947158,169.3004222834366,168.51951980271824,-9.445785526313328,Platform,False
2022-12-01,158.458484428281,147.1276574835605,169.03961363382388,168.45361264982694,-9.995128221545949,Platform,False
2023-01-01,166.42025678043498,154.80521263785988,177.38512514731678,168.38550859183923,-1.9652518114042483,Platform,False
2023-02-01,161.43036782342728,150.00555195965225,172.2753702078203,168.31765128717805,-6.887283463750783,Platform,False
2023-03-01,167.96611499500608,156.4982541674254,178.43449142087962,168.25690331532488,-0.29078832031879526,Platform,False
2023-04-01,169.7480781430731,158.37044761583832,180.24274673542564,168.18964663220171,1.5584315108713864,Platform,False
2023-05-01,172.58597102198087,161.98425819965445,184.104383551361,168.12543157354628,4.460539448434585,Platform,False
2023-06-01,171.37083632085475,161.38243383036283,182.75058480641755,168.059554275748,3.3112820451067404,Platform,False
2023-07-01,150.18724047949098,139.63331103686826,160.8145352749058,167.9958020520723,-17.8085615725813,Platform,False
2023-08-01,191.7081256175886,180.54184667220002,202.58359353101912,167.92992475974384,23.77820085784476,Platform,False
2023-09-01,170.97438599156234,161.19706857832279,181.95503092806555,167.8640477469784,3.1103382445839456,Platform,False
2023-10-01,153.4362759431695,142.29395027076396,164.17143819231146,167.8002957991409,-14.364019855971396,Platform,False
2023-11-01,159.13177409851508,148.9773517909652,169.98081836846683,167.73441878853765,-8.602644690022561,Platform,False
2023-12-01,153.96898148711912,142.86663872054137,164.94978584216122,167.67066684419888,-13.701685357079757,Platform,False
2024-01-01,175.6223525085494,165.0113047151405,186.951028275592,167.6047898350488,8.017562673500594,Platform,False
2024-02-01,153.93744316570346,143.36999891579276,164.5482676959989,167.53891282563157,-13.601469659928124,Platform,False
2024-03-01,175.65680908818905,164.8544763141211,186.63673842668217,167.4772859472219,8.179523140967158,Platform,False
2024-04-01,156.33135885121288,145.2005747339771,167.36283783701705,167.41140893926675,-11.08005008805388,Platform,False
2024-05-01,161.31380214768643,150.02867131930753,172.19397793710147,167.34765699638953,-6.033854848703088,Platform,False
2024-06-01,165.39092843704438,155.04002329479067,177.04581738123184,167.2817799879553,-1.8908515509109298,Platform,False
2024-07-01,190.39881326645803,179.39352728781896,201.3889401355763,167.21802804430934,23.180785222148714,Platform,False
2024-08-01,166.03536166271672,154.8465970133887,176.83478471135854,167.15215103797345,-1.1167893752567375,Platform,False
2024-09-01,155.89822868352937,145.35831606998195,167.0358643372958,167.08627403246817,-11.188045348938806,Platform,False
2024-10-01,167.47971523019146,156.9389003053759,178.34797255181937,167.0225220916566,0.457193138534851,Platform,False
2024-11-01,155.88501821116688,143.9336889682017,166.421387647196,166.95664508518385,-11.071626874016982,Platform,False
2024-12-01,164.6338844377904,153.34526655962426,175.27675360198108,166.89289314437744,-2.259008706587028,Platform,False
2025-01-01,144.74169660099923,133.63755815065934,155.9333156058895,166.82701613887744,-22.085319537878203,Platform,False
2025-02-01,172.83592630347482,161.3354362394468,183.7358454882533,166.76113913385518,6.074787169619641,Platform,False
2025-03-01,171.9175210713831,160.81956424636272,182.80579815085963,166.70163732322288,5.215883748160237,Platform,False
2025-04-01,159.6570390208774,148.98796729832765,170.00676651253048,166.63576031859427,-6.978721297716878,Platform,False
2025-05-01,164.1091511606297,153.4506279570596,175.0243497135664,166.5720083786311,-2.4628572180013917,Platform,False
2025-06-01,166.56753748327452,156.52139468965677,177.53388999958614,166.50613137400248,0.061406109272043596,Platform,False
2025-07-01,175.86090314925505,165.13749719953188,186.79660684980004,166.4423794340393,9.418523715215734,Platform,False
2025-08-01,173.32971363241552,162.18088670013597,183.88187690797875,166.3765024294107,6.95321120300482,Platform,False
2025-09-01,160.00082362719763,148.7394174675631,170.26879691149372,166.3106254247821,-6.309801797584477,Platform,False
2025-10-01,161.83839216173482,150.7159901589189,173.22534004996288,166.24687348481893,-4.408481323084118,Platform,False
2025-11-01,155.91263102953062,145.29644563404355,167.0649242559092,166.18099648019032,-10.268365450659688,Platform,False
2025-12-01,159.93687503111516,149.17575028511303,170.66416662361553,166.11724454022715,-6.180369509111989,Platform,False
2026-01-01,154.04892954560808,142.89263046927894,164.70801021572237,166.05136753559853,-12.002437989990467,Platform,True
2026-02-01,165.658891703923,155.25486303556795,176.66732593157883,165.98549053096994,-0.3265988270469633,Platform,True
2026-03-01,168.31723174195653,157.4770905100981,179.4489959529349,165.92598872033764,2.391243021618879,Platform,True
2026-04-01,163.09592050540653,151.2499374172003,173.30081134444558,165.86011171570902,-2.764191210302504,Platform,True
2026-05-01,166.83349076738668,155.94883714261115,177.92362717062483,165.79635977574586,1.0371309916408111,Platform,True
2026-06-01,167.5257961662967,156.81584969600627,178.2565472304108,165.73048277111727,1.795313395179418,Platform,True
2022-01-01,36.27736744301487,29.720355270633288,42.71417190915896,39.10358444,-2.8262169969851283,Point-And-Click,False
2022-02-01,31.76352484627151,25.079622328952453,37.72182970330319,39.04534044502587,-7.2818155987543625,Point-And-Click,False
2022-03-01,38.916415753657574,32.68731092107942,45.32613754053493,38.99273296561845,-0.07631721196087579,Point-And-Click,False
2022-04-01,37.53244575626151,31.106069483764482,43.844619854658816,38.93448897056024,-1.4020432142987287,Point-And-Click,False
2022-05-01,38.304791940115315,32.186307809541944,44.696914979683605,38.87812381420463,-0.5733318740893105,Point-And-Click,False
2022-06-01,39.14222094524584,33.23780273800123,45.95419230636201,38.81987981945278,0.3223411257930616,Point-And-Click,False
2022-07-01,41.31794107474383,35.184149773295616,47.330728837242674,38.76351466324131,2.554426411502516,Point-And-Click,False
2022-08-01,37.22422749477341,31.030339608970102,43.367602249456866,38.70527066838927,-1.4810431736158591,Point-And-Click,False
2022-09-01,32.313748217769934,25.663625127473786,38.446330961879084,38.647026673520664,-6.333278455750728,Point-And-Click,False
2022-10-01,42.11492051414661,35.770700530724426,48.524294184237796,38.5906615171962,3.5242589969504095,Point-And-Click,False
2022-11-01,33.52793876199929,27.363757495543304,39.878820131863236,38.53241752217655,-5.004478760177265,Point-And-Click,False
2022-12-01,33.51405498892769,27.32764149087711,39.92168552444252,38.47605236581287,-4.961997376885181,Point-And-Click,False
2023-01-01,37.585591082943246,31.0423104272343,43.435084427022865,38.41780837090373,-0.8322172879604839,Point-And-Click,False
2023-02-01,32.17450325606886,25.896177286866784,38.294188037744405,38.359408585964786,-6.184905329895927,Point-And-Click,False
2023-03-01,35.951017173928314,29.918948798634826,41.921091229133516,38.30645124851358,-2.355434074585266,Point-And-Click,False
2023-04-01,36.40943389471785,30.065117828224754,42.82339509388555,38.247819910621175,-1.8383860159033227,Point-And-Click,False
2023-05-01,38.19479892161696,32.262354260261674,44.84510562527443,38.19107340546248,0.003725516154474584,Point-And-Click,False
2023-06-01,37.7245816911195,31.65011549643159,43.90836982107079,38.13243489912193,-0.4078532080024312,Point-And-Click,False
2023-07-01,41.779645741298005,35.58389146584202,48.00941291189718,38.07568795750205,3.7039577837959583,Point-And-Click,False
2023-08-01,39.3243466353376,32.820096863585235,45.60753857062734,38.017047905752015,1.307298729585583,Point-And-Click,False
2023-09-01,30.493721062078645,23.87219270278853,36.71932756593111,37.95840785366197,-7.464686791583323,Point-And-Click,False
2023-10-01,36.21735549791836,30.261290390277207,42.93974535296846,37.90165941615547,-1.6843039182371062,Point-And-Click,False
2023-11-01,36.98388309652212,30.64711761053251,43.18871661526948,37.842741215034486,-0.8588581185123657,Point-And-Click,False
2023-12-01,31.28874644836083,25.176613911428987,37.27647102093656,37.78572360101557,-6.496977152654741,Point-And-Click,False
2024-01-01,38.90240320304872,32.59191114608371,44.76430198325938,37.726805399862684,1.1755978031860344,Point-And-Click,False
2024-02-01,32.52588586903004,26.260941004674514,38.9274604102598,37.667887198502534,-5.142001329472493,Point-And-Click,False
2024-03-01,42.02773933972468,35.73458668629341,48.34623430602205,37.61277017114065,4.414969168584032,Point-And-Click,False
2024-04-01,37.12726098325989,30.92594231538003,43.68754492925191,37.553851969477954,-0.4265909862180674,Point-And-Click,False
2024-05-01,35.819303934082036,29.36309888728413,42.28349052116951,37.496834354809394,-1.6775304207273567,Point-And-Click,False
2024-06-01,39.29312288037811,33.3910773935552,45.53948604406414,37.43791615280651,1.8552067275715989,Point-And-Click,False
2024-07-01,37.733910092571364,31.954771953533804,44.25280823212228,37.38089853796501,0.353011554606353,Point-And-Click,False
2024-08-01,30.108335550706308,23.757071911562512,36.53173269553354,37.32198033608524,-7.213644785378934,Point-And-Click,False
2024-09-01,32.88113242286533,26.883810222979054,39.22938833279653,37.26306213422149,-4.3819297113561655,Point-And-Click,False
2024-10-01,51.31819162064107,44.94802972704465,56.72912005418472,37.206044519514634,14.112147101126437,Point-And-Click,False
2024-11-01,24.06908242105306,17.98609059915362,30.6049982120077,37.14712631750094,-13.07804389644788,Point-And-Click,False
2024-12-01,35.197904762236405,28.901863008235864,41.26998682408072,37.09010870242193,-1.892203940185528,Point-And-Click,False
2025-01-01,32.227180443104835,26.122260658403327,38.748933615732625,37.03119050017362,-4.804010057068784,Point-And-Click,False
2025-02-01,28.541027755296703,22.368380942317167,35.22206630800904,36.972272297861316,-8.431244542564615,Point-And-Click,False
2025-03-01,39.100444356449024,32.71575839249462,45.475992492974974,36.91905585692232,2.1813884995267023,Point-And-Click,False
2025-04-01,35.92909736489396,29.226982642109522,42.02732489732314,36.86013765445413,-0.9310402895601639,Point-And-Click,False
2025-05-01,35.6692681306403,29.360033093485384,41.9032911307326,36.80312003916234,-1.1338519085220389,Point-And-Click,False
2025-06-01,37.82099694378772,32.00445586980618,44.70880970032202,36.74420183669416,1.076795107093559,Point-And-Click,False
2025-07-01,38.12394607048765,32.162812167851214,44.063150909368545,36.68718422140237,1.4367618490852763,Point-And-Click,False
2025-08-01,32.305838362358976,26.507431627347945,38.367374374197404,36.62826601893418,-4.322427656575203,Point-And-Click,False
2025-09-01,31.264234577030724,24.70274126328374,37.61606605274234,36.569347816466,-5.305113239435275,Point-And-Click,False
2025-10-01,45.30390217083385,39.320115436683665,51.44878509560263,36.51233020117421,8.79157196965964,Point-And-Click,False
2025-11-01,27.37495970827496,21.140119061404377,33.60695190922606,36.45341199870602,-9.078452290431056,Point-And-Click,False
2025-12-01,32.96933396618204,27.23710213047717,39.44616045618538,36.396394383414226,-3.427060417232187,Point-And-Click,False
2026-01-01,33.51125918393908,27.50357328371729,39.833718846207006,36.33747618094605,-2.826216997006964,Point-And-Click,True
2026-02-01,28.996742379720654,23.055209249322893,35.456660102532986,36.27855797847786,-7.28181559875721,Point-And-Click,True
2026-03-01,36.1490243255709,29.92974322237576,42.949076797092516,36.22534153753885,-0.07631721196795446,Point-And-Click,True
2026-04-01,34.76438012075371,28.455986761897673,40.99768397093955,36.166423335070675,-1.40204321431697,Point-And-Click,True
2026-05-01,35.53607384568721,29.401709172020134,41.86296498225517,36.10940571977888,-0.5733318740916609,Point-And-Click,True
2026-06-01,36.37282864307092,30.176788536423246,42.93608866306945,36.05048751731069,0.3223411257602242,Point-And-Click,True
2022-01-01,650.8865848268024,621.7795950359092,680.3485991618444,645.28745571,5.599129116802337,Puzzle,False
2022-02-01,592.4912725814474,560.7056571061142,622.1864266104836,645.5005158509329,-53.00924326948537,Puzzle,False
2022-03-01,643.2326507482854,614.4111818347201,673.6165418888949,645.6929572585652,-2.460306510279756,Puzzle,False
2022-04-01,628.204562961738,599.8630559790531,657.6142647367386,645.9060173884438,-17.701454426705766,Puzzle,False
2022-05-01,682.028197376683,653.2707631138812,714.3181497330667,646.1122045958042,35.91599278087877,Puzzle,False
2022-06-01,645.1763584196314,615.9880718953241,673.9047476518792,646.3252647576529,-1.1489063380215307,Puzzle,False
2022-07-01,654.7631966991593,625.6152062853307,683.7004324105875,646.531452011055,8.231744688104294,Puzzle,False
2022-08-01,680.8581419930832,651.1808441925962,707.9667192809537,646.744512149188,34.11362984389523,Puzzle,False
2022-09-01,610.723003165565,581.4444158210996,640.1103546089414,646.957572334302,-36.23456916873688,Puzzle,False
2022-10-01,658.5450306553574,630.9686400259067,690.5848125674997,647.1637596102186,11.381271045138911,Puzzle,False
2022-11-01,660.5911901273023,629.7273784930215,689.2709435891663,647.376819739552,13.21437038775029,Puzzle,False
2022-12-01,674.486385051814,644.4411928654878,703.9735312104095,647.5830069382646,26.90337811354937,Puzzle,False
2023-01-01,651.447736507847,622.8186270145821,680.3937285871202,647.7960670436009,3.6516694642460847,Puzzle,False
2023-02-01,595.0910870925095,564.7746397346473,623.796675594685,648.0091271203481,-52.918040027838686,Puzzle,False
2023-03-01,645.2208649136394,615.7043339053506,675.4008338614516,648.2015459499194,-2.9806810362799596,Puzzle,False
2023-04-01,619.6670077635896,591.480455918445,647.7265417741002,648.4145810826589,-28.747573319069218,Puzzle,False
2023-05-01,684.8493246394834,657.2990661626342,714.6154346673479,648.6203342194525,36.22899042003082,Puzzle,False
2023-06-01,659.8911314263927,631.2021503092006,689.118961468598,648.8320825324608,11.059048893931863,Puzzle,False
2023-07-01,654.0619278672605,624.4087036461136,682.7930004027552,649.037000254727,5.024927612533504,Puzzle,False
2023-08-01,699.5097126857487,669.5899810701375,730.7282070301296,648.4173722657039,51.0923404200448,Puzzle,False
2023-09-01,587.6770815796604,558.7243967343923,617.2715264984555,647.7878928382919,-60.110811258631585,Puzzle,False
2023-10-01,653.9855510351451,624.7547955858671,683.8953161497119,647.1787191988609,6.806831836284256,Puzzle,False
2023-11-01,665.8131127442559,632.5976922835422,693.8527988135264,646.5413590326041,19.271753711651836,Puzzle,False
2023-12-01,683.6290211179772,651.9873930152343,708.906652290653,645.9153243707433,37.71369674723399,Puzzle,False
2024-01-01,646.7714499157535,619.594371392667,675.8405823014076,645.2684218868204,1.5030280289330837,Puzzle,False
2024-02-01,591.7292950794382,562.1142753273544,620.8279395280757,644.6207951452973,-52.891500065859056,Puzzle,False
2024-03-01,642.1522351396976,610.9877821618868,671.8597261993992,644.0140871388757,-1.8618519991780638,Puzzle,False
2024-04-01,647.9749603716027,620.6021012951439,678.6483605120337,643.3655372009769,4.609423170625844,Puzzle,False
2024-05-01,679.0330083127351,648.6551798406924,708.1902223682248,642.7360471823748,36.296961130360266,Puzzle,False
2024-06-01,616.7521254377775,586.2369836101858,645.458549913877,642.0855706306232,-25.33344519284577,Puzzle,False
2024-07-01,655.9493653641987,626.1838085967623,685.029796906402,641.4560771934441,14.493288170754555,Puzzle,False
2024-08-01,639.7566345163712,611.0767294500464,667.2624997905715,640.805596871719,-1.0489623553478578,Puzzle,False
2024-09-01,650.7948851301094,620.8142434910063,680.8981347722424,640.1551165253577,10.63976860475172,Puzzle,False
2024-10-01,661.268695950919,630.0488097345444,691.6712094261956,639.5256194159758,21.74307653494313,Puzzle,False
2024-11-01,640.962719050896,612.0597765582496,670.1099984573369,638.8751390353315,2.087580015564582,Puzzle,False
2024-12-01,643.2909160081041,614.8408048581073,672.0761263003624,638.2456419188065,5.045274089297524,Puzzle,False
2025-01-01,644.9417814135379,616.7153656447388,674.7668107823919,637.5951615650641,7.346619848473733,Puzzle,False
2025-02-01,583.7795356972088,553.8909881218319,612.2005022984796,636.9446812041167,-53.16514550690796,Puzzle,False
2025-03-01,634.271222218659,605.1672290705781,664.8262318430574,636.3571505785875,-2.085928359928568,Puzzle,False
2025-04-01,629.1287184152009,601.3498980071424,658.5141639100154,635.7066702431802,-6.5779518279792955,Puzzle,False
2025-05-01,671.0155744025705,639.4863553057344,699.7683364644919,635.0771731443989,35.93840125817159,Puzzle,False
2025-06-01,621.1422508321248,592.1482966645839,651.365216978147,634.4266928089916,-13.284441976866743,Puzzle,False
2025-07-01,645.1834750703407,614.2142815847549,674.5851869907697,633.7971957102103,11.386279360130356,Puzzle,False
2025-08-01,649.8757625389902,620.2858317821402,678.5728048754793,633.146715374803,16.729047164187218,Puzzle,False
2025-09-01,619.8535423040596,591.1602149872144,650.2835804603377,632.4962350393956,-12.642692735335983,Puzzle,False
2025-10-01,648.2302337070355,619.3004649896708,677.238901430704,631.8667379406144,16.363495766421085,Puzzle,False
2025-11-01,638.6999941356559,610.0255385836804,666.5497401121986,631.216257605207,7.483736530448874,Puzzle,False
2025-12-01,646.59580677618,618.2667019337111,677.5349208103637,630.5867605064258,16.0090462697542,Puzzle,False
2026-01-01,635.5354092879044,603.5952051532229,665.8769537433045,629.9362801710184,5.599129116885938,Puzzle,True
2026-02-01,576.2765565661573,548.437488157906,607.4573975940982,629.2857998356111,-53.00924326945377,Puzzle,True
2026-03-01,626.2379626998405,594.3351028811958,652.6472140698216,628.6982692100819,-2.4603065102413266,Puzzle,True
2026-04-01,610.3463344478573,583.068858058965,639.6208168727485,628.0477888746747,-17.70145442681737,Puzzle,True
2026-05-01,663.3342845568867,634.0397465986899,694.2844942591232,627.4182917758933,35.91599278099338,Puzzle,True
2026-06-01,625.6189051025283,597.4048466499502,655.4031560712169,626.767811440486,-1.1489063379577167,Puzzle,True
2022-01-01,31.932454349968395,27.583940715542074,36.17630219896241,28.1667909,3.765663449968396,Quiz,False
2022-02-01,25.4804054864839,20.990365428533824,29.878919261508603,28.234533114848947,-2.7541276283650475,Quiz,False
2022-03-01,27.905651496019072,23.457134080778218,32.281373324659185,28.295719632664326,-0.39006813664525625,Quiz,False
2022-04-01,28.87241083928807,24.708385064677216,33.249727595656374,28.36346184881707,0.508948990470999,Quiz,False
2022-05-01,30.829864671894626,26.403328651045424,35.151256512108304,28.429018831029968,2.40084584086466,Quiz,False
2022-06-01,22.216330008422048,18.255296303968816,26.44107999361363,28.49676104527959,-6.280431036857543,Quiz,False
2022-07-01,29.64583766467546,25.61731800884836,33.9333419095822,28.56231802681149,1.0835196378639727,Quiz,False
2022-08-01,32.18391260165027,28.1127217778162,36.578411046034454,28.630060241126916,3.553852360523353,Quiz,False
2022-09-01,27.244265425734685,23.116416988921014,31.60159729374059,28.697802456471745,-1.4535370307370608,Quiz,False
2022-10-01,30.226694600583418,25.706059740000228,34.538275498778326,28.763359439063514,1.4633351615199028,Quiz,False
2022-11-01,26.059652747643447,21.615499624231745,30.418589604268934,28.831101654344266,-2.7714489067008197,Quiz,False
2022-12-01,25.8556677024611,21.38651906514423,30.176646533484377,28.896658636342583,-3.040990933881481,Quiz,False
2023-01-01,30.952451237257584,26.660870547299936,35.254875440644746,28.964400851074174,1.98805038618341,Quiz,False
2023-02-01,27.383765352256557,22.773952716702375,31.68116100618152,29.032143065790287,-1.6483777135337307,Quiz,False
2023-03-01,29.85071765632229,25.652510361808808,33.87659061719884,29.09332958620769,0.7573880701145972,Quiz,False
2023-04-01,29.700511090589405,25.395326617866417,34.001693199504864,29.161071805241246,0.5394392853481584,Quiz,False
2023-05-01,29.197371241049634,24.83295976499303,33.63362085613873,29.226628790677974,-0.029257549628340346,Quiz,False
2023-06-01,24.397465170613895,20.051153530517286,28.571689626949208,29.29474985963005,-4.897284689016154,Quiz,False
2023-07-01,28.708272836924927,24.619121626564656,33.36979873225426,29.360673474744953,-0.6524006378200278,Quiz,False
2023-08-01,36.7353410345469,32.77694086689723,41.25074645266915,29.428794542868477,7.3065464916784215,Quiz,False
2023-09-01,25.842739040761757,21.639333345841774,29.9662462328468,29.496915611670346,-3.654176570908589,Quiz,False
2023-10-01,30.92730236928079,26.364414710666242,35.2869175682457,29.5628392266399,1.364463142640889,Quiz,False
2023-11-01,27.866256713819737,23.613713617440414,32.1951572929851,29.630960294650897,-1.7647035808311602,Quiz,False
2023-12-01,26.202548157249062,22.018091554672452,30.446758987388016,29.69688390864421,-3.4943357513951474,Quiz,False
2024-01-01,30.000147166292376,25.63054764522121,33.98651050599828,29.7650049764373,0.235142189855074,Quiz,False
2024-02-01,29.334691238983947,25.273115858385967,33.309567886552024,29.833126044670948,-0.49843480568700027,Quiz,False
2024-03-01,27.143172888033437,22.844378172395782,31.456775581701052,29.896852206506413,-2.753679318472975,Quiz,False
2024-04-01,30.25568864760391,26.164830802204502,34.39882545524457,29.964973276054668,0.290715371549243,Quiz,False
2024-05-01,37.316016039254926,33.27528318866179,41.668402047052645,30.030896893082414,7.285119146172515,Quiz,False
2024-06-01,21.131614515295876,16.7579597852855,25.603945890866473,30.099017965176767,-8.96740344988089,Quiz,False
2024-07-01,34.825001255950106,30.2271095958191,39.16554939717376,30.1649415833326,4.660059672617508,Quiz,False
2024-08-01,26.255453761707564,21.812731098684615,30.540905140412917,30.23306265486286,-3.9776088931552955,Quiz,False
2024-09-01,33.111531465631074,28.81471447469542,37.51745988696378,30.30118372542731,2.810347740203767,Quiz,False
2024-10-01,32.10058698507146,27.78104850307279,36.468405965666044,30.36710734210258,1.7334796429688772,Quiz,False
2024-11-01,25.64022061747785,21.26847604637058,29.96375612940199,30.435228412905072,-4.79500779542722,Quiz,False
2024-12-01,28.287104470442117,24.041057166308082,32.7367905618636,30.50115202902741,-2.214047558585292,Quiz,False
2025-01-01,36.135418435161604,31.793304514297756,40.730416834121044,30.569273099020485,5.566145336141121,Quiz,False
2025-02-01,26.82281072251349,22.54902315789815,31.101893762494896,30.637394169276288,-3.8145834467627973,Quiz,False
2025-03-01,29.1379235337404,24.89861316746555,33.53608108551811,30.698922878126115,-1.5609993443857162,Quiz,False
2025-04-01,31.193130972300345,27.287516981943533,35.59871583637614,30.767043948638424,0.4260870236619212,Quiz,False
2025-05-01,35.67281479122539,31.642932744121065,40.008999104061765,30.832967565263246,4.839847225962145,Quiz,False
2025-06-01,23.263815994208326,18.882878249479845,27.75526909611391,30.901088635775555,-7.63727264156723,Quiz,False
2025-07-01,33.821563009472015,29.38297853987265,37.92856761497265,30.967012252400373,2.8545507570716424,Quiz,False
2025-08-01,30.826486339040557,26.353726803140543,35.10861148424693,31.035133322912685,-0.208646983872128,Quiz,False
2025-09-01,31.805050882658634,27.489196186425666,36.22073205882784,31.103254393424997,0.7017964892336381,Quiz,False
2025-10-01,32.75565893166955,28.135363190415013,36.80154326185216,31.169178010049812,1.58648092161974,Quiz,False
2025-11-01,27.45544915196267,23.211263354728533,31.805017307403347,31.237299080562128,-3.781849928599455,Quiz,False
2025-12-01,28.68923965385515,24.300666454413044,33.01430029016376,31.303222697186943,-2.6139830433317917,Quiz,False
2026-01-01,35.1370072177025,30.733809356365597,39.290120921057245,31.37134376769926,3.765663450003235,Quiz,True
2026-02-01,28.68533720984738,24.373250421998204,32.97485644328564,31.439464838211567,-2.754127628364187,Quiz,True
2026-03-01,31.110925410422627,26.900222268643475,35.5397669957536,31.500993547061398,-0.39006813663876977,Quiz,True
2026-04-01,32.07806360803026,27.812506389448256,36.18086566486666,31.56911461757371,0.5089489904565512,Quiz,True
2026-05-01,34.03588407507071,29.7592008958533,38.37958063718811,31.63503823419853,2.400845840872183,Quiz,True
2026-06-01,25.422728267874028,20.85261662320898,29.499526464726465,31.703159304710837,-6.280431036836809,Quiz,True
2022-01-01,260.4764505329874,244.83880997359364,277.79386786476834,250.95501116,9.521439372987432,Racing,False
2022-02-01,239.76242731881302,222.77012069828632,256.9980005595823,250.75294112174615,-10.990513802933132,Racing,False
2022-03-01,261.2070342377204,244.79154162113375,277.829670122475,250.57042624843584,10.636607989284565,Racing,False
2022-04-01,255.09286358786773,237.6910743594945,270.66353903342866,250.368356210128,4.724507377739706,Racing,False
2022-05-01,260.4217632607657,243.89110105957317,277.9292312759219,250.17280455956106,10.248958701204662,Racing,False
2022-06-01,248.3831134433708,231.9367634984125,264.7137419510804,249.97073451931863,-1.5876210759478218,Racing,False
2022-07-01,257.53648291516424,240.85542368298087,273.77884659221354,249.77518286747113,7.761300047693102,Racing,False
2022-08-01,255.90713401057516,238.774380504702,272.14976273470097,249.57311282794925,6.33402118262592,Racing,False
2022-09-01,259.3118135299005,242.07446138525674,276.42623880395456,249.37104278732372,9.940770742576785,Racing,False
2022-10-01,252.87669092983074,237.4848217936094,269.4061709418575,249.1754911351055,3.701199794725244,Racing,False
2022-11-01,253.48048420477312,236.27467926389497,271.1578483665454,248.97342109327596,4.507063111497147,Racing,False
2022-12-01,257.34354034966026,239.84245119039898,273.15701288728343,248.77786943917954,8.565670910480708,Racing,False
2023-01-01,257.72269273150437,239.40681484514778,274.5402419925535,248.57579939661323,9.146893334891105,Racing,False
2023-02-01,228.9950607746526,212.50613051760257,244.03947168498118,248.37372935382905,-19.37866857917646,Racing,False
2023-03-01,261.5646801000416,244.64542869825323,278.86882348583345,248.1912144759802,13.373465624061412,Racing,False
2023-04-01,249.8812149457404,232.8731252359016,266.39553221342766,247.98914443264752,1.8920705130928857,Racing,False
2023-05-01,258.3129021925482,241.07449401197704,275.4785379956529,247.79359277849107,10.519309414057162,Racing,False
2023-06-01,252.68877014284791,237.28453247777412,269.9373876148398,247.59152273696046,5.0972474058874555,Racing,False
2023-07-01,256.50774378301327,239.4600429405008,273.5097304030664,247.3959710838663,9.111772699146963,Racing,False
2023-08-01,249.68837248094678,234.3229641607132,267.66818037802784,247.1939010414785,2.494471439468283,Racing,False
2023-09-01,254.54140634543697,238.01855335568527,270.9208283355051,246.99183100048012,7.549575344956855,Racing,False
2023-10-01,245.47284886641836,229.3554845943232,261.44198832263777,246.79627934790102,-1.3234304814826678,Racing,False
2023-11-01,252.4655519969437,235.92949860129966,270.10562413598865,246.59420930722172,5.871342689721979,Racing,False
2023-12-01,266.393703324333,251.34899773925474,283.1940544739174,246.39959881879835,19.994104505534654,Racing,False
2024-01-01,254.67303088148182,237.2276282948791,271.78907062260345,246.1985013140942,8.474529567387641,Racing,False
2024-02-01,218.1901287483031,201.56738928608036,235.54414276166858,245.99742303249332,-27.807294284190213,Racing,False
2024-03-01,251.19259670698332,233.97350328516214,268.5572435703617,245.81164895565055,5.380947751332779,Racing,False
2024-04-01,256.1231219269405,239.59857172021475,272.3725589940202,245.61306287350826,10.510059053432215,Racing,False
2024-05-01,255.5508164291909,238.5995855360675,270.2684224838892,245.42362556361246,10.127190865578438,Racing,False
2024-06-01,230.3434047836887,212.3573667096755,246.64265769945345,245.23994636401358,-14.896541580324868,Racing,False
2024-07-01,249.58673015138044,233.83428882568384,266.33253525926807,245.0621922998856,4.524537851494841,Racing,False
2024-08-01,258.969949538182,241.64257165363523,275.46858134195537,245.31256269178874,13.65738684639326,Racing,False
2024-09-01,260.2150787451508,244.58493484553563,277.6266500524574,245.56474778840916,14.650330956741618,Racing,False
2024-10-01,259.94995235570565,242.78372310029994,277.3253838068029,245.8087978819128,14.141154473792852,Racing,False
2024-11-01,248.59525416126436,232.67182620481603,265.6803377416173,246.0639820963178,2.5312720649465716,Racing,False
2024-12-01,231.87140451246805,215.7065298351112,249.71433931428777,246.31173760182588,-14.44033308935783,Racing,False
2025-01-01,256.1665436602349,238.72366744217433,272.2116242715988,246.56775162418433,9.598792036050543,Racing,False
2025-02-01,244.17143785236772,225.9812985681563,260.26866306908784,246.82376604575092,-2.652328193383206,Racing,False
2025-03-01,255.02740490585612,238.31219978966715,271.80957882324486,247.05500492431275,7.97239998154337,Racing,False
2025-04-01,254.9091332242303,238.4362922661477,272.13817263323256,247.3110193970062,7.5981138272241004,Racing,False
2025-05-01,257.67645547742546,241.17328494328495,273.6442012879867,247.5587753383224,10.117680139103053,Racing,False
2025-06-01,239.5596796363441,223.27453660167916,258.9348391430027,247.81478981101583,-8.255110174671728,Racing,False
2025-07-01,254.2938852375793,236.7153887768885,270.68768507091517,248.06254575233203,6.231339485247275,Racing,False
2025-08-01,258.3751515253706,241.02892460841687,276.50177356849935,248.3185602250255,10.056591300345124,Racing,False
2025-09-01,260.8841816526933,243.72643999183998,278.405892637964,248.5745746977189,12.309606954974397,Racing,False
2025-10-01,257.68052528651765,240.83033614326828,274.0224657712113,248.82233063903513,8.858194647482517,Racing,False
2025-11-01,252.4710329008766,234.88095403079882,269.5922724995285,249.07834511172854,3.3926877891480536,Racing,False
2025-12-01,246.40894977915627,230.1758964409363,263.34298389828206,249.32610105304477,-2.9171512738884964,Racing,False
2026-01-01,259.1035548987259,242.9542504883281,276.8220645890328,249.5821155257382,9.521439372987736,Racing,True
2026-02-01,238.8476161955231,222.02849063712236,254.73213792572545,249.83812999843164,-10.990513802908538,Racing,True
2026-03-01,260.7059768663236,243.99876487044162,276.579426311489,250.06936887699345,10.636607989330198,Racing,True
2026-04-01,255.0498907273969,238.1817447608539,271.21257824911885,250.32538334968686,4.724507377710051,Racing,True
2026-05-01,260.82209799223165,243.91209688683435,277.5012541192523,250.5731392910031,10.248958701228553,Racing,True
2026-06-01,249.241532687751,233.82610852973934,266.62454329062064,250.8291537636965,-1.5876210759454976,Racing,True
2022-01-01,22.44838484400628,18.286465591089737,26.641189089189616,24.25511338,-1.8067285359937202,Real Time Strategy (Rts),False
2022-02-01,16.346901269036437,12.11921443658054,20.07004844170451,24.164776598020982,-7.817875328984547,Real Time Strategy (Rts),False
2022-03-01,20.924068243201845,16.517477791580255,24.968916663700888,24.083182085161567,-3.1591138419597224,Real Time Strategy (Rts),False
2022-04-01,20.83927486009828,16.549486425309183,24.50035118380342,23.992845303067213,-3.153570442968934,Real Time Strategy (Rts),False
2022-05-01,21.206333230618142,17.287938439801263,25.567880323508444,23.905422610840844,-2.6990893802227003,Real Time Strategy (Rts),False
2022-06-01,25.194124202570983,20.92751684664642,29.250903758448914,23.815085829019853,1.3790383735511291,Real Time Strategy (Rts),False
2022-07-01,22.21910444516675,17.847178110019666,26.286088527585157,23.72766313693502,-1.5085586917682732,Real Time Strategy (Rts),False
2022-08-01,25.233035718464215,21.352858606289033,29.28343211886885,23.637326355279217,1.5957093631849983,Real Time Strategy (Rts),False
2022-09-01,19.273476203019502,15.455907161172284,23.31896414447772,23.546989573492645,-4.273513370473143,Real Time Strategy (Rts),False
2022-10-01,22.134962923152653,18.033275782693035,25.95974852055497,23.45956688144112,-1.3246039582884666,Real Time Strategy (Rts),False
2022-11-01,25.300551825696328,21.185537782073663,29.446324157891432,23.369230099696786,1.9313217259995419,Real Time Strategy (Rts),False
2022-12-01,20.9366490350595,17.039868626439585,25.201405906539406,23.28180740797857,-2.345158372919071,Real Time Strategy (Rts),False
2023-01-01,22.107900135658205,18.253306136794254,26.198211041037133,23.19147062653641,-1.083570490878207,Real Time Strategy (Rts),False
2023-02-01,18.280663802796944,13.908565697082418,22.351699037248423,23.10113384526784,-4.820470042470895,Real Time Strategy (Rts),False
2023-03-01,18.852011118637385,14.594480852772877,23.104065675776717,23.019541066827436,-4.167529948190053,Real Time Strategy (Rts),False
2023-04-01,16.29412472840563,11.997881088698266,20.27776036272062,22.929206204982705,-6.635081476577074,Real Time Strategy (Rts),False
2023-05-01,21.01937690459274,16.826672301183383,24.87172377935437,22.841785371196796,-1.8224084666040568,Real Time Strategy (Rts),False
2023-06-01,25.84064282953474,21.929618262993586,30.15873353514741,22.75145050967088,3.089192319863858,Real Time Strategy (Rts),False
2023-07-01,20.86865254417783,16.952817370334348,25.08830819336814,22.664029675936128,-1.795377131758297,Real Time Strategy (Rts),False
2023-08-01,24.431961205619494,20.37643452618508,28.668810773290463,22.573694814394422,1.8582663912250736,Real Time Strategy (Rts),False
2023-09-01,18.534114344302196,14.485911005713971,22.603866715827834,22.483359952776137,-3.949245608473941,Real Time Strategy (Rts),False
2023-10-01,20.6181776630827,16.64733745944222,24.679306095851942,22.395939118951993,-1.777761455869292,Real Time Strategy (Rts),False
2023-11-01,23.16089077994406,18.96755012903098,27.315889072601582,22.30560425733043,0.8552865226136328,Real Time Strategy (Rts),False
2023-12-01,19.16552769787417,15.125230183028927,23.453262515044297,22.218183423654782,-3.0526557257806117,Real Time Strategy (Rts),False
2024-01-01,21.821895447344176,17.47784152628696,25.767141622250442,22.12784856218994,-0.30595311484576393,Real Time Strategy (Rts),False
2024-02-01,20.194616004742244,15.667296838774591,24.49400147971619,22.037513700871887,-1.8428976961296442,Real Time Strategy (Rts),False
2024-03-01,20.555494732793342,16.45628256898731,24.33977244837169,21.95300689504545,-1.3975121622521096,Real Time Strategy (Rts),False
2024-04-01,25.714176548517006,21.360132884749657,29.907072974864054,21.86267203364478,3.851504514872224,Real Time Strategy (Rts),False
2024-05-01,17.551256023021246,13.259208494825916,21.614487777096034,21.775251199983156,-4.223995176961912,Real Time Strategy (Rts),False
2024-06-01,19.663615409642723,15.849850556215884,24.067425574543396,21.68491633870363,-2.0213009290609083,Real Time Strategy (Rts),False
2024-07-01,20.609348454349888,16.387751833506066,24.69571228144128,21.597495505207316,-0.9881470508574267,Real Time Strategy (Rts),False
2024-08-01,22.555995418065375,18.174253064111785,26.595198396452837,21.50716064414184,1.0488347739235353,Real Time Strategy (Rts),False
2024-09-01,16.441522628175363,12.019161814396181,20.482236137459253,21.416825782922782,-4.975303154747418,Real Time Strategy (Rts),False
2024-10-01,20.84125491286373,16.716149348109926,24.934711960266213,21.329404949484985,-0.48815003662125767,Real Time Strategy (Rts),False
2024-11-01,25.321114711444555,20.997794497250826,29.279645549301154,21.23907008826392,4.082044623180637,Real Time Strategy (Rts),False
2024-12-01,20.35445858378263,15.92510909344179,24.678952123443867,21.15164925503875,-0.7971906712561163,Real Time Strategy (Rts),False
2025-01-01,18.58743716500373,14.83285436871326,22.85407685068815,21.061314394039407,-2.4738772290356765,Real Time Strategy (Rts),False
2025-02-01,10.139642821013181,6.0088773413179695,14.135796293076003,20.970979532881465,-10.831336711868284,Real Time Strategy (Rts),False
2025-03-01,18.654118171261807,14.301464671704109,22.8372057941426,20.889386754965013,-2.2352685837032062,Real Time Strategy (Rts),False
2025-04-01,21.142429826749602,17.07966493364837,25.535296985819052,20.79905189370037,0.3433779330492336,Real Time Strategy (Rts),False
2025-05-01,17.21186436929177,12.810639896595498,21.07500015500188,20.71163106021846,-3.4997666909266885,Real Time Strategy (Rts),False
2025-06-01,20.296118904703423,15.831551469221017,24.633968328833625,20.621296198953814,-0.3251772942503916,Real Time Strategy (Rts),False
2025-07-01,19.294273813268525,15.012700801325337,23.519615021888427,20.533875365471904,-1.2396015522033768,Real Time Strategy (Rts),False
2025-08-01,21.76930084492289,17.61421372878801,26.15757955031799,20.44354050420726,1.3257603407156273,Real Time Strategy (Rts),False
2025-09-01,15.737562249148274,11.545187186326418,19.750375690003715,20.353205642942616,-4.6156433937943415,Real Time Strategy (Rts),False
2025-10-01,19.37132232254624,15.199447413487139,23.634196355721464,20.2657848094607,-0.8944624869144587,Real Time Strategy (Rts),False
2025-11-01,23.182925885767723,19.09880410205079,27.48658554085113,20.175449948196057,3.0074759375716646,Real Time Strategy (Rts),False
2025-12-01,18.494993072789438,14.160999679262005,22.366555972472867,20.088029114714146,-1.5930360419247072,Real Time Strategy (Rts),False
2026-01-01,18.19096571744262,14.03679689748681,22.65407834135567,19.997694253449502,-1.806728536006882,Real Time Strategy (Rts),True
2026-02-01,12.089484063199894,8.001009408151145,16.022809961848505,19.907359392184862,-7.817875328984969,Real Time Strategy (Rts),True
2026-03-01,16.66665277230463,12.409871874639126,20.705000242846097,19.82576661426841,-3.159113841963779,Real Time Strategy (Rts),True
2026-04-01,16.581861310024237,12.318675113456766,20.83193022122135,19.73543175300377,-3.1535704429795333,Real Time Strategy (Rts),True
2026-05-01,16.948921539295693,12.763740695297537,21.245099197549152,19.648010919521855,-2.6990893802261624,Real Time Strategy (Rts),True
2026-06-01,20.936714431824374,17.036245157015436,24.792182652060173,19.557676058257208,1.379038373567167,Real Time Strategy (Rts),True
2022-01-01,104.64794793323482,93.64841898813168,115.88681236198099,106.32991887,-1.6819709367651843,Rhythm,False
2022-02-01,94.86528880768371,83.85841637468342,105.78491721069236,106.18953904555944,-11.324250237875733,Rhythm,False
2022-03-01,113.10750787512379,102.60654573474261,123.51070988773283,106.06274436542701,7.044763509696775,Rhythm,False
2022-04-01,100.5926346329677,90.06662560942574,111.66675363459024,105.92236454099466,-5.329729908026961,Rhythm,False
2022-05-01,96.51464568402479,84.95192836331186,107.24682627331572,105.78651309798006,-9.271867413955276,Rhythm,False
2022-06-01,106.23250578763886,94.76148926754249,117.92046559925141,105.64613327341637,0.5863725142224838,Rhythm,False
2022-07-01,106.75314616931048,95.27921748564353,118.48234242262207,105.5102818302902,1.242864339020282,Rhythm,False
2022-08-01,100.63560657298096,89.7346171857777,112.21940624017256,105.36990200565604,-4.734295432675086,Rhythm,False
2022-09-01,111.7300591809977,100.52660626723028,123.59849102534339,105.22952218084401,6.500537000153688,Rhythm,False
2022-10-01,107.34787133627671,96.03131668915118,117.96301416539804,105.09367073747754,2.2542005987991782,Rhythm,False
2022-11-01,99.32508912949885,88.55360735560541,110.40404940143549,104.95329090713518,-5.628201777636339,Rhythm,False
2022-12-01,103.01962956214116,92.18858288599104,114.10465761344629,104.81743945843246,-1.7978098962912994,Rhythm,False
2023-01-01,105.70177658323725,94.54781460673968,116.03475733553655,104.67705962810632,1.024716955130931,Rhythm,False
2023-02-01,91.99764760016635,81.24104050430698,103.54806512652665,104.53667979673335,-12.539032196567012,Rhythm,False
2023-03-01,111.63755030309846,101.15857358898663,122.72313441792662,104.4098733395876,7.227676963510856,Rhythm,False
2023-04-01,95.6862144521387,85.87081358221731,106.97572230013122,104.26948047631913,-8.583266024180435,Rhythm,False
2023-05-01,93.70775403598306,82.75035671431739,105.01598782360979,104.13361641451043,-10.425862378527366,Rhythm,False
2023-06-01,110.16894606696842,97.79413630799313,121.5545556768353,103.99322354962288,6.175722517345538,Rhythm,False
2023-07-01,106.8344247733922,95.8302564817856,118.60191587549512,103.85735948682847,2.977065286563734,Rhythm,False
2023-08-01,91.81847422277548,80.10841553121281,101.99497992351877,103.71696662169222,-11.898492398916746,Rhythm,False
2023-09-01,117.05344783261846,105.07754726097633,127.48105165793973,103.57657375489464,13.476874077723824,Rhythm,False
2023-10-01,97.88838775281431,87.2845063596543,108.97137312324055,103.44070969025181,-5.5523219374374975,Rhythm,False
2023-11-01,100.59078584548747,89.12209320229276,111.40601940818698,103.30031682327079,-2.709530977783321,Rhythm,False
2023-12-01,101.9966999193317,91.7054885017129,112.30612422492663,103.16445275848675,-1.167752839155042,Rhythm,False
2024-01-01,106.71605007422606,95.15995440350773,117.57065168166386,103.02405989154323,3.691990182682825,Rhythm,False
2024-02-01,89.07934414681804,77.04183080991665,99.31328140406897,102.88366702452844,-13.804322877710387,Rhythm,False
2024-03-01,109.3053667541414,97.97146641577066,120.83334876981563,102.75233176186323,6.5530349922781745,Rhythm,False
2024-04-01,103.81366278761847,92.10865915355004,115.223202889645,102.6119388948763,1.2017238927421667,Rhythm,False
2024-05-01,95.91935862063009,84.27217396010373,107.00197737879868,102.47607483007224,-6.55671620944215,Rhythm,False
2024-06-01,91.87312338283616,81.14664933875915,103.27410166476602,102.33568196300645,-10.462558580170288,Rhythm,False
2024-07-01,99.5132751297432,88.81433149746226,110.9060110000617,102.19981789810407,-2.6865427683608702,Rhythm,False
2024-08-01,111.6913407463366,100.1463031419282,122.2743863118324,102.05942503091892,9.631915715417684,Rhythm,False
2024-09-01,94.43126203138158,83.72613080269258,105.47260135763945,101.91903216383379,-7.4877701324522175,Rhythm,False
2024-10-01,119.59682438725531,107.90730197161824,130.5145442619486,101.78316809891265,17.81365628834265,Rhythm,False
2024-11-01,90.52723161270436,80.33380286335513,101.80469488789902,101.64277523179754,-11.115543619093184,Rhythm,False
2024-12-01,98.5050361258562,88.00253812867663,110.41395679375749,101.50691116698596,-3.0018750411297592,Rhythm,False
2025-01-01,96.94164264336246,85.95385815787162,107.33695731742334,101.36651830001401,-4.424875656651545,Rhythm,False
2025-02-01,91.06572810849784,79.4943683690023,102.14266550525437,101.22612543293724,-10.160397324439405,Rhythm,False
2025-03-01,107.91960971976332,96.29739887920206,118.45749152543233,101.09931897229067,6.820290747472647,Rhythm,False
2025-04-01,98.89232426729286,88.12470697465686,110.01151914214495,100.95892610514628,-2.0666018378534132,Rhythm,False
2025-05-01,92.84112388045807,81.8851214273119,103.60477028655797,100.8230620401678,-7.981938159709721,Rhythm,False
2025-06-01,95.72068871702619,85.34251393011105,107.4117002141685,100.6826691730234,-4.961980455997208,Rhythm,False
2025-07-01,99.90115130796973,88.64481520576426,110.15156508215327,100.54680510804494,-0.6456538000752032,Rhythm,False
2025-08-01,102.85088127385191,92.13207419336094,113.16586116954232,100.40641224090052,2.4444690329513943,Rhythm,False
2025-09-01,99.77698884731046,88.29307950418207,109.6886051198271,100.26601937375612,-0.4890305264456669,Rhythm,False
2025-10-01,110.17529438274333,99.00046371124874,120.42042603059897,100.13015530877766,10.04513907396567,Rhythm,False
2025-11-01,91.55911157274262,81.45995414652108,102.87366137703455,99.98976244163326,-8.430650868890636,Rhythm,False
2025-12-01,97.44393356388433,86.49097304081154,107.50214494651512,99.8538983766548,-2.409964812770471,Rhythm,False
2026-01-01,98.03153457269337,87.10837481726207,109.84384151692696,99.7135055095104,-1.68197093681703,Rhythm,True
2026-02-01,88.24886240448973,77.90606903804434,99.05074468287272,99.57311264236597,-11.32425023787625,Rhythm,True
2026-03-01,106.49106969143472,95.96070659539463,117.87333860308108,99.44630618171942,7.044763509715301,Rhythm,True
2026-04-01,93.97618340653506,82.68301355278538,104.55129742602313,99.30591331457502,-5.329729908039966,Rhythm,True
2026-05-01,89.89818183559973,78.66406313933979,101.24467279846208,99.17004924959654,-9.271867413996812,Rhythm,True
2026-06-01,99.61602889666814,88.2510544864409,109.52777369978708,99.02965638245215,0.5863725142159937,Rhythm,True
2022-01-01,507.35349295988186,483.3227571876211,530.353455284197,480.5885028,26.76499015988184,Shooter,False
2022-02-01,434.51730484146674,410.0914406161124,459.184261563065,480.8445449578742,-46.327240116407445,Shooter,False
2022-03-01,488.2687679018025,463.72670576738767,510.99064610925643,481.0758088412684,7.192959060534102,Shooter,False
2022-04-01,460.66282156717466,438.3161136315743,484.3728935865298,481.33185099788346,-20.6690294307088,Shooter,False
2022-05-01,493.35547138850177,469.011365294037,515.8926409067748,481.5796337317151,11.775837656786686,Shooter,False
2022-06-01,495.61722452150184,472.1310865869196,518.2180286584746,481.8356758918614,13.781548629640465,Shooter,False
2022-07-01,495.63940517383037,472.10856058927516,518.3978846421807,482.0834586274869,13.555946546343472,Shooter,False
2022-08-01,520.163279252701,497.86368551006234,543.2599304085488,482.3395042572027,37.823774995498404,Shooter,False
2022-09-01,457.2266103046325,436.1447281834222,481.2159948205555,482.59554988974446,-25.36893958511193,Shooter,False
2022-10-01,496.13479960014666,475.1824764004365,521.2773977642154,482.8433359857526,13.291463614394031,Shooter,False
2022-11-01,469.9366066447594,443.7691622891386,492.55816965721584,483.0993816171895,-13.162774972430128,Shooter,False
2022-12-01,513.2178186783789,489.3127484532695,536.2047255020301,483.34716771068076,29.870650967698165,Shooter,False
2023-01-01,501.1275321067346,476.98997179034,524.8980458566413,483.6032133406218,17.524318766112806,Shooter,False
2023-02-01,435.1295984802828,411.60962121930163,457.6011246181469,483.8592589719653,-48.729660491682445,Shooter,False
2023-03-01,483.7837628496087,460.91288322128685,506.4502852779221,484.09052599346273,-0.3067631438540111,Shooter,False
2023-04-01,477.55919151036153,454.6542086782296,501.24676030774134,484.3465716244064,-6.787380114044889,Shooter,False
2023-05-01,484.4675289268603,460.99316308245193,507.0343563066782,484.5943577165302,-0.12682878966992572,Shooter,False
2023-06-01,505.67624278989007,481.73487392827155,528.7496259744481,484.850403337054,20.82583945283609,Shooter,False
2023-07-01,509.1829775166911,484.6602380797013,533.7917150485956,485.0981894214319,24.08478809525918,Shooter,False
2023-08-01,514.4962426596735,490.38841573459246,537.2242674120396,485.3521779822472,29.144064677426293,Shooter,False
2023-09-01,447.6580911921253,426.6275211793865,470.7056768430172,485.5986942466067,-37.94060305448143,Shooter,False
2023-10-01,504.04920743281616,479.6185829451797,527.8403952256887,485.8372583734063,18.211949059409825,Shooter,False
2023-11-01,473.30121994451184,449.6585011221686,496.45793338459936,486.0776189452074,-12.776399000695536,Shooter,False
2023-12-01,532.3633345732662,508.3260863660252,556.130157891622,486.31018875398433,46.05314581928191,Shooter,False
2024-01-01,494.5043565226167,472.67759387530674,519.3979116080001,486.5505108897205,7.953845632896222,Shooter,False
2024-02-01,435.64233602401055,411.47812892521864,459.4555584182766,486.790779897898,-51.14844387388748,Shooter,False
2024-03-01,509.84977715017834,487.16562889028535,532.3774816712391,487.01553568243935,22.834241467738966,Shooter,False
2024-04-01,438.9592732637935,414.9275873485538,461.57010226655325,487.2557918659146,-48.29651860212115,Shooter,False
2024-05-01,523.0232594668846,500.50093340260867,546.185343701551,487.4882507230248,35.53500874385977,Shooter,False
2024-06-01,488.0677284897538,463.4287506821983,513.5004289902457,487.7278287888814,0.339899700872342,Shooter,False
2024-07-01,479.6893456488065,456.08669212281416,504.2401739385265,487.959678530033,-8.270332881226484,Shooter,False
2024-08-01,542.29595815967,518.6173509130743,566.3697501107184,488.19624020607097,54.09971795359902,Shooter,False
2024-09-01,488.6590346512891,464.27837204507125,510.89008831159276,488.43230272040915,0.22673193087993665,Shooter,False
2024-10-01,492.9212722827246,469.1994689437044,518.0020587564528,488.66075031492994,4.260521967794655,Shooter,False
2024-11-01,475.59282030935134,452.6683708028772,498.5692321557354,488.89681282845396,-13.303992519102614,Shooter,False
2024-12-01,486.0556413440419,462.42130660005097,510.24749757626773,489.12526042052593,-3.0696190764840376,Shooter,False
2025-01-01,525.0299048733909,501.6811980323043,546.0703960252706,489.3613229323336,35.6685819410573,Shooter,False
2025-02-01,445.6487221037905,424.11252532724836,467.6956029258802,489.59738544635104,-43.94866334256054,Shooter,False
2025-03-01,504.71933448319146,482.22023516130247,527.9021319840557,489.81060320120696,14.908731281984517,Shooter,False
2025-04-01,455.537589728357,432.57169762334587,478.6263905021881,490.04666571551184,-34.50907598715485,Shooter,False
2025-05-01,513.940718228494,490.9798713278085,538.1852908527611,490.27511331000034,23.665604918493642,Shooter,False
2025-06-01,497.4613161645655,473.53046206595207,521.3483014593382,490.5111758243052,6.950140340260322,Shooter,False
2025-07-01,493.50657132031415,471.3166183496983,518.9404908593267,490.7396234187937,2.7669479015204206,Shooter,False
2025-08-01,537.1215581800006,514.6223949671426,560.6876147324982,490.97568593309853,46.14587224690217,Shooter,False
2025-09-01,478.57088026280127,454.16293222510126,500.65937076883876,491.2117484474034,-12.640868184602148,Shooter,False
2025-10-01,500.08037256709844,476.53462269834836,522.4561607617,491.4401960418919,8.640176525206526,Shooter,False
2025-11-01,478.3355733354885,457.1079899363108,502.49139212888673,491.67625855619673,-13.340685220708203,Shooter,False
2025-12-01,505.39525213149926,481.06310020921745,528.8220808518712,491.90470615068534,13.490545980813941,Shooter,False
2026-01-01,518.9057588249914,496.1250014072416,543.1221893741175,492.1407686649901,26.764990160001307,Shooter,True
2026-02-01,446.04959106280864,422.65982880001485,467.9957192740408,492.3768311792949,-46.32724011648631,Shooter,True
2026-03-01,499.7830079947095,478.33822604858386,524.4795572189936,492.5900489341509,7.192959060558613,Shooter,True
2026-04-01,472.15708201773236,449.14586080227144,495.5198811760959,492.8261114484558,-20.669029430723384,Shooter,True
2026-05-01,504.8303966997994,480.8867746498461,528.493531726149,493.0545590429443,11.775837656855145,Shooter,True
2026-06-01,507.0721701869668,483.40427286166573,529.4470697168025,493.2906215572491,13.781548629717683,Shooter,True
2022-01-01,217.86104177796193,207.2183057695367,228.68066996862635,214.10757573,3.7534660479619197,Simulation,False
2022-02-01,190.22037509336707,178.64344637903042,200.84365138358143,214.15931241573296,-23.938937322365902,Simulation,False
2022-03-01,209.24530152290262,198.70749551553587,220.54125401675586,214.20604232725117,-4.960740804348544,Simulation,False
2022-04-01,214.8926219533124,204.18322163703982,225.75885173598985,214.2577790150035,0.6348429383089005,Simulation,False
2022-05-01,224.29611418324325,213.5193256394221,234.18761155748365,214.30784677628154,9.9882674069617,Simulation,False
2022-06-01,203.8765888424886,192.85068855737063,215.20376941802857,214.3595834628026,-10.482994620314004,Simulation,False
2022-07-01,211.2449754656979,200.64519044060523,222.5256799796353,214.40965122395204,-3.1646757582541465,Simulation,False
2022-08-01,219.2559881250009,208.88926218303007,229.95079994859296,214.46138791217408,4.794600212826824,Simulation,False
2022-09-01,222.29121969579447,211.04538580945666,232.81324831221895,214.51312460127318,7.77809509452129,Simulation,False
2022-10-01,226.22554964411358,215.58097635874347,237.5064838982876,214.56319236491743,11.662357279196163,Simulation,False
2022-11-01,208.28047185788688,196.69679385938667,219.30283305550628,214.6149290558891,-6.334457198002222,Simulation,False
2022-12-01,232.2877903600058,222.20573346203705,243.1603606837061,214.66499681989492,17.62279354011087,Simulation,False
2023-01-01,212.77707107893647,202.07425348394884,223.69197478764568,214.7167335093676,-1.9396624304311298,Simulation,False
2023-02-01,190.33141280323167,179.5369482591657,200.57400116983305,214.76847020005602,-24.437057396824336,Simulation,False
2023-03-01,203.34818283235535,192.4205247496581,214.3276378378244,214.81520011172628,-11.467017279370927,Simulation,False
2023-04-01,228.04037244684955,217.67541212709125,238.6085543781994,214.86693679964694,13.173435647202602,Simulation,False
2023-05-01,225.0559512872664,213.77539972245503,235.8047268819328,214.91700456283908,10.138946724427315,Simulation,False
2023-06-01,200.98934531095702,189.75907588946305,211.36487963631834,214.96814947344694,-13.97880416248993,Simulation,False
2023-07-01,208.81184814780588,197.9897490623343,219.26129394833347,215.01764454822873,-6.20579640042286,Simulation,False
2023-08-01,218.43693188774702,206.92598123865682,228.6559716363502,215.0684611638096,3.368470723937434,Simulation,False
2023-09-01,223.53811543084655,214.03740753965818,234.75682752430535,215.11760428353605,8.420511147310487,Simulation,False
2023-10-01,231.06231248582048,220.29366394889655,241.6034412037086,215.1651621413359,15.89715034448458,Simulation,False
2023-11-01,206.69133318920882,196.20528325567798,216.94198723948585,215.20964921856256,-8.518316029353743,Simulation,False
2023-12-01,238.47855309665306,227.53055786148684,249.31541273160593,215.23577516682457,23.2427779298285,Simulation,False
2024-01-01,207.518581733741,196.491474466479,217.92178061246878,215.26277198002865,-7.744190246287657,Simulation,False
2024-02-01,190.36293000724305,179.3653889072972,200.22252219020308,215.28743376198196,-24.924503754738893,Simulation,False
2024-03-01,223.99089994967522,212.75742453560258,235.46657135120353,215.31039796833875,8.680501981336489,Simulation,False
2024-04-01,191.21023005891777,181.13688798683225,201.6748696803153,215.33494591306498,-24.12471585414721,Simulation,False
2024-05-01,224.36879585831707,213.4215039085406,235.35391449012056,215.35674269292733,9.01205316538974,Simulation,False
2024-06-01,211.5581678155069,199.8029507645815,222.63314175686676,215.37916076048822,-3.820992944981331,Simulation,False
2024-07-01,218.38822377437774,207.72871774727113,229.4905666175088,215.40085566457938,2.987368109798347,Simulation,False
2024-08-01,223.33918221871073,212.49884479630398,234.79682882644997,215.42311657741692,7.916065641293815,Simulation,False
2024-09-01,222.25897173126523,211.76916530816158,233.06156791922479,215.44537535471756,6.8135963765476735,Simulation,False
2024-10-01,218.6212898118276,208.11973208991338,229.54179454292876,215.46691610694396,3.1543737048836573,Simulation,False
2024-11-01,213.50315770502718,202.76037245109654,223.93238657316385,215.48889621943368,-1.9857385144065058,Simulation,False
2024-12-01,221.58853880144,210.80695256282874,232.681854911384,215.51006976636035,6.078469035079649,Simulation,False
2025-01-01,224.8612442858489,213.66463451633015,235.53327304903604,215.53194909818458,9.329295187664314,Simulation,False
2025-02-01,192.1194670623478,181.2396259812024,203.3873638431628,215.55382842092524,-23.434361358577423,Simulation,False
2025-03-01,217.33008144601288,206.99765484484706,228.39801015261426,215.57359038592298,1.7564910600899015,Simulation,False
2025-04-01,203.7931618606728,193.361545489901,214.30407983785685,215.5954697043134,-11.80230784364059,Simulation,False
2025-05-01,225.22832691858483,215.4234621088728,236.1325692295341,215.61664323823953,9.611683680345305,Simulation,False
2025-06-01,208.54298954508727,197.33970005707124,219.6635238801039,215.6385225566299,-7.095533011542651,Simulation,False
2025-07-01,215.56116829134925,205.14452764874454,226.4066961893113,215.65969609055608,-0.09852779920682361,Simulation,False
2025-08-01,221.9929315064934,210.95432454555953,232.68451870566267,215.68157540894646,6.3113560975469305,Simulation,False
2025-09-01,222.9454955169144,211.57465337644442,233.76810735124312,215.7034547273368,7.2420407895776115,Simulation,False
2025-10-01,223.13774934614383,212.93661040041653,233.23665936635575,215.72462826126298,7.413121084880848,Simulation,False
2025-11-01,211.58941064930323,200.84184753801972,223.61817753478655,215.74650757965335,-4.157096930350131,Simulation,False
2025-12-01,227.66752145789073,216.51727123587278,238.32585749309328,215.7676811135795,11.899840344311233,Simulation,False
2026-01-01,219.54302647997577,208.66242038806456,230.11195055320843,215.78956043196987,3.753466048005893,Simulation,True
2026-02-01,191.8725024279272,181.5102513426139,202.36789372447615,215.81143975036028,-23.938937322433066,Simulation,True
2026-03-01,210.87046091098014,200.46930610688523,221.78510277096385,215.83120171535802,-4.960740804377874,Simulation,True
2026-04-01,216.4879239720688,205.3495109891835,227.1382122221246,215.85308103374837,0.6348429383204581,Simulation,True
2026-05-01,225.86252197466817,215.42471583698352,236.3028563736536,215.87425456767454,9.98826740699362,Simulation,True
2026-06-01,205.41313926576518,194.2475107190669,215.53518584914633,215.89613388606492,-10.482994620299737,Simulation,True
2022-01-01,328.090675831907,314.1517356954644,341.16879613826063,323.67371904,4.4169567919070065,Simulator,False
2022-02-01,281.5413726434783,268.52981522862694,295.1292943932811,323.3671964706797,-41.82582382720136,Simulator,False
2022-03-01,322.37934712442666,308.5717297884063,336.2881629631954,323.0903373858929,-0.7109902614662602,Simulator,False
2022-04-01,332.19944772118504,318.80398339606694,346.33557019270535,322.7838148277361,9.41563289344893,Simulator,False
2022-05-01,319.7094640154147,305.2596555834891,334.227981817696,322.4871800839526,-2.7777160685378552,Simulator,False
2022-06-01,311.25014115379827,298.0738417347748,324.658087300201,322.1806575422769,-10.930516388478642,Simulator,False
2022-07-01,335.4758436695345,321.8725479753648,348.6424893162325,321.88402282452626,13.591820845008268,Simulator,False
2022-08-01,335.00075989301797,321.3424170564492,347.5510775198957,321.57750028463096,13.423259608387017,Simulator,False
2022-09-01,296.82744292727966,283.7200636060249,309.9887993374708,321.27097775921936,-24.443534831939694,Simulator,False
2022-10-01,308.3406703046538,296.0366610352784,322.2289007256533,320.97434305720816,-12.63367275255434,Simulator,False
2022-11-01,310.21661412834766,297.076269043457,324.3108225036541,320.6678205285784,-10.451206400230696,Simulator,False
2022-12-01,323.2711188833223,309.87793162231645,337.3855228569756,320.37118584651944,2.899933036802868,Simulator,False
2023-01-01,317.20752891610084,303.7922180691202,331.14925394658184,320.06466334172524,-2.8571344256243663,Simulator,False
2023-02-01,289.822055236795,275.7615344813536,303.5863872274281,319.7581408403526,-29.936085603557608,Simulator,False
2023-03-01,308.279060518306,294.5831580246867,322.45679876753707,319.48128182391156,-11.202221305605564,Simulator,False
2023-04-01,333.43622772723086,319.39646138839475,346.6200143818136,319.1747593414232,14.261468385807646,Simulator,False
2023-05-01,310.36725538186363,296.940264551488,324.50511239432797,318.87812466082846,-8.510869278964854,Simulator,False
2023-06-01,303.52534539432037,290.4508017741645,316.88441381033044,318.57149497491974,-15.046149580599376,Simulator,False
2023-07-01,342.9026445938039,329.7074749761003,356.1298329494366,318.27475656920166,24.62788802460227,Simulator,False
2023-08-01,338.59785416936734,323.91811858067643,351.93948783378823,317.9665180190951,20.631336150272258,Simulator,False
2023-09-01,283.22868150068837,269.005364267921,296.58936830536487,317.657074876546,-34.428393375857645,Simulator,False
2023-10-01,297.6062246970973,283.1726348940126,310.9782914151443,317.3576137708533,-19.751389073755988,Simulator,False
2023-11-01,311.24786812530067,297.93801830123147,325.1839192946109,317.04548101873627,-5.797612893435598,Simulator,False
2023-12-01,324.78128718823757,311.69086412792876,338.0089756114633,316.7399908046403,8.0412963835973,Simulator,False
2024-01-01,306.3406262036531,293.33172376675606,318.80510787310556,316.4243175834077,-10.083691379754615,Simulator,False
2024-02-01,298.03561008859674,284.47070950861035,311.3026134576164,316.10702705150135,-18.071416962904618,Simulator,False
2024-03-01,335.7993055427791,321.9752522374431,348.8862717833182,315.8096636971512,19.98964184562791,Simulator,False
2024-04-01,315.2778153445734,302.6655130393976,328.83327694053787,315.4917925252597,-0.21397718068630356,Simulator,False
2024-05-01,323.8067343997393,309.89121897317864,336.8860103114717,315.18242854022225,8.624305859517069,Simulator,False
2024-06-01,312.91861882312827,299.29773502013586,326.26199746110285,314.8583365710776,-1.939717747949319,Simulator,False
2024-07-01,306.39355899247596,292.2680718010011,319.6833866928162,314.5446991815828,-8.15114018910686,Simulator,False
2024-08-01,312.2673861430621,298.55967275604263,325.4284190045736,314.21860765369775,-1.951221510635671,Simulator,False
2024-09-01,308.69796391847217,295.8513726528668,323.08871493614043,313.89013562835356,-5.192171709881391,Simulator,False
2024-10-01,315.72274349852677,302.5162180267343,329.4939077436746,313.57225947479475,2.150484023732027,Simulator,False
2024-11-01,294.10750828454906,280.5202785501527,308.9834252777838,313.2419587184204,-19.134450433871333,Simulator,False
2024-12-01,305.2993284733444,291.6887533344007,318.14284966739467,312.9182107080313,-7.618882234686932,Simulator,False
2025-01-01,324.3187784761243,310.7547772014249,337.68092054218084,312.583671097296,11.73510737882828,Simulator,False
2025-02-01,258.5147745322643,245.7627029690698,272.4839608055354,312.24503589383403,-53.730261361569724,Simulator,False
2025-03-01,321.6251831953825,308.1981628695503,334.59961444326024,311.93603418392144,9.689149011461039,Simulator,False
2025-04-01,316.18411620052825,301.66324823249056,329.68081953265045,311.5939251479467,4.590191052581535,Simulator,False
2025-05-01,314.19917301984583,300.19414524441254,327.01268687678606,311.26285188732606,2.9363211325197374,Simulator,False
2025-06-01,304.3601935919975,290.9222050630278,318.2631912698803,310.92074285135135,-6.560549259353904,Simulator,False
2025-07-01,313.25040119049225,300.48554936589875,327.44253799991907,310.58966959073064,2.6607315997616143,Simulator,False
2025-08-01,316.14032827599027,302.30683053551957,329.54257682753274,310.247560554756,5.892767721234316,Simulator,False
2025-09-01,295.21109251811157,282.5725759275499,309.0420630094675,309.90545151878126,-14.694359000669698,Simulator,False
2025-10-01,304.2447246964711,289.4094710669616,317.0737193012439,309.57437825816055,-5.329653561689465,Simulator,False
2025-11-01,294.334115465729,280.44795054717434,308.32373335692137,309.2322692221859,-14.89815375645688,Simulator,False
2025-12-01,306.5791216258969,292.72198059128624,319.5341452220707,308.9011959615652,-2.32207433566827,Simulator,False
2026-01-01,312.976043717567,299.09434113069625,326.7010569099227,308.55908692559046,4.416956791976519,Simulator,True
2026-02-01,266.39115406234265,252.64336355055536,280.0852214382235,308.2169778896158,-41.825823827273176,Simulator,True
2026-03-01,307.1969859182177,294.21308750499816,320.2349011999841,307.9079761797031,-0.7109902614854096,Simulator,True
2026-04-01,316.98150003710293,304.07113754269363,330.77296662568193,307.56586714372844,9.415632893374507,Simulator,True
2026-05-01,304.45707781462045,290.8967577798797,317.24003251637475,307.2347938831077,-2.777716068487256,Simulator,True
2026-06-01,295.9621684586412,281.34945019203656,310.69739497886377,306.89268484713307,-10.930516388491862,Simulator,True
2022-01-01,94.91111168401491,84.8173367381622,105.1267574447505,95.10587464000001,-0.19476295598510052,Sport,False
2022-02-01,88.82408880381875,78.53921129030034,98.69791244554916,95.08272521368588,-6.2586364098671226,Sport,False
2022-03-01,108.14832560319046,97.55259320758866,118.7070563457364,95.06181605450446,13.086509548686,Sport,False
2022-04-01,97.82739136075807,87.13248850901088,107.82780946614366,95.03866662826789,2.788724732490185,Sport,False
2022-05-01,92.72599295897044,82.1823805194491,103.10378239615886,95.01626395777794,-2.2902709988075003,Sport,False
2022-06-01,98.40906308431872,88.38637891507307,109.09979672931269,94.99311453170793,3.4159485526107853,Sport,False
2022-07-01,98.72034256525575,88.6683600041623,108.90926256950101,94.9707118613176,3.749630703938153,Sport,False
2022-08-01,87.78742942691507,76.52368065040518,98.30987698906073,94.94756243551316,-7.16013300859809,Sport,False
2022-09-01,95.06441047514198,84.75777166053226,105.45484643243407,94.92441300981639,0.1399974653255967,Sport,False
2022-10-01,87.47752245519101,76.90682902517094,98.36062308035599,94.90201033978724,-7.424487884596225,Sport,False
2022-11-01,96.79748244377443,85.73410920321714,107.64720525522162,94.87886091417103,1.9186215296033984,Sport,False
2022-12-01,91.79001195373073,81.02918475938723,102.02866974300456,94.85645824417628,-3.0664462904455485,Sport,False
2023-01-01,95.20650456614159,84.29174823490843,105.49607611255736,94.83330881851505,0.3731957476265324,Sport,False
2023-02-01,85.24245205677423,74.62598528407881,96.20856282237249,94.81015939352832,-9.56770733675409,Sport,False
2023-03-01,107.0941120197719,96.63597906108458,117.85687886894344,94.78925023655624,12.304861783215662,Sport,False
2023-04-01,103.3996416255232,92.87144831190356,114.73535541385387,94.76610081276573,8.63354081275747,Sport,False
2023-05-01,89.46122977918515,79.0930180246258,98.99122319287343,94.74369814479928,-5.282468365614136,Sport,False
2023-06-01,97.7106919917897,87.77892348369028,108.15182929536208,94.72054872126759,2.990143270522114,Sport,False
2023-07-01,100.49460365810553,90.47756025437738,111.04655595047487,94.6981460533337,5.796457604771829,Sport,False
2023-08-01,82.83387372166438,72.12164602781944,92.50175405381529,94.6749966298381,-11.841122908173732,Sport,False
2023-09-01,99.61831407585431,88.8311586673951,109.06703622507918,94.6518472065053,4.966466869349023,Sport,False
2023-10-01,82.35608164156143,72.58467283042751,93.2998669690248,94.62944453876385,-12.273362897202418,Sport,False
2023-11-01,100.87049364061428,90.25184783798282,111.17551477960184,94.60629511562753,6.264198524986747,Sport,False
2023-12-01,91.14899102565835,80.16027874551769,101.3186572354736,94.58389244799822,-3.4349014223398764,Sport,False
2024-01-01,95.43932829803275,84.11259889213697,105.40776128997871,94.56074302478129,0.878585273251463,Sport,False
2024-02-01,81.65201768865931,71.25048379319888,92.78701736023065,94.53759360145386,-12.885575912794549,Sport,False
2024-03-01,109.48980637666665,98.9215702777262,119.88403915245087,94.51593768919979,14.973868687466867,Sport,False
2024-04-01,85.57217549979529,74.96788727223066,95.715576869603,94.49278826575576,-8.920612765960467,Sport,False
2024-05-01,97.94150665247967,87.90871439750735,108.93945243488393,94.47038559789283,3.4711210545868463,Sport,False
2024-06-01,98.79237932144044,88.31482621636495,108.4178444449819,94.44723617447877,4.345143146961664,Sport,False
2024-07-01,93.95552864074834,83.44046885593394,104.32486002864513,94.42483350665874,-0.4693048659103989,Sport,False
2024-08-01,96.69540558458236,85.56253554442164,106.65013538707808,94.40168408313254,2.2937215014498227,Sport,False
2024-09-01,84.90505423467368,75.00896884414138,94.50331217447798,94.37853465971816,-9.47348042504447,Sport,False
2024-10-01,96.68056707606951,86.35692048911132,107.23667299460077,94.35613199189781,2.324435084171703,Sport,False
2024-11-01,87.70196321009668,76.84020788783405,97.03257340809547,94.3329825685803,-6.631019358483622,Sport,False
2024-12-01,91.81347843099029,81.886987411791,102.52307769877217,94.3105799007741,-2.4971014697838205,Sport,False
2025-01-01,93.46171649241637,82.62096668453623,102.97968773732525,94.28743047737436,-0.8257139849579855,Sport,False
2025-02-01,91.3017923123421,81.10585170757966,102.39595993107119,94.26428105394417,-2.962488741602074,Sport,False
2025-03-01,108.2195703393478,97.18975730394818,117.52672210860108,94.24337189734977,13.976198441998022,Sport,False
2025-04-01,91.15561286755164,80.86147570926272,101.53245176636023,94.22022247397739,-3.064609606425749,Sport,False
2025-05-01,94.82603542881317,84.55041974489733,105.3221612726823,94.19781980619767,0.628215622615502,Sport,False
2025-06-01,98.04253020677909,87.36605267913524,108.9322239642814,94.1746703828253,3.8678598239537902,Sport,False
2025-07-01,95.8130103086263,86.44970240056288,106.47001164300089,94.15226771504557,1.6607425935807365,Sport,False
2025-08-01,91.6818537053846,80.68504071414945,101.88121073949667,94.1291182916732,-2.4472645862886004,Sport,False
2025-09-01,89.43162016848297,78.90493288864305,100.43891712110073,94.10596886830082,-4.674348699817854,Sport,False
2025-10-01,91.52607631391712,80.54192875200796,102.0173237727903,94.08356620052109,-2.557489886603978,Sport,False
2025-11-01,91.67934846511493,81.38703878060419,101.88961356383543,94.06041677714872,-2.3810683120337846,Sport,False
2025-12-01,91.28389576603287,80.91066088172245,101.88444519224991,94.03801410936899,-2.7541183433361107,Sport,False
2026-01-01,93.8201017299969,83.14086544839262,104.68368225789855,94.01486468599661,-0.19476295599970705,Sport,True
2026-02-01,87.73307885274129,77.33892811966777,97.55808329321358,93.99171526262424,-6.258636409882953,Sport,True
2026-03-01,107.05731565472067,96.77519918713762,117.84313930455833,93.97080610602983,13.086509548690838,Sport,True
2026-04-01,96.73638141515771,86.3839560346206,107.51522148028786,93.94765668265745,2.7887247325002553,Sport,True
2026-05-01,91.63498301604176,80.92892474158681,102.12952259679655,93.92525401487772,-2.290270998835962,Sport,True
2026-06-01,97.31805314408123,86.4927698881675,107.7339964249897,93.90210459150535,3.415948552575885,Sport,True
2022-01-01,149.67289233598615,141.4489806469344,158.53689780375268,144.31925552,5.353636815986144,Sports,False
2022-02-01,133.7617288203645,125.1447118910245,141.9726309008951,144.56324517304617,-10.801516352681663,Sports,False
2022-03-01,149.5338961182101,140.86161397672942,158.29057830977592,144.78362292273135,4.750273195478748,Sports,False
2022-04-01,150.11808044947162,142.42844829140734,159.0400769428164,145.02761257416853,5.090467875303093,Sports,False
2022-05-01,148.3416401219611,139.6926219355232,156.85697807658306,145.26373159003913,3.077908531921964,Sports,False
2022-06-01,143.96729361861765,135.53583847781678,152.5055332411877,145.50772124037434,-1.5404276217566863,Sports,False
2022-07-01,146.75118915982125,138.80249301546948,155.88858018001628,145.74384025682778,1.007348902993475,Sports,False
2022-08-01,146.40896812666642,137.5420062603569,155.21104972068295,145.98782990452722,0.4211382221392168,Sports,False
2022-09-01,155.1380816860064,146.88751528436822,163.55859822767164,146.23181955372274,8.906262132283643,Sports,False
2022-10-01,151.57928898069082,142.77450604357978,160.156765027093,146.46793856907328,5.111350411617529,Sports,False
2022-11-01,149.32955416758747,140.84022274901736,158.2257223650958,146.71192821553367,2.617625952053807,Sports,False
2022-12-01,159.09755663571192,150.78585603698815,167.78650570437287,146.94804722815303,12.149509407558885,Sports,False
2023-01-01,149.17360176594542,140.77727316210238,157.7117173234808,147.19203687452637,1.9815648914190542,Sports,False
2023-02-01,134.4790813000597,125.3615936636766,143.00716902299104,147.43602652234134,-12.956945222281625,Sports,False
2023-03-01,150.85211192896952,142.59641966540877,159.37825821978524,147.65640426990902,3.1957076590605036,Sports,False
2023-04-01,157.03564499902433,148.22737604734834,165.66581401945356,147.9003939190018,9.135251080022513,Sports,False
2023-05-01,154.37399667090463,145.661251220194,163.23282023415834,148.13651293127614,6.237483739628489,Sports,False
2023-06-01,145.2321199267697,136.59902539189252,154.49256939903205,148.38050142851196,-3.1483815017422394,Sports,False
2023-07-01,150.55380036055033,141.74747971243832,158.84840613256458,148.61661932906276,1.9371810314875741,Sports,False
2023-08-01,141.27183426385335,132.83529954722277,150.01754392465222,148.86060782713605,-7.58877356328269,Sports,False
2023-09-01,157.8433625753926,148.56443743844733,166.9072646917426,149.10459632590872,8.738766249483877,Sports,False
2023-10-01,162.26755237412274,153.11880617039685,170.8090884263848,149.34071422794682,12.926838146175935,Sports,False
2023-11-01,150.31254591197728,142.29003529978536,159.21522588468494,149.58470272393342,0.7278431880438498,Sports,False
2023-12-01,164.62210994542784,155.9438585444878,172.81885458217246,149.82082062366814,14.801289321759686,Sports,False
2024-01-01,148.58937171634798,140.45949444411744,157.56969085126602,150.0648091200607,-1.4754374037126898,Sports,False
2024-02-01,135.2234270872144,126.48140258144507,143.6342544029689,150.3087976157459,-15.085370528531525,Sports,False
2024-03-01,158.74040845572182,150.77024350742295,166.95821682994256,150.53704491916625,8.203363536555559,Sports,False
2024-04-01,148.03010724998578,139.46927728316544,156.241190764294,150.78103341592592,-2.7509261659401503,Sports,False
2024-05-01,147.52670013321867,139.54721759656044,156.15729082304435,151.01715131699044,-3.4904511837717664,Sports,False
2024-06-01,152.66906914642058,143.91985208913212,161.32153501625825,151.26113981216216,1.4079293342584132,Sports,False
2024-07-01,150.3374948800302,142.324683515037,158.5845656580274,151.49725771071542,-1.1597628306852252,Sports,False
2024-08-01,168.24989934739867,159.50995469285442,176.89877161292338,151.7412462082167,16.508653139181966,Sports,False
2024-09-01,161.8851637423579,153.42651500765496,170.18605788588536,151.98523470765025,9.89992903470764,Sports,False
2024-10-01,141.75733422106464,132.88602948115306,150.28814287299323,152.22135261032787,-10.46401838926322,Sports,False
2024-11-01,158.62027849175809,149.75336804091265,167.28277326672068,152.46534111218185,6.154937379576238,Sports,False
2024-12-01,159.30251398925517,150.84699758845403,168.07792443035908,152.7014590184928,6.601054970762368,Sports,False
2025-01-01,161.58196353819417,152.81008404709777,169.8471439195403,152.9454475216808,8.63651601651339,Sports,False
2025-02-01,144.56601514082038,136.46379784055006,153.070789249238,153.18943602345198,-8.623420882631592,Sports,False
2025-03-01,159.82965181068425,151.35257835937915,167.94478785844925,153.40981273554667,6.4198390751375785,Sports,False
2025-04-01,154.78044931580902,146.43309978981696,163.56120025715464,153.6538012382229,1.1266480775861245,Sports,False
2025-05-01,153.72360148237533,145.04431232732256,162.24957535948897,153.88991914403863,-0.16631766166329776,Sports,False
2025-06-01,154.11242355000522,144.99735440943837,163.09317496739808,154.13390764671487,-0.021484096709668776,Sports,False
2025-07-01,154.34566197512385,145.81718387999902,163.1745906821666,154.3700255525306,-0.024363577406750103,Sports,False
2025-08-01,163.07073629827278,153.80435192848572,171.25784890843934,154.61401405520684,8.456722243065938,Sports,False
2025-09-01,164.1515961498895,155.8701087217645,172.2177012917567,154.85800255788308,9.293593592006426,Sports,False
2025-10-01,152.4055616482902,144.03492798079603,161.13873100513706,155.0941204636988,-2.688558815408622,Sports,False
2025-11-01,159.76435094090567,151.88133679436186,168.14432318915104,155.33810896637507,4.42624197453061,Sports,False
2025-12-01,164.98972280999703,156.12297155332826,173.99174525487786,155.5742268721908,9.41549593780623,Sports,False
2026-01-01,161.17185219087457,152.85917513431122,169.9421313932289,155.81821537486704,5.353636816007526,Sports,True
2026-02-01,145.26068752482692,136.37338342538987,153.7398978698861,156.06220387754328,-10.801516352716364,Sports,True
2026-03-01,161.03285378510807,152.6953643832746,169.73462742479666,156.28258058963797,4.750273195470111,Sports,True
2026-04-01,161.6170369676635,152.66552934327572,169.43889993296534,156.5265690923142,5.090467875349305,Sports,True
2026-05-01,159.84059553008098,151.31069487863866,168.15829446673675,156.7626869981299,3.0779085319510626,Sports,True
2026-06-01,155.46624787906143,146.63653453952068,163.79364083988574,157.00667550080615,-1.5404276217447133,Sports,True
2022-01-01,434.54340388200296,412.30769725337956,453.6765510943434,416.02011088,18.52329300200294,Strategy,False
2022-02-01,379.5548912756059,358.75690027553645,400.7313251732001,416.2572278839035,-36.70233660829762,Strategy,False
2022-03-01,429.2010616536511,406.30048774381794,448.9621545982151,416.4713980765123,12.729663577138789,Strategy,False
2022-04-01,407.0591162357837,385.25725541486923,428.622309596554,416.708515075472,-9.649398839688345,Strategy,False
2022-05-01,413.593073806511,392.272207267526,434.569264980438,416.93798313161216,-3.344909325101164,Strategy,False
2022-06-01,422.3209669180666,400.5888023852105,444.3558994101742,417.17510011724545,5.145866800821147,Strategy,False
2022-07-01,408.548653307949,387.32382428766965,431.4773191954421,417.4045681678584,-8.855914859909396,Strategy,False
2022-08-01,437.9176210193045,417.97596157961965,458.6207977461609,417.64168516082066,20.275935858483813,Strategy,False
2022-09-01,399.6598685360842,377.4339684733073,420.0904055484125,417.87880215738255,-18.218933621298333,Strategy,False
2022-10-01,403.0067354028087,382.4070927517424,425.1411150242555,418.1082702185715,-15.101534815762754,Strategy,False
2022-11-01,426.0537921033367,405.9113096186005,447.06171472997374,418.34538721706764,7.708404886269067,Strategy,False
2022-12-01,443.6926334573565,423.8459005593373,464.566154836686,418.5748552731138,25.117778184242688,Strategy,False
2023-01-01,437.8484452693106,417.5599804863476,460.23313877546514,418.8119722643615,19.03647300494913,Strategy,False
2023-02-01,378.15557681094185,356.5175840573553,400.29427445728084,419.0490892530201,-40.89351244207823,Strategy,False
2023-03-01,425.36897577797276,404.8953573019468,446.52752795254884,419.2632594337937,6.105716344179074,Strategy,False
2023-04-01,420.7315392207466,399.6485917425339,443.78791737395153,419.50037641965014,1.2311628010964637,Strategy,False
2023-05-01,412.84262226817197,391.8325966191383,433.0795056292727,419.72984446607194,-6.887222197899982,Strategy,False
2023-06-01,421.3840047722346,401.1470873353063,443.41566345281296,419.9665366178532,1.4174681543814411,Strategy,False
2023-07-01,413.2379849602382,393.020646871487,435.0847357002384,420.1955935389318,-6.957608578693605,Strategy,False
2023-08-01,448.2994861052778,424.7106638732591,469.92893559857737,420.42734227648873,27.87214382878911,Strategy,False
2023-09-01,402.1364462049807,381.28634327103754,422.8624496658284,420.65380424935273,-18.517358044372024,Strategy,False
2023-10-01,391.37788661706725,369.519319532566,412.53180604642,420.87296099728565,-29.495074380218416,Strategy,False
2023-11-01,431.9584007990311,410.02332337034363,454.1528489335712,421.0929568062269,10.865443992804224,Strategy,False
2023-12-01,457.077762448789,435.5714390736123,477.76778550795234,421.3004638396429,35.777298609146094,Strategy,False
2024-01-01,440.81634202533843,419.8701702917209,461.85936535212034,421.5148877741727,19.30145425116575,Strategy,False
2024-02-01,376.5312067949949,354.4287740897887,397.6376438100746,421.72729276407784,-45.19608596908294,Strategy,False
2024-03-01,448.4398861093301,428.3414810047326,469.55276524326064,421.92242430347943,26.517461805850633,Strategy,False
2024-04-01,390.95115703266305,369.9988683754553,412.27563276187453,422.1310131904259,-31.179856157762877,Strategy,False
2024-05-01,425.64027550364875,402.88761110711147,446.27128344293413,422.33287339262307,3.3074021110256533,Strategy,False
2024-06-01,435.3112127222915,414.96104132519736,455.3119371317108,422.54124014822014,12.769972574071366,Strategy,False
2024-07-01,410.5103034434179,388.37666308587126,432.60391915095096,422.74288539557216,-12.23258195215423,Strategy,False
2024-08-01,427.7692742472818,407.15410794125063,449.63551441489057,422.9512430383964,4.818031208885425,Strategy,False
2024-09-01,404.68924659794914,383.6068468157491,426.4966476458489,423.1595995361576,-18.470352938208453,Strategy,False
2024-10-01,437.2877112490243,414.79178313986426,457.0607308010194,423.36123485657174,13.926476392452555,Strategy,False
2024-11-01,426.0119882969458,404.57097789103204,448.1588108681975,423.56959135551176,2.4423969414340165,Strategy,False
2024-12-01,427.51280901322536,406.198641902692,448.87079216679206,423.7712266802555,3.741582332969844,Strategy,False
2025-01-01,441.7437616153628,417.4325095066614,460.8272299460089,423.9795831824907,17.764178432872097,Strategy,False
2025-02-01,391.5590909562509,369.98892876575684,412.35678556927627,424.1879396869831,-32.62884873073219,Strategy,False
2025-03-01,443.91177590537484,422.7835568193833,465.4208140574342,424.3761326563849,19.53564324898991,Strategy,False
2025-04-01,404.1282326717654,384.0755669880732,425.13596923485807,424.58448915822265,-20.45625648645729,Strategy,False
2025-05-01,424.84011353943055,403.35480435059065,446.3615206608039,424.78612448258167,0.0539890568488951,Strategy,False
2025-06-01,433.92602661844734,413.0310072410636,454.5296811093419,424.99448098441934,8.931545634027971,Strategy,False
2025-07-01,414.5807158333411,393.0674108655876,435.1987549356738,425.1961163087784,-10.61540047543728,Strategy,False
2025-08-01,437.9926936592224,417.3648355404353,460.338933294155,425.40447281061614,12.588220848606294,Strategy,False
2025-09-01,407.4102183889457,387.39963091917554,427.8670353545532,425.6128293124538,-18.20261092350813,Strategy,False
2025-10-01,425.1921566397574,404.0692679377937,445.34437655298507,425.8144646368129,-0.6223079970554691,Strategy,False
2025-11-01,430.9228347832974,408.89340162517095,450.2548583865623,426.0228211386506,4.9000136446467835,Strategy,False
2025-12-01,440.65909666840867,416.47636362168225,461.2111589667424,426.22445646300963,14.434640205399033,Strategy,False
2026-01-01,444.95610596683014,423.6313027819021,467.5818127370019,426.4328129648473,18.52329300198283,Strategy,True
2026-02-01,389.93883285837626,369.753337387931,413.3729302528006,426.641169466685,-36.70233660830879,Strategy,True
2026-03-01,439.5590260132224,418.1277308482457,461.5371983785662,426.8293624360868,12.72966357713563,Strategy,True
2026-04-01,417.388320098167,397.75844477638435,439.54271847026115,427.03771893792447,-9.649398839757437,Strategy,True
2026-05-01,423.8944449371832,400.98392928026465,445.27033770470183,427.23935426228354,-3.344909325100345,Strategy,True
2026-06-01,432.5935775648655,411.3931462660876,454.7448247466502,427.44771076412127,5.145866800744217,Strategy,True
2022-01-01,37.432217885986795,33.41587038742026,41.695435826912046,33.56467632,3.8675415659868007,Tactical,False
2022-02-01,28.88526522234009,24.82065797153208,32.998129901599654,33.541470368832165,-4.6562051464920735,Tactical,False
2022-03-01,30.00994899386304,25.67002415212015,34.360875083010114,33.52051015474739,-3.5105611608843503,Tactical,False
2022-04-01,30.482663962250165,26.56311496828161,35.1179614294575,33.49730420343925,-3.0146402411890865,Tactical,False
2022-05-01,32.80199288579635,28.57722647242043,37.22505392179169,33.474846831246516,-0.6728539454501674,Tactical,False
2022-06-01,34.74799572790384,30.545008798404307,38.848644907678356,33.45164087996399,1.2963548479398503,Tactical,False
2022-07-01,32.808614811131534,28.461008698269268,37.01643546521816,33.4291835077551,-0.620568696623564,Tactical,False
2022-08-01,35.38228336867532,31.29103283243136,39.49756763186381,33.40597755636689,1.9763058123084234,Tactical,False
2022-09-01,30.864179551382673,26.800148497591373,35.16761693834573,33.38277160502146,-2.5185920536387862,Tactical,False
2022-10-01,34.33769044421534,29.927410967979224,38.169945061689724,33.36031423275168,0.9773762114636575,Tactical,False
2022-11-01,37.71637970318872,33.440284000352854,42.03470471350263,33.337108281424086,4.379271421764635,Tactical,False
2022-12-01,32.69002039940044,28.29943381072975,36.884296658724764,33.31465090907471,-0.6246305096742705,Tactical,False
2023-01-01,37.63760648590117,33.55743900575935,41.96950050523981,33.29144495764701,4.346161528254167,Tactical,False
2023-02-01,27.665529425613094,23.669544625429655,31.83339527412129,33.26823900617188,-5.602709580558789,Tactical,False
2023-03-01,30.452471730782506,26.279463669556804,34.825538340922904,33.2472787918378,-2.794807061055295,Tactical,False
2023-04-01,30.297150411484047,26.21164274422822,34.64328477753487,33.22407284025365,-2.9269224287696005,Tactical,False
2023-05-01,28.96530569937046,24.671790911679764,33.31846576078541,33.201615467633836,-4.236309768263377,Tactical,False
2023-06-01,40.20264868052082,36.01120558827934,44.446653130928865,33.17840951604721,7.024239164473608,Tactical,False
2023-07-01,30.19820856152716,26.103317123710834,34.63589098454788,33.15595214354403,-2.9577435820168656,Tactical,False
2023-08-01,35.51899761515591,31.29084368643532,39.592083401384706,33.132746191899386,2.386251423256528,Tactical,False
2023-09-01,28.51457907692877,24.00094125752523,32.96377736370638,33.10954024024352,-4.594961163314748,Tactical,False
2023-10-01,34.98957068402829,30.751652284985596,39.334267211695746,33.087082867673324,1.9024878163549601,Tactical,False
2023-11-01,38.04369514867459,33.73822214256741,42.52985014721966,33.06387691584628,4.979818232828311,Tactical,False
2023-12-01,32.458247177889966,28.48706895176898,36.813405666583364,33.04141954317581,-0.5831723652858447,Tactical,False
2024-01-01,37.823220562075235,34.0130254246341,42.130044191105696,33.01821359141634,4.805006970658898,Tactical,False
2024-02-01,26.44422270516899,22.19060970717355,30.55238625216035,32.99500763981855,-6.550784934649563,Tactical,False
2024-03-01,28.039688538441695,23.756581702524002,32.19920136471307,32.973298846394826,-4.9336103079531295,Tactical,False
2024-04-01,29.659303898463538,25.431013181581267,33.89653783289852,32.95009289480395,-3.290788996340414,Tactical,False
2024-05-01,39.593003596652764,35.393841934871524,43.68077867865796,32.92763552214526,6.665368074507509,Tactical,False
2024-06-01,22.81344933314244,18.702847022093547,27.031431458958714,32.904429570454816,-10.090980237312376,Tactical,False
2024-07-01,36.73281119480923,32.50057362380679,41.22400213226555,32.88197219785116,3.8508389969580694,Tactical,False
2024-08-01,33.963865823771556,29.78256387905467,38.446386017982064,32.85876624594867,1.1050995778228843,Tactical,False
2024-09-01,34.504511631771265,30.432714114642927,38.39318049663342,32.83556029408599,1.6689513376852763,Tactical,False
2024-10-01,32.05769892004618,27.914821511312294,36.358055733939636,32.813102921315654,-0.7554040012694725,Tactical,False
2024-11-01,35.96555618852297,31.75691141540575,40.25722360341388,32.789896969513016,3.1756592190099533,Tactical,False
2024-12-01,32.042499861265014,27.835828307894726,36.12101381638439,32.76743959666851,-0.7249397354034973,Tactical,False
2025-01-01,36.11370465579572,31.816173071220774,40.13146102756551,32.74423364472918,3.3694710110665422,Tactical,False
2025-02-01,29.00887528655298,24.75835573458433,32.99521592791304,32.72102769282386,-3.7121524062708824,Tactical,False
2025-03-01,28.4763927722706,24.489994761333598,32.53062374915594,32.70006747818228,-4.2236747059116775,Tactical,False
2025-04-01,29.54112346119899,25.19689909218221,33.898640017140934,32.67686152625767,-3.135738065058678,Tactical,False
2025-05-01,35.61630579572655,31.343480500728717,39.879596138151236,32.65440415342741,2.9619016422991415,Tactical,False
2025-06-01,28.220752596274462,23.965338023589798,32.490296988870675,32.6311982015028,-4.410445605228337,Tactical,False
2025-07-01,34.25806369544779,30.16066716621214,38.530943204480224,32.60874082867253,1.6493228667752549,Tactical,False
2025-08-01,34.1350103904456,29.99907342606375,38.24285585397055,32.58553487674792,1.549475513697682,Tactical,False
2025-09-01,32.1324574477964,27.901161095119125,36.280696467948125,32.56232892482331,-0.4298714770269152,Tactical,False
2025-10-01,32.63105214395023,28.357413914794005,36.88054562381976,32.539871551993045,0.09118059195718242,Tactical,False
2025-11-01,36.29422521546242,32.08924197523981,40.59941423961491,32.516665600068436,3.777559615393981,Tactical,False
2025-12-01,31.82218800652201,27.45010087359065,36.17410879956723,32.494208227238175,-0.6720202207161657,Tactical,False
2026-01-01,36.338543841319876,31.997087946027047,40.738006390748644,32.471002275313566,3.8675415660063104,Tactical,True
2026-02-01,27.79159117690285,23.607337179266942,31.988821024741686,32.44779632338895,-4.6562051464861005,Tactical,True
2026-03-01,28.91627494787462,24.862694787273682,32.820503603944815,32.42683610874737,-3.5105611608727534,Tactical,True
2026-04-01,29.388989915626503,25.431914835351144,33.894086489524895,32.403630156822764,-3.0146402411962607,Tactical,True
2026-05-01,31.70831883853996,27.584038459685353,35.903456902689314,32.3811727839925,-0.6728539454525385,Tactical,True
2026-06-01,33.654321680050785,29.389084163973276,37.85198128731944,32.357966832067895,1.2963548479828915,Tactical,True
2022-01-01,23.950342838970755,19.541509179644013,28.826840258739487,18.76868313,5.181659708970756,Trivia,False
2022-02-01,16.494741015509458,12.055980633731261,21.105178952292764,18.774981395122378,-2.2802403796129203,Trivia,False
2022-03-01,19.696507820118725,15.161180950004004,24.25377780780728,18.780670150677363,0.9158376694413628,Trivia,False
2022-04-01,19.46918167754595,15.029838912731481,24.12209111368513,18.786968415756096,0.6822132617898562,Trivia,False
2022-05-01,17.714286596304042,13.147102093277976,22.46271476385191,18.79306351103739,-1.0787769147333455,Trivia,False
2022-06-01,15.44615694340722,10.884262847364312,19.7416192931791,18.799361776118914,-3.3532048327116946,Trivia,False
2022-07-01,18.220583882649382,13.728092174912415,22.776864243988015,18.805456871359098,-0.5848729887097144,Trivia,False
2022-08-01,17.547486553659333,13.023487018603245,21.955613824179814,18.811755136491644,-1.2642685828323104,Trivia,False
2022-09-01,19.730480524927852,15.101218765690898,24.4778053500335,18.818053401610257,0.9124271233175943,Trivia,False
2022-10-01,20.507810517968704,15.981889856005445,24.962091970456534,18.824148496886334,1.683662021082371,Trivia,False
2022-11-01,16.870693760114214,12.269798731978312,21.53924097159584,18.83044676198766,-1.9597530018734448,Trivia,False
2022-12-01,16.23886270689885,11.460736063021615,21.13600274362858,18.836541857282633,-2.597679150383785,Trivia,False
2023-01-01,21.92511069311605,17.327018196609735,26.56172733224988,18.842840122420775,3.082270570695274,Trivia,False
2023-02-01,16.844359435661826,11.940145397691163,21.11549105054564,18.84913838751181,-2.0047789518499846,Trivia,False
2023-03-01,20.36735626529497,15.783224646913412,24.679928714349153,18.854827143070295,1.5125291222246737,Trivia,False
2023-04-01,20.622369525443453,16.25366138447562,25.170227012766105,18.8611254081529,1.7612441172905506,Trivia,False
2023-05-01,16.394552034975874,11.542060830547491,20.960065286990492,18.867220503445566,-2.472668468469694,Trivia,False
2023-06-01,17.553925437943416,13.0814173523118,21.696408979183623,18.87351876853783,-1.3195933305944136,Trivia,False
2023-07-01,15.40852598451664,11.1576910042282,20.252823510876812,18.879613863788407,-3.4710878792717677,Trivia,False
2023-08-01,18.955755976174988,14.064335614731794,23.587119605637252,18.885912128915237,0.06984384725975003,Trivia,False
2023-09-01,18.957368845128034,14.467345184022832,23.468850686045627,18.892210394024072,0.06515845110396135,Trivia,False
2023-10-01,20.847399837041692,16.40570288233411,25.449041637925,18.89830548929069,1.9490943477510019,Trivia,False
2023-11-01,19.31935065344282,14.992162275077787,24.08603585956615,18.904603754364924,0.4147468990778975,Trivia,False
2023-12-01,15.336729519084892,10.806609706851217,19.758504893566716,18.910698849633803,-3.5739693305489104,Trivia,False
2024-01-01,19.907289597153053,15.343775267191369,24.37100988336986,18.916997114744976,0.9902924824080772,Trivia,False
2024-02-01,17.2367510015397,12.27144232150716,21.643027773645215,18.923295379821063,-1.68654437828136,Trivia,False
2024-03-01,18.69009405338767,14.379907467166444,23.235405031304467,18.929187305187405,-0.2390932517997329,Trivia,False
2024-04-01,17.395293951675146,12.78036224752965,22.049621018217604,18.935485570234185,-1.5401916185590374,Trivia,False
2024-05-01,20.64414431614398,16.092165856163664,25.17293614236914,18.941580665383068,1.7025636507609123,Trivia,False
2024-06-01,11.46472507938776,7.029336931666813,15.856162799067535,18.947878930357408,-7.483153850969648,Trivia,False
2024-07-01,24.12027738359668,19.30107808731398,28.556623271249773,18.953974025493867,5.166303358102812,Trivia,False
2024-08-01,15.112381649235857,10.467150524413848,19.368589216862922,18.960272290482997,-3.84789064124714,Trivia,False
2024-09-01,21.589989626479927,17.237411028838075,26.37995486866703,18.966570555472465,2.6234190710074605,Trivia,False
2024-10-01,20.23169505104955,15.177647120593264,24.753818511330458,18.972665650623565,1.2590294004259825,Trivia,False
2024-11-01,12.210465680898759,7.726230700050365,16.622870691320024,18.978963915575005,-6.768498234676246,Trivia,False
2024-12-01,18.157388459983064,13.406904729044982,22.633110822150492,18.985059010705783,-0.82767055072272,Trivia,False
2025-01-01,26.277159065095127,21.608035882064566,30.805378316044383,18.991357275674254,7.285801789420872,Trivia,False
2025-02-01,16.484444275802694,11.81267564446814,21.241165492101864,18.9976555406397,-2.513211264837005,Trivia,False
2025-03-01,19.334916621939545,14.750812792937463,24.084417712740212,19.00334429608335,0.33157232585619656,Trivia,False
2025-04-01,18.590968723187572,14.147784172626366,23.32185950546176,19.009642561038817,-0.4186738378512431,Trivia,False
2025-05-01,19.32897772005546,14.711136109968542,23.45151023442385,19.015737656157015,0.3132400638984437,Trivia,False
2025-06-01,13.613884302740207,9.009088769441108,18.03811137119593,19.022035921112487,-5.408151618372279,Trivia,False
2025-07-01,21.323249322758034,16.865620009144333,25.72151152721403,19.02813101623068,2.295118306527354,Trivia,False
2025-08-01,16.464096753167038,11.750398001508481,21.178960160297258,19.034429281186153,-2.5703325280191147,Trivia,False
2025-09-01,20.80610053288915,16.073376308406125,25.413642902481783,19.04072754614162,1.76537298674753,Trivia,False
2025-10-01,20.500192921113836,16.254464857919984,24.996499303757187,19.04682264125982,1.4533702798540153,Trivia,False
2025-11-01,14.698064948774821,10.090930439550354,19.208272947097576,19.05312090621529,-4.35505595744047,Trivia,False
2025-12-01,17.377318433647893,12.627769684323024,22.105469527161024,19.05921600133349,-1.6818975676855967,Trivia,False
2026-01-01,24.247173975293652,19.6845985520881,28.990471334005807,19.065514266288957,5.181659709004694,Trivia,True
2026-02-01,16.79157215162015,12.128229653782332,21.61672895821691,19.07181253124443,-2.280240379624279,Trivia,True
2026-03-01,19.993338956133428,15.7246717295052,24.66978268538198,19.07750128668808,0.9158376694453478,Trivia,True
2026-04-01,19.766012813430127,15.3249230065042,24.13815674488374,19.083799551643548,0.6822132617865786,Trivia,True
2026-05-01,18.011117732036798,13.27557466397388,22.667540763514175,19.089894646761746,-1.078776914724947,Trivia,True
2026-06-01,15.74298807902678,11.24327126417405,20.351121911939405,19.096192911717214,-3.3532048326904347,Trivia,True
2022-01-01,29.9105496000074,24.669535582211573,35.396283054603884,32.282687700000004,-2.372138099992603,Turn-Based Strategy (Tbs),False
2022-02-01,24.832448540362467,19.3423457766318,30.399869280917013,32.296570717562936,-7.464122177200469,Turn-Based Strategy (Tbs),False
2022-03-01,29.164075876239885,23.706418104843493,34.394126319305556,32.309110217357656,-3.1450343411177695,Turn-Based Strategy (Tbs),False
2022-04-01,25.793463115650155,20.383765293458264,31.544951418489205,32.32299323498752,-6.529530119337364,Turn-Based Strategy (Tbs),False
2022-05-01,27.959095916517118,22.94608446781743,33.46218249970059,32.33642841338798,-4.377332496870859,Turn-Based Strategy (Tbs),False
2022-06-01,30.29063165175383,25.063422551365182,35.82065107586063,32.35031143112269,-2.0596797793688597,Turn-Based Strategy (Tbs),False
2022-07-01,30.311920079389814,24.960699046496725,35.47843674329763,32.36374660957564,-2.0518265301858283,Turn-Based Strategy (Tbs),False
2022-08-01,31.562458553292686,26.280357076858664,37.27271220616278,32.377629627390895,-0.8151710740982085,Turn-Based Strategy (Tbs),False
2022-09-01,31.410278093921193,26.427676524792034,36.67805625408941,32.39151264506812,-0.9812345511469267,Turn-Based Strategy (Tbs),False
2022-10-01,29.223710482580536,24.068563482646915,34.14447860064616,32.40494782346543,-3.1812373408848913,Turn-Based Strategy (Tbs),False
2022-11-01,32.86563782318613,27.72847278497844,38.50748547531085,32.41883084104411,0.446806982142014,Turn-Based Strategy (Tbs),False
2022-12-01,29.582631939686774,24.420902626779537,34.97722304819725,32.43226601950468,-2.8496340798179083,Turn-Based Strategy (Tbs),False
2023-01-01,31.67536059115388,26.65414573799181,37.03202160760477,32.44614903724728,-0.7707884460934022,Turn-Based Strategy (Tbs),False
2023-02-01,27.86717616927877,22.443620412200197,33.59134846638938,32.460032055021,-4.592855885742232,Turn-Based Strategy (Tbs),False
2023-03-01,29.954223085166184,24.820155293489066,35.40678719425072,32.47257155502049,-2.5183484698543013,Turn-Based Strategy (Tbs),False
2023-04-01,23.41630893981185,18.06472571462637,28.408094307286753,32.48645457287706,-9.07014563306521,Turn-Based Strategy (Tbs),False
2023-05-01,25.67684062553098,20.392720554935902,31.061864864599812,32.499889751537694,-6.823049126006717,Turn-Based Strategy (Tbs),False
2023-06-01,32.66686952286376,26.910769221848557,37.67861852599765,32.51377276963546,0.1530967532283023,Turn-Based Strategy (Tbs),False
2023-07-01,31.091842417885836,25.75975455485928,36.45893183917865,32.52720794843974,-1.4353655305539013,Turn-Based Strategy (Tbs),False
2023-08-01,31.84513018143563,26.37712705977786,37.29619934048891,32.54109096680739,-0.6959607853717611,Turn-Based Strategy (Tbs),False
2023-09-01,32.82250750264778,27.295277282123912,37.7554508279512,32.554973985063256,0.2675335175845267,Turn-Based Strategy (Tbs),False
2023-10-01,26.83183307796374,21.72691671921415,32.41076899748362,32.568409164020544,-5.736576086056804,Turn-Based Strategy (Tbs),False
2023-11-01,36.17830269301307,30.915060392467215,41.78270478248075,32.58229218249653,3.5960105105165443,Turn-Based Strategy (Tbs),False
2023-12-01,24.403541859806587,19.051117888048672,29.67533567205305,32.595727361781286,-8.192185501974699,Turn-Based Strategy (Tbs),False
2024-01-01,33.55277904384668,28.399720490612516,38.911218737537624,32.609610380375535,0.9431686634711423,Turn-Based Strategy (Tbs),False
2024-02-01,30.91061687296978,25.502929524888334,36.45243248217054,32.623494001022046,-1.7128771280522648,Turn-Based Strategy (Tbs),False
2024-03-01,27.967996996652285,22.050590146202925,33.282006656391,32.636487383745624,-4.668490387093338,Turn-Based Strategy (Tbs),False
2024-04-01,31.04041024167236,25.499862084970385,36.213984438268554,32.65037686182944,-1.6099666201570813,Turn-Based Strategy (Tbs),False
2024-05-01,33.37753256642192,27.882002572010727,39.10902480763066,32.663818292793614,0.7137142736283086,Turn-Based Strategy (Tbs),False
2024-06-01,26.3775611027307,21.250872765307996,31.901188198679893,32.67770777155406,-6.300146668823362,Turn-Based Strategy (Tbs),False
2024-07-01,29.375203627247974,23.827760242088516,34.86465112575183,32.69114920261257,-3.315945575364598,Turn-Based Strategy (Tbs),False
2024-08-01,31.62899965830208,26.360051192216133,37.128969237961314,32.70503868154201,-1.0760390232399266,Turn-Based Strategy (Tbs),False
2024-09-01,29.1248467323152,23.681771839632905,34.54714048420223,32.71892816063974,-3.594081428324542,Turn-Based Strategy (Tbs),False
2024-10-01,34.67103752918566,29.03695922828185,40.054045823346115,32.73236959202465,1.938667937161012,Turn-Based Strategy (Tbs),False
2024-11-01,26.798049647347597,21.112566159674273,32.06256444413878,32.746259070996054,-5.948209423648455,Turn-Based Strategy (Tbs),False
2024-12-01,40.62880622032341,35.422285164005935,45.851318990071206,32.759700502125845,7.8691057181975665,Turn-Based Strategy (Tbs),False
2025-01-01,28.91400243504104,23.610982449291892,34.016567426726866,32.77358998095996,-3.859587545918919,Turn-Based Strategy (Tbs),False
2025-02-01,22.464982133833235,17.292313717490984,27.927840919224842,32.78747945983289,-10.322497325999652,Turn-Based Strategy (Tbs),False
2025-03-01,28.938028581331228,23.24436845247005,34.404212816830395,32.800024795607044,-3.861996214275817,Turn-Based Strategy (Tbs),False
2025-04-01,28.772257426271793,23.626535534393188,34.26694127329002,32.81391427449986,-4.0416568482280635,Turn-Based Strategy (Tbs),False
2025-05-01,30.96332008737485,25.752893230134408,36.67529479024274,32.82735570568646,-1.8640356183116062,Turn-Based Strategy (Tbs),False
2025-06-01,28.62985482787757,23.499854161727168,34.01272428302399,32.84124518457927,-4.211390356701702,Turn-Based Strategy (Tbs),False
2025-07-01,30.17549907116573,24.9056106526096,35.27853515426956,32.85468661576587,-2.6791875446001394,Turn-Based Strategy (Tbs),False
2025-08-01,31.926437813285233,26.587374530023425,37.27377754773342,32.86857609465869,-0.9421382813734605,Turn-Based Strategy (Tbs),False
2025-09-01,30.613691535595095,25.057599803148406,35.62490755576944,32.88246557355151,-2.2687740379564127,Turn-Based Strategy (Tbs),False
2025-10-01,32.273742058774836,26.75554234243299,37.918508396141206,32.8959070047381,-0.6221649459632637,Turn-Based Strategy (Tbs),False
2025-11-01,30.174696481506523,24.279538137058143,35.63202550426514,32.90979648363092,-2.735100002124398,Turn-Based Strategy (Tbs),False
2025-12-01,35.429051512677354,30.49789434736776,41.140922515159694,32.92323791481751,2.5058135978598446,Turn-Based Strategy (Tbs),False
2026-01-01,30.56498929370907,25.32239761362383,35.74856800441063,32.93712739371033,-2.3721381000012567,Turn-Based Strategy (Tbs),True
2026-02-01,25.486894695404082,19.876187984322687,30.606150443130865,32.95101687260315,-7.464122177199068,Turn-Based Strategy (Tbs),True
2026-03-01,29.818527867262183,24.304977160306855,34.89726971300211,32.963562208377304,-3.145034341115122,Turn-Based Strategy (Tbs),True
2026-04-01,26.44792156792873,21.053038917234293,31.81109146501437,32.977451687270126,-6.529530119341397,Turn-Based Strategy (Tbs),True
2026-05-01,28.613560621560787,23.448278399652917,33.86254312004082,32.990893118456725,-4.377332496895938,Turn-Based Strategy (Tbs),True
2026-06-01,30.945102817985706,25.461661700727195,36.60016560559499,33.00478259734954,-2.059679779363834,Turn-Based Strategy (Tbs),True
2022-01-01,126.9825857479637,116.9802697810124,137.0123013610374,124.44187214,2.540713607963692,Unique,False
2022-02-01,119.05767094444411,109.16960486735346,129.92409803185464,124.48189852363777,-5.424227579193657,Unique,False
2022-03-01,121.39267087763258,111.37737746126774,131.13807116443175,124.51805138281973,-3.125380505187151,Unique,False
2022-04-01,120.79075985425206,109.80173345236489,130.6821002280793,124.55807776262833,-3.767317908376276,Unique,False
2022-05-01,134.41518816099608,125.01329047563216,144.86990230171233,124.5968129551153,9.818375205880779,Unique,False
2022-06-01,127.52047379956788,117.28765474950833,137.74059478530302,124.63683932630875,2.883634473259134,Unique,False
2022-07-01,122.02166319886436,112.29460844213102,132.64630188202256,124.6755745242379,-2.6539113253735405,Unique,False
2022-08-01,130.00765322507814,119.88105853377218,139.58749103339773,124.71560088073493,5.292052344343221,Unique,False
2022-09-01,120.9895703417375,110.35700317506442,130.83999600658825,124.75562723453636,-3.766056892798859,Unique,False
2022-10-01,121.54912388014671,111.2965712121894,130.8345579815228,124.79436241563454,-3.2452385354878235,Unique,False
2022-11-01,115.93532817433199,105.2623419472101,126.10128041129511,124.83438878862201,-8.899060614290024,Unique,False
2022-12-01,128.3382800924179,117.60876744056567,139.18020567237326,124.87312399731412,3.4651560951037776,Unique,False
2023-01-01,123.99067502521734,113.8889168145043,134.72172044547563,124.91315037962933,-0.9224753544119922,Unique,False
2023-02-01,123.40159101036842,113.38898776377755,133.24580954258937,124.95317677010317,-1.5515857597347458,Unique,False
2023-03-01,126.28770422927123,115.67782558493047,136.09066933406118,124.9893296518783,1.2983745773929316,Unique,False
2023-04-01,114.12037694065938,104.2890447124542,124.01437823771906,125.02935605670072,-10.908979116041333,Unique,False
2023-05-01,136.25912715473473,125.87496094792252,146.16737954858107,125.06809129348078,11.191035861253964,Unique,False
2023-06-01,127.44266901209227,117.58182016251823,138.2733213346054,125.10811770920888,2.334551302883383,Unique,False
2023-07-01,120.12768216158774,110.33733722764066,130.92069980005584,125.14685295023608,-5.019170788648345,Unique,False
2023-08-01,135.48824023095895,125.4724575272233,145.96253078050665,125.18687934357239,10.301360887386567,Unique,False
2023-09-01,123.13358581204365,114.12917881157935,133.36981387698384,125.22690137966107,-2.093315567617423,Unique,False
2023-10-01,119.37938247353262,109.24374703017419,129.80187392857357,125.26563238232755,-5.886249908794941,Unique,False
2023-11-01,115.67699595990771,105.43787449036705,126.06126072336134,125.30550633800475,-9.628510378097026,Unique,False
2023-12-01,128.38160237327813,118.60283343087076,138.22378437985319,125.34376253932007,3.037839833958049,Unique,False
2024-01-01,121.09093508885019,111.28867647492515,130.84281438201484,125.3832939473459,-4.292358858495716,Unique,False
2024-02-01,127.84941111952027,117.83177045907505,137.24622057676152,125.42281495670917,2.4265961628110913,Unique,False
2024-03-01,113.03370660255175,102.10858692254523,122.98545138509206,125.45974835712398,-12.426041754572243,Unique,False
2024-04-01,135.78169296627263,125.91762353244373,145.67903713423016,125.49922888860189,10.282464077670742,Unique,False
2024-05-01,132.78571775323766,122.41432689407402,143.22363364548934,125.53743435072144,7.2482834025162255,Unique,False
2024-06-01,129.5549621179203,119.57549889929055,139.65014217166788,125.57684083740455,3.978121280515749,Unique,False
2024-07-01,127.9708318010348,118.2667905057336,137.66138010811375,125.61497614709789,2.355855653936913,Unique,False
2024-08-01,121.07524819361414,110.99130846162066,131.9315730380745,125.65424825092555,-4.579000057311405,Unique,False
2024-09-01,118.28775374403196,107.91864345579627,128.00639760406668,125.6935149801909,-7.405761236158932,Unique,False
2024-10-01,127.58095515381508,117.94468428336715,137.80180418605403,125.73151504077025,1.8494401130448306,Unique,False
2024-11-01,118.3573128425343,108.73737441195782,128.98874206748158,125.77078177352817,-7.413468930993865,Unique,False
2024-12-01,130.12087254308102,120.28920427505717,140.65815797558793,125.80878182305719,4.312090720023821,Unique,False
2025-01-01,131.9422971234854,122.68807148019687,142.65685186835157,125.84804854090385,6.094248582581532,Unique,False
2025-02-01,116.70090185106655,106.80338175886723,127.64173667903566,125.88731526762311,-9.186413416556556,Unique,False
2025-03-01,118.22109002724463,108.46034195197643,127.71068183477384,125.92278199049878,-7.701691963254147,Unique,False
2025-04-01,129.26073224482923,119.36977095088959,139.52234535500972,125.96204871939682,3.2986835254324047,Unique,False
2025-05-01,134.50441766374328,124.76198500929466,144.6462666895266,126.00004877962077,8.504368884122512,Unique,False
2025-06-01,129.47123126001026,119.61565016430417,139.75943453038528,126.03931550851883,3.4319157514914447,Unique,False
2025-07-01,125.88222179505416,115.7667948643217,135.51903018610145,126.07731556874275,-0.19509377368857772,Unique,False
2025-08-01,126.44660648048477,115.8075650000367,136.52456547122682,126.1165822976408,0.33002418284397084,Unique,False
2025-09-01,120.61799583390311,110.05377642321068,130.17654940996158,126.15584902653886,-5.537853192635753,Unique,False
2025-10-01,125.52812191655705,115.05764024041804,135.49114017953116,126.1938490867628,-0.6657271702057357,Unique,False
2025-11-01,118.07304814279603,107.89247681914081,128.400542994682,126.23311581566085,-8.160067672864827,Unique,False
2025-12-01,130.16160543950784,119.7439097637894,140.1034589456422,126.27111587588477,3.8904895636230536,Unique,False
2026-01-01,128.8510962127719,118.63074900377664,138.77972451875632,126.31038260478284,2.5407136079890433,Unique,True
2026-02-01,120.92542175449982,110.95919097169869,131.33851849683,126.34964933368089,-5.42422757918107,Unique,True
2026-03-01,123.25973555138339,113.18980069822798,132.88649547739777,126.38511605655656,-3.1253805051731707,Unique,True
2026-04-01,122.65706487704945,112.7779844692511,132.3133273304759,126.42438278545463,-3.767317908405169,Unique,True
2026-05-01,136.28075805156405,125.86207946026701,146.40684468799807,126.46238284567855,9.818375205885504,Unique,True
2026-06-01,129.38528404784628,119.10852384596573,138.78165651440173,126.5016495745766,2.883634473269682,Unique,True
2022-01-01,210.9006654154458,197.91773949735895,223.93823032131874,207.76406355,3.136601865445795,Unknown,False
2022-02-01,181.9148495655013,168.58893978518537,194.55523985824712,207.67498352035594,-25.760133954854652,Unknown,False
2022-03-01,211.51414461198829,198.23569858081174,224.93944425500968,207.59452413196024,3.919620480028057,Unknown,False
2022-04-01,196.67316380894619,184.50233768223669,210.3534373046517,207.50544409480784,-10.832280285861659,Unknown,False
2022-05-01,224.45622459523446,211.9344153680742,237.42460495178724,207.4192376081324,17.03698698710206,Unknown,False
2022-06-01,209.6063167627713,196.80992243699504,223.14595732244618,207.3301575639728,2.2761591987985343,Unknown,False
2022-07-01,212.15445006812215,199.96775754636676,224.99723777490004,207.24395106962473,4.910498998497428,Unknown,False
2022-08-01,217.76694809504733,204.8748438265316,229.82748424191993,207.15487102773764,10.612077067309684,Unknown,False
2022-09-01,204.0493718123423,191.22648702929493,216.3963697135103,207.06579098381897,-3.0164191714766955,Unknown,False
2022-10-01,219.01608563001088,206.26640409814078,232.3700339512089,206.9795844897041,12.03650114030677,Unknown,False
2022-11-01,209.51574459375212,196.90302296355287,222.34211966904564,206.8905044401878,2.625240153564299,Unknown,False
2022-12-01,200.31256093614763,186.45846212576794,212.93516966201557,206.80420453228666,-6.491643596139017,Unknown,False
2023-01-01,206.76112525509458,193.53879604912214,219.13539374262297,206.71502796078883,0.04609729430575238,Unknown,False
2023-02-01,182.65308193481286,169.14564816391706,196.5511512313247,206.6257999801822,-23.97271804536934,Unknown,False
2023-03-01,218.34440317313118,205.28242214918262,231.16019102535557,206.54517135469177,11.799231818439418,Unknown,False
2023-04-01,182.05610583315166,169.34261482876553,193.90185321617076,206.4559039478988,-24.399798114747153,Unknown,False
2023-05-01,223.5773289038826,211.27340210602566,236.14177045115275,206.3694113727649,17.207917531117705,Unknown,False
2023-06-01,213.23159842680843,199.8152114838951,225.4663539272702,206.2800357021099,6.951562724698533,Unknown,False
2023-07-01,210.2361852527965,196.18102121883558,222.33468932970322,206.19354311760506,4.042642135191445,Unknown,False
2023-08-01,223.3533387007188,210.27212653236396,236.35672537458305,206.10412446775464,17.249214232964164,Unknown,False
2023-09-01,200.93198905300986,188.91957934770392,214.29059425567343,206.01470580968046,-5.082716756670617,Unknown,False
2023-10-01,209.7998895177867,196.67896205190866,222.69506682707018,205.92817162444743,3.8717178933392926,Unknown,False
2023-11-01,211.500205549862,199.87285881741315,224.60716211996984,205.83862544436533,5.66158010549666,Unknown,False
2023-12-01,202.02052519671284,188.93434466418125,214.01580590215576,205.75144172672165,-3.7309165300087987,Unknown,False
2024-01-01,202.62702661104353,190.38449978707092,216.63866435600852,205.66135188515653,-3.0343252741129882,Unknown,False
2024-02-01,183.49480363438676,170.27907600574238,196.5760101255878,205.5712304839976,-22.076426849610833,Unknown,False
2024-03-01,192.95422840050404,179.59704087363858,205.77817682310618,205.48477101787384,-12.530542617369813,Unknown,False
2024-04-01,221.3556596042557,209.11125478363232,233.9759151215283,205.39234882994845,15.96331077430724,Unknown,False
2024-05-01,222.6655976933759,210.06504789372877,235.6515392704565,205.30140035053978,17.36419734283613,Unknown,False
2024-06-01,198.3678970792839,185.4065249539318,210.70025255028008,205.20531933153148,-6.8374222522475945,Unknown,False
2024-07-01,211.8272893176008,198.54337267300218,225.1069058158921,205.1123377002331,6.714951617367702,Unknown,False
2024-08-01,202.12139748913518,189.82222454060908,214.42836416498753,205.01587266741012,-2.8944751782749396,Unknown,False
2024-09-01,205.42352908500843,192.23533788864938,218.09006389270183,204.91694269145603,0.5065863935523842,Unknown,False
2024-10-01,233.33380181044754,221.59950667702955,246.365495904201,204.8212040050488,28.512597805398748,Unknown,False
2024-11-01,201.74073429480927,189.20013459424075,214.80033073728666,204.72227373369242,-2.9815394388831535,Unknown,False
2024-12-01,192.5526242991773,179.2439500532674,205.9009699458076,204.62653475940544,-12.073910460228161,Unknown,False
2025-01-01,210.7629500812054,198.87953094301767,223.3157793326264,204.52760448597562,6.235345595229777,Unknown,False
2025-02-01,176.99362495502476,164.87453185798705,189.97531256470288,204.42867420207008,-27.435049247045328,Unknown,False
2025-03-01,200.14694884250028,187.21037611824178,212.40959074656263,204.3393178096373,-4.192368967137006,Unknown,False
2025-04-01,206.86704000895674,193.53476911243789,219.50838653608665,204.24038751801527,2.62665249094148,Unknown,False
2025-05-01,221.23453903240477,209.46437457711156,234.5936799540074,204.14464852612298,17.0898905062818,Unknown,False
2025-06-01,201.72389288486232,188.87563874967668,214.29414389619743,204.04571823450092,-2.321825349638595,Unknown,False
2025-07-01,209.7504034212982,196.3947930803356,221.96962866522014,203.94997924260863,5.800424178689562,Unknown,False
2025-08-01,207.74617692132637,195.2569161611038,220.16100278103275,203.85104895098664,3.8951279703397335,Unknown,False
2025-09-01,202.59961626512728,189.64143440166606,215.0713934810254,203.75211865936458,-1.1525023942373085,Unknown,False
2025-10-01,223.90969452992866,211.37016933836367,237.66273040199167,203.6563796674723,20.253314862456357,Unknown,False
2025-11-01,203.30123348389702,190.67341289271562,216.7379705433446,203.55744937585027,-0.25621589195323713,Unknown,False
2025-12-01,194.18800120744302,181.7173559896578,206.74574685800434,203.46171038395798,-9.273709176514954,Unknown,False
2026-01-01,206.4993819578147,194.3226184902849,219.22465832707334,203.36278009233592,3.136601865478782,Unknown,True
2026-02-01,177.503715845901,164.01243804009465,190.45384222227239,203.26384980071393,-25.760133954812925,Unknown,True
2026-03-01,207.09411388835818,193.909330434884,219.48582837144352,203.1744934082811,3.9196204800770613,Unknown,True
2026-04-01,192.2432828307336,180.8719525051286,205.67823802846817,203.07556311665908,-10.8322802859255,Unknown,True
2026-05-01,220.0168111118839,207.42555588332334,231.8240969113166,202.9798241247668,17.036986987117107,Unknown,True
2026-06-01,205.157053031956,191.93013111381987,217.66274879088652,202.88089383314477,2.27615919881124,Unknown,True
2022-01-01,33.60961197002282,29.102760359650183,38.28602432823906,30.0960756,3.5135363700228197,Visual Novel,False
2022-02-01,31.553019940264022,27.116894752278377,35.689237901018096,29.983871779615384,1.5691481606486368,Visual Novel,False
2022-03-01,36.89956109643301,32.721189133537976,41.224640096738455,29.882526393588734,7.017034702844279,Visual Novel,False
2022-04-01,23.31174438419469,19.070104969782275,27.549568996404567,29.77032257334494,-6.458578189150254,Visual Novel,False
2022-05-01,33.4671016011754,29.318213221508277,37.68031781476359,29.661738231044666,3.805363370130732,Visual Novel,False
2022-06-01,27.64491968478695,23.28649128021776,31.961918155526465,29.54953441053311,-1.9046147257461599,Visual Novel,False
2022-07-01,33.83623346494066,29.428662591253048,38.43014639755157,29.440950068102566,4.3952833968380975,Visual Novel,False
2022-08-01,28.355004148802582,23.62427455714379,32.47979161306405,29.32874624792341,-0.9737420991208284,Visual Novel,False
2022-09-01,28.010686348701455,23.85899959440216,32.24253724305827,29.21654242795634,-1.205856079254887,Visual Novel,False
2022-10-01,32.787122728196515,28.532432917439795,37.00256101948189,29.107958086052733,3.6791646421437796,Visual Novel,False
2022-11-01,31.454980024392178,27.07414551730683,35.61659005723071,28.99575426622031,2.4592257581718693,Visual Novel,False
2022-12-01,31.354769491268847,27.187405492898215,35.41836669814111,28.887169924593987,2.4675995666748602,Visual Novel,False
2023-01-01,34.651937264432014,30.115881951580718,38.74732215881149,28.774966104913446,5.876971159518569,Visual Novel,False
2023-02-01,26.688299693501193,22.618209046506454,31.12668611154879,28.66276228551568,-1.9744625920144865,Visual Novel,False
2023-03-01,33.072717813678935,28.68024522156333,37.259755671002,28.56141690042857,4.511300913250364,Visual Novel,False
2023-04-01,23.84355751976628,19.698849137934445,28.027858023415313,28.449213081224975,-4.605655561458695,Visual Novel,False
2023-05-01,34.1232456390139,29.774658963364338,38.524115848203564,28.340628740262623,5.782616898751279,Visual Novel,False
2023-06-01,26.622859369591914,22.105551293462806,30.873721305977128,28.22842492135092,-1.6055655517590073,Visual Novel,False
2023-07-01,34.11294553050409,29.57829508527499,38.41469384466325,28.119840580468633,5.993104950035455,Visual Novel,False
2023-08-01,25.146722650790586,20.81720488048763,29.353122234966143,28.007650315060857,-2.860927664270272,Visual Novel,False
2023-09-01,23.327666076402487,19.02316219417897,27.407050462260976,27.895460058491974,-4.567793982089486,Visual Novel,False
2023-10-01,31.776742718870793,27.468190949205233,36.14069611245167,27.786888842457564,3.9898538764132296,Visual Novel,False
2023-11-01,31.707527674926013,27.47687810109841,35.993930383902125,27.67496427298421,4.032563401941806,Visual Novel,False
2023-12-01,32.25679158358178,27.953686001060202,36.62453828066496,27.56667391808687,4.690117665494912,Visual Novel,False
2024-01-01,35.58276396043391,31.14688257001268,39.9181286019075,27.454773884692948,8.127990075740957,Visual Novel,False
2024-02-01,21.74014788614039,17.37524483270953,25.970932015514947,27.34304596222378,-5.602898076083389,Visual Novel,False
2024-03-01,39.51238908750723,35.24247873458072,43.96122103426506,27.238682757872844,12.273706329634383,Visual Novel,False
2024-04-01,17.25063271016012,13.073031096782913,21.4746795223378,27.127122091152874,-9.876489380992757,Visual Novel,False
2024-05-01,26.86336585415521,22.76901956548718,30.897037913009562,27.01925810975763,-0.15589225560242143,Visual Novel,False
2024-06-01,24.34152334986375,20.21047137884682,28.397431910774056,26.907860210870897,-2.5663368610071475,Visual Novel,False
2024-07-01,27.80251638191611,23.73558509588341,31.88166915426303,26.80005579259342,1.0024605893226912,Visual Novel,False
2024-08-01,29.256791500618018,25.03794305838424,33.849249780956946,26.68865940027625,2.568132100341767,Visual Novel,False
2024-09-01,32.180092693750154,28.016961260161484,36.46824261819,26.577485709758733,5.602606983991422,Visual Novel,False
2024-10-01,29.806459227032207,25.282780843203632,33.89741509044862,26.46989826732243,3.3365609597097756,Visual Novel,False
2024-11-01,25.842359569025195,21.52053939018426,29.987653330180724,26.358724730530263,-0.5163651615050668,Visual Novel,False
2024-12-01,24.238405959377687,19.825295856710955,28.458354618522854,26.251137572142802,-2.0127316127651143,Visual Novel,False
2025-01-01,27.180058251810248,22.798820695470933,31.52801962787739,26.139964175142424,1.0400940766678246,Visual Novel,False
2025-02-01,31.052451169044115,26.852939103555787,35.12052371418597,26.02879077910843,5.023660389935684,Visual Novel,False
2025-03-01,35.534095400774675,31.03222805580903,40.07496872247829,25.92837610334609,9.605719297428589,Visual Novel,False
2025-04-01,17.601109130184685,13.742515150300294,21.70381865673967,25.817202712323496,-8.21609358213881,Visual Novel,False
2025-05-01,27.534408202330503,23.105150321730537,31.721402290386575,25.709615559720984,1.8247926426095187,Visual Novel,False
2025-06-01,23.373010187880276,19.024226887436082,27.51922018665585,25.598442168698387,-2.225431980818112,Visual Novel,False
2025-07-01,28.22210676279073,23.78283469634177,32.43710230980642,25.49085501609588,2.731251746694851,Visual Novel,False
2025-08-01,26.216563798077914,21.560218302563072,30.2885136729346,25.37968162507328,0.8368821730046322,Visual Novel,False
2025-09-01,27.454339007375516,23.38798407518484,31.540519874461026,25.26850823405069,2.185830773324827,Visual Novel,False
2025-10-01,28.622382876503448,24.502844469240024,33.0777319509514,25.16092108144818,3.4614617950552673,Visual Novel,False
2025-11-01,25.991803405439867,21.727038039896016,30.29773716156569,25.04974769042558,0.9420557150142883,Visual Novel,False
2025-12-01,25.1741707215752,21.16799698451216,29.37729488209921,24.94216053782307,0.23201018375213017,Visual Novel,False
2026-01-01,28.344523516801573,24.092097987124454,32.5633679579868,24.830987146800478,3.5135363700010966,Visual Novel,True
2026-02-01,26.288961916425023,21.87614852069266,30.638436182776445,24.71981375577788,1.569148160647143,Visual Novel,True
2026-03-01,31.63643378285549,27.310989762004247,35.96321935221321,24.619399080015537,7.017034702839953,Visual Novel,True
2026-04-01,18.04964749985124,13.78496932524655,22.532232485724293,24.508225688992944,-6.458578189141706,Visual Novel,True
2026-05-01,28.20600190653719,24.145674321066096,32.60328562066285,24.400638536390435,3.805363370146753,Visual Novel,True
2026-06-01,22.384850419600706,17.94514758514749,26.826073928408753,24.28946514536784,-1.904614725767133,Visual Novel,True
2022-01-01,462.9118317563791,448.43252167506836,478.03276221863746,464.36430876,-1.452477003620828,RPG,False
2022-02-01,409.0386055725781,394.78387128306645,423.63340028584577,464.55934330192724,-55.52073772934917,RPG,False
2022-03-01,468.3341678624573,453.9331563095626,482.2907713881256,464.7355035281267,3.598664334330608,RPG,False
2022-04-01,451.33704680265004,436.11778628550553,466.0147695423445,464.93053806427605,-13.59349126162602,RPG,False
2022-05-01,470.82810409934314,456.36717649113876,484.96229012487385,465.11928116057686,5.708822938766302,RPG,False
2022-06-01,440.4581774577424,426.591693624019,454.59805881619917,465.31431569098726,-24.85613823324486,RPG,False
2022-07-01,464.78397885505393,450.2741566067598,478.41698189831885,465.5030587849327,-0.7190799298787922,RPG,False
2022-08-01,471.558997212204,456.93976530770937,486.7427321505146,465.6980933233375,5.86090388886654,RPG,False
2022-09-01,468.99243602855336,455.04748090262376,483.26924277353993,465.89312785998226,3.0993081685711257,RPG,False
2022-10-01,463.3551798309461,449.0128812047723,478.699899847153,466.08187095996107,-2.7266911290149416,RPG,False
2022-11-01,458.4683906378384,443.6118631790493,471.9930602092394,466.27690548679146,-7.808514848953051,RPG,False
2022-12-01,455.1097470148596,439.94045968415435,469.49675969449163,466.46564856971895,-11.355901554859393,RPG,False
2023-01-01,464.5152020788986,449.43414191410915,479.4350818070169,466.66068308874395,-2.1454810098453487,RPG,False
2023-02-01,414.56503035263336,400.8857082235419,429.36633636326684,466.85571760523254,-52.290687252599184,RPG,False
2023-03-01,465.8402111375916,451.29441334950667,480.4439866608045,467.03187781249125,-1.1916666748996572,RPG,False
2023-04-01,455.26367792214995,440.05100880902273,470.0631339684473,467.22691232767045,-11.963234405520517,RPG,False
2023-05-01,475.2865646815588,460.90610694708147,489.663587497909,467.4156553987068,7.870909282852003,RPG,False
2023-06-01,447.5769282784303,433.3884660162811,461.443940855022,467.61068990941686,-20.033761630986575,RPG,False
2023-07-01,456.54717047200324,441.80527670265906,469.6316223204334,467.79943298429754,-11.25226251229431,RPG,False
2023-08-01,479.80449085745295,465.4332253431778,494.8776053766784,467.9944674960454,11.810023361407534,RPG,False
2023-09-01,474.3216608804116,458.63386299160686,488.2998066538476,468.18950200124624,6.132158879165398,RPG,False
2023-10-01,449.10415127100725,433.99319444504874,463.3501507848529,468.37824507079546,-19.274093799788215,RPG,False
2023-11-01,484.4540650738593,469.4493506562432,499.27124961765537,468.57277065876076,15.88129441509853,RPG,False
2023-12-01,445.5554715434738,431.3974999994047,459.8373724627227,468.75651221766344,-23.201040674189652,RPG,False
2024-01-01,466.2005399507424,452.5679757512134,480.75819262103136,468.9463784951963,-2.7458385444539117,RPG,False
2024-02-01,420.06630980904794,406.2436609964532,434.4559460935359,469.12457436712884,-49.05826455808091,RPG,False
2024-03-01,482.12086658951915,468.22596589207916,496.8625122748324,468.9391341376731,13.181732451846068,RPG,False
2024-04-01,452.2070796986537,437.41130951126047,467.4228473738471,468.7409049268755,-16.533825228221822,RPG,False
2024-05-01,469.9681057000996,455.4193524361669,484.65780566641405,468.5457106277198,1.4223950723798244,RPG,False
2024-06-01,433.3931769016987,419.1267938892379,447.53475885871245,468.32706360973197,-34.93388670803325,RPG,False
2024-07-01,488.4630191639818,473.5374725781021,502.70978925632085,468.11546972135665,20.347549442625155,RPG,False
2024-08-01,462.20853332529896,448.4751883203322,477.8108367831723,467.887808221976,-5.67927489667705,RPG,False
2024-09-01,463.40126385797083,449.3328875728321,477.7412392204377,466.9173102588191,-3.5160464008482877,RPG,False
2024-10-01,497.06532647292113,482.80989834476037,512.1948403204552,465.9781186815705,31.08720779135065,RPG,False
2024-11-01,410.0616617152754,396.8948336199051,424.63827153716,465.00416987481145,-54.94250815953604,RPG,False
2024-12-01,475.6054365383342,461.3206279070482,490.78177373740607,464.0589441632238,11.54649237511037,RPG,False
2025-01-01,462.41226825898656,447.8384854228743,476.3369956259359,463.0822109279166,-0.6699426689300663,RPG,False
2025-02-01,403.3589311475422,388.94664040615464,418.0318503339216,462.1051879899236,-58.7462568423814,RPG,False
2025-03-01,469.61391948992633,456.1181131484,484.015454030788,461.2227156509253,8.391203839001056,RPG,False
2025-04-01,445.1282541622086,431.2238657391354,459.15241041659294,460.2456927041772,-15.117438541968603,RPG,False
2025-05-01,462.8581066903822,448.0128222347386,477.610803958941,459.3001866266791,3.557920063703132,RPG,False
2025-06-01,428.49900842301327,414.5239885984586,442.3624534038742,458.323163679931,-29.824155256917724,RPG,False
2025-07-01,467.19494289114016,452.95084224553943,482.1877712408679,457.3776576024328,9.81728528870733,RPG,False
2025-08-01,456.43036518344786,441.52251682732293,470.6027728432962,456.4006346556847,0.029730527763157127,RPG,False
2025-09-01,455.3065352876699,441.4425227866751,469.84977604045565,455.4236117089366,-0.11707642126676016,RPG,False
2025-10-01,468.542620608868,454.55803091151097,482.861841763369,454.47810563143844,14.064514977429546,RPG,False
2025-11-01,422.07791359651526,406.9460623782609,435.86329225382946,453.50108268469035,-31.42316908817507,RPG,False
2025-12-01,452.78471116836613,438.1951169228119,467.7693974293713,452.5555766071922,0.22913456117390862,RPG,False
2026-01-01,450.12607665683436,435.5180769649164,463.9131346729126,451.57855366044413,-1.452477003609767,RPG,True
2026-02-01,395.08079298427367,380.10654126926255,409.6303516439784,450.60153071369604,-55.520737729422336,RPG,True
2026-03-01,453.31772270901195,438.36824879544866,468.5925999727228,449.71905837469774,3.5986643343141886,RPG,True
2026-04-01,435.14854416628776,420.18677763258734,449.8761942994952,448.74203542794965,-13.593491261661876,RPG,True
2026-05-01,453.50535228921575,438.4121111165885,467.1168828192442,447.7965293504515,5.70882293876424,RPG,True
2026-06-01,421.96336817041316,408.143699221859,437.38967151103725,446.81950640370343,-24.856138233290267,RPG,True
